student_id,gender,department,attendance,internal_marks,assignment_score,previous_cgpa,backlogs,study_hours,at_risk,prediction
S00003,Female,Computer,82,55,65,8.94,0,4.4,0,Not At Risk
S00007,Female,Computer,78,97,72,8.96,0,6.0,0,Not At Risk
S00009,Male,Computer,85,80,72,6.73,0,4.1,0,Not At Risk
S00014,Female,Computer,75,84,55,9.84,0,7.9,0,Not At Risk
S00020,Female,Computer,79,92,69,6.53,0,4.1,0,Not At Risk
S00024,Female,Computer,77,89,83,6.99,0,4.4,0,Not At Risk
S00030,Male,AI,70,81,97,8.54,0,7.7,0,Not At Risk
S00036,Female,AI,68,60,95,7.98,0,3.2,0,Not At Risk
S00046,Female,Computer,99,98,97,7.19,1,3.3,0,Not At Risk
S00047,Female,AI,72,74,87,7.58,1,4.6,0,Not At Risk
S00048,Female,AI,58,56,59,6.15,1,2.8,1,At Risk
S00050,Female,AI,95,65,97,6.8,0,3.5,0,Not At Risk
S00052,Male,IT,77,100,99,7.84,1,4.2,0,Not At Risk
S00056,Female,IT,80,95,72,9.18,1,6.1,0,Not At Risk
S00063,Female,Computer,76,58,71,7.83,0,5.3,0,Not At Risk
S00070,Male,AI,65,81,86,6.87,0,6.2,0,Not At Risk
S00078,Female,Computer,51,45,42,6.29,3,1.6,1,At Risk
S00101,Female,AI,96,64,83,8.39,0,4.7,0,Not At Risk
S00113,Female,IT,57,53,57,5.95,3,1.9,1,At Risk
S00117,Female,AI,54,45,61,5.15,1,3.4,1,At Risk
S00118,Female,AI,82,65,71,9.7,1,7.8,0,Not At Risk
S00119,Female,AI,72,84,59,6.99,0,7.3,0,Not At Risk
S00130,Male,AI,73,55,77,9.26,0,5.9,0,Not At Risk
S00132,Female,AI,93,87,69,9.81,0,6.6,0,Not At Risk
S00153,Female,Computer,71,70,82,8.56,0,5.0,0,Not At Risk
S00161,Female,Computer,86,100,60,8.27,0,3.2,0,Not At Risk
S00165,Female,Computer,70,74,90,7.82,0,7.1,0,Not At Risk
S00169,Male,AI,91,78,98,9.02,1,6.1,0,Not At Risk
S00172,Male,AI,88,90,61,8.99,0,4.4,0,Not At Risk
S00184,Female,Computer,67,67,57,7.6,0,5.6,0,Not At Risk
S00190,Female,IT,68,59,97,8.73,0,5.6,0,Not At Risk
S00205,Male,AI,66,86,95,8.41,0,5.4,0,Not At Risk
S00212,Male,Computer,81,78,80,7.78,1,3.3,0,Not At Risk
S00220,Male,Computer,72,67,56,8.04,1,3.8,0,Not At Risk
S00225,Female,IT,74,73,57,7.51,0,4.7,0,Not At Risk
S00241,Male,Computer,97,67,91,8.38,0,4.6,0,Not At Risk
S00255,Male,AI,79,74,100,7.01,1,7.6,0,Not At Risk
S00259,Female,IT,65,68,67,9.87,0,6.7,0,Not At Risk
S00262,Female,Computer,91,57,91,9.52,0,3.1,0,Not At Risk
S00264,Female,IT,96,96,86,8.11,0,3.8,0,Not At Risk
S00267,Female,Computer,95,97,86,6.56,1,3.1,0,Not At Risk
S00269,Male,AI,51,54,68,5.3,2,1.8,1,At Risk
S00289,Male,IT,90,78,62,9.76,0,6.0,0,Not At Risk
S00292,Female,Computer,95,92,80,8.37,1,5.7,0,Not At Risk
S00293,Female,AI,99,93,95,9.7,0,6.8,0,Not At Risk
S00297,Male,IT,58,64,40,5.03,3,1.4,1,At Risk
S00299,Female,IT,46,60,42,4.85,2,2.9,1,At Risk
S00311,Male,IT,52,52,53,5.14,2,2.7,1,At Risk
S00313,Male,AI,78,82,61,9.08,0,4.5,0,Not At Risk
S00324,Male,IT,92,67,99,9.68,0,3.8,0,Not At Risk
S00336,Male,Computer,65,71,68,6.64,0,7.7,0,Not At Risk
S00338,Male,IT,47,51,48,6.75,1,2.6,1,At Risk
S00342,Female,Computer,82,62,56,7.67,1,4.4,0,Not At Risk
S00349,Male,IT,96,67,89,9.16,0,3.8,0,Not At Risk
S00369,Male,Computer,89,77,66,7.12,0,7.0,0,Not At Risk
S00377,Male,Computer,79,95,91,6.86,1,3.7,0,Not At Risk
S00383,Male,IT,95,100,56,8.01,0,6.0,0,Not At Risk
S00397,Male,IT,87,81,71,7.84,1,5.9,0,Not At Risk
S00410,Female,AI,61,56,58,5.92,3,2.8,1,At Risk
S00417,Female,IT,86,78,71,8.55,1,7.3,0,Not At Risk
S00427,Male,IT,81,89,94,6.67,0,6.3,0,Not At Risk
S00428,Male,Computer,91,83,79,6.93,0,5.4,0,Not At Risk
S00436,Male,AI,86,77,83,9.84,0,7.4,0,Not At Risk
S00444,Female,IT,69,86,75,7.34,0,3.3,0,Not At Risk
S00448,Female,Computer,94,76,90,9.19,1,6.6,0,Not At Risk
S00451,Male,Computer,57,41,64,6.45,1,3.2,1,At Risk
S00464,Female,Computer,88,92,89,9.08,0,6.9,0,Not At Risk
S00472,Female,IT,72,79,71,8.39,0,3.1,0,Not At Risk
S00474,Male,Computer,69,52,69,4.81,1,1.6,1,At Risk
S00477,Male,IT,79,71,81,7.86,1,5.2,0,Not At Risk
S00480,Female,IT,66,85,65,8.37,0,6.7,0,Not At Risk
S00485,Male,IT,68,53,66,6.7,2,1.4,1,At Risk
S00490,Male,AI,68,63,39,6.25,1,3.5,1,At Risk
S00497,Male,IT,88,92,96,9.64,0,5.6,0,Not At Risk
S00504,Male,Computer,74,92,66,8.68,0,3.8,0,Not At Risk
S00505,Female,IT,69,69,79,7.85,0,3.1,0,Not At Risk
S00507,Male,AI,65,98,96,8.01,1,4.9,0,Not At Risk
S00512,Female,AI,82,98,80,9.14,1,5.8,0,Not At Risk
S00513,Female,Computer,100,85,71,9.96,0,6.9,0,Not At Risk
S00515,Male,Computer,86,90,94,8.94,0,3.8,0,Not At Risk
S00518,Male,Computer,93,55,67,9.48,0,4.0,0,Not At Risk
S00519,Male,AI,46,46,50,6.11,1,1.3,1,At Risk
S00537,Male,Computer,73,95,88,8.37,0,6.9,0,Not At Risk
S00549,Female,AI,100,83,63,9.89,0,6.0,0,Not At Risk
S00555,Male,IT,65,42,68,6.33,3,3.4,1,At Risk
S00558,Male,Computer,66,66,61,7.49,0,6.6,0,Not At Risk
S00572,Female,AI,45,54,58,6.35,1,2.0,1,At Risk
S00577,Male,AI,70,84,95,6.71,1,7.1,0,Not At Risk
S00581,Female,Computer,50,52,60,5.81,3,1.5,1,At Risk
S00582,Female,IT,100,75,78,7.94,1,7.1,0,Not At Risk
S00584,Female,IT,65,57,73,8.59,0,8.0,0,Not At Risk
S00589,Male,IT,92,81,62,9.54,0,6.7,0,Not At Risk
S00591,Male,IT,79,64,58,8.86,1,7.9,0,Not At Risk
S00593,Male,AI,70,80,87,8.02,0,6.8,0,Not At Risk
S00597,Male,IT,93,94,64,8.04,0,4.0,0,Not At Risk
S00603,Male,IT,89,69,79,8.28,0,7.5,0,Not At Risk
S00613,Female,AI,79,93,69,7.31,0,4.8,0,Not At Risk
S00617,Female,IT,89,75,80,8.64,0,5.6,0,Not At Risk
S00628,Female,AI,78,58,66,7.02,0,3.2,0,Not At Risk
S00630,Male,AI,100,66,84,9.12,0,7.7,0,Not At Risk
S00633,Male,Computer,98,60,85,9.03,0,5.1,0,Not At Risk
S00635,Male,AI,83,67,55,6.91,1,6.1,0,Not At Risk
S00642,Female,IT,75,91,93,7.86,0,7.3,0,Not At Risk
S00646,Female,IT,48,61,68,6.15,1,1.6,1,At Risk
S00649,Female,AI,85,67,67,7.5,0,6.9,0,Not At Risk
S00653,Male,Computer,70,82,80,7.13,1,6.1,0,Not At Risk
S00660,Male,AI,92,91,76,8.41,0,3.9,0,Not At Risk
S00671,Female,AI,61,48,70,6.44,2,2.1,1,At Risk
S00672,Male,IT,96,70,100,8.26,1,7.6,0,Not At Risk
S00674,Male,Computer,98,72,84,8.31,0,4.2,0,Not At Risk
S00696,Male,AI,67,97,79,7.43,0,7.5,0,Not At Risk
S00697,Male,AI,96,85,82,7.91,0,5.7,0,Not At Risk
S00707,Male,IT,69,61,62,8.24,0,3.3,0,Not At Risk
S00711,Male,Computer,70,55,55,7.13,0,6.5,0,Not At Risk
S00715,Male,IT,78,72,58,7.18,0,6.4,0,Not At Risk
S00717,Female,IT,94,57,61,9.09,0,3.8,0,Not At Risk
S00722,Male,Computer,68,72,63,6.89,1,5.3,0,Not At Risk
S00729,Male,IT,73,100,80,7.15,0,6.1,0,Not At Risk
S00741,Male,IT,53,42,65,5.54,2,3.3,1,At Risk
S00745,Male,IT,75,89,74,6.93,0,5.0,0,Not At Risk
S00747,Female,IT,74,91,83,7.69,0,6.7,0,Not At Risk
S00752,Female,IT,93,90,60,7.25,1,6.7,0,Not At Risk
S00761,Male,Computer,91,95,77,6.67,0,5.6,0,Not At Risk
S00774,Male,Computer,95,78,99,8.56,1,6.4,0,Not At Risk
S00781,Male,IT,90,62,69,9.43,1,4.4,0,Not At Risk
S00790,Male,AI,53,50,59,6.03,2,3.3,1,At Risk
S00792,Male,AI,71,82,77,9.97,1,4.8,0,Not At Risk
S00795,Female,IT,60,53,36,6.77,2,2.7,1,At Risk
S00799,Male,AI,69,91,88,8.16,0,4.7,0,Not At Risk
S00803,Male,AI,94,64,70,7.03,0,7.2,0,Not At Risk
S00812,Female,IT,68,86,89,7.81,0,4.6,0,Not At Risk
S00825,Female,Computer,72,55,100,8.34,1,7.1,0,Not At Risk
S00834,Male,Computer,82,78,82,7.49,0,6.1,0,Not At Risk
S00836,Female,Computer,46,42,46,4.87,2,1.5,1,At Risk
S00840,Male,AI,76,81,59,7.36,1,6.4,0,Not At Risk
S00843,Male,IT,93,75,91,6.95,0,7.0,0,Not At Risk
S00844,Female,IT,69,90,93,7.83,1,4.3,0,Not At Risk
S00850,Female,Computer,95,74,64,9.94,0,7.2,0,Not At Risk
S00866,Female,IT,88,85,65,8.68,0,6.5,0,Not At Risk
S00867,Male,AI,76,67,65,8.62,0,7.0,0,Not At Risk
S00878,Female,Computer,90,57,97,9.73,0,7.5,0,Not At Risk
S00881,Female,AI,99,94,94,8.78,0,7.4,0,Not At Risk
S00883,Female,Computer,62,44,68,5.48,3,1.5,1,At Risk
S00888,Male,IT,74,100,82,9.4,0,3.5,0,Not At Risk
S00889,Female,Computer,93,59,78,8.87,1,5.9,0,Not At Risk
S00896,Female,Computer,91,85,91,7.58,1,7.5,0,Not At Risk
S00901,Male,IT,66,62,97,9.78,0,7.8,0,Not At Risk
S00904,Male,Computer,99,65,73,7.0,0,6.8,0,Not At Risk
S00918,Male,AI,66,49,42,5.51,2,3.5,1,At Risk
S00926,Female,IT,67,69,58,7.47,1,5.7,0,Not At Risk
S00928,Female,Computer,77,65,76,7.59,0,3.1,0,Not At Risk
S00934,Male,IT,92,94,94,6.85,0,5.3,0,Not At Risk
S00937,Male,Computer,54,53,62,5.83,3,3.3,1,At Risk
S00947,Male,IT,72,76,68,7.57,0,4.8,0,Not At Risk
S00958,Male,IT,97,89,96,6.77,0,7.6,0,Not At Risk
S00968,Female,Computer,66,52,46,4.86,3,2.8,1,At Risk
S00973,Female,IT,74,83,59,9.39,0,5.6,0,Not At Risk
S00974,Female,IT,67,60,73,8.76,1,4.7,0,Not At Risk
S00979,Female,Computer,67,56,64,5.56,3,2.2,1,At Risk
S00994,Male,AI,65,69,56,8.66,0,4.5,0,Not At Risk
S00995,Female,Computer,68,63,78,8.25,0,3.8,0,Not At Risk
S01000,Female,Computer,68,95,64,9.78,0,3.5,0,Not At Risk
S01001,Male,Computer,92,84,74,7.07,0,4.2,0,Not At Risk
S01004,Female,Computer,95,56,79,8.0,0,6.8,0,Not At Risk
S01006,Female,AI,69,76,63,9.0,0,3.8,0,Not At Risk
S01008,Female,IT,69,81,57,9.97,0,4.9,0,Not At Risk
S01009,Male,Computer,81,77,87,8.98,0,6.5,0,Not At Risk
S01012,Male,Computer,47,55,59,5.6,3,3.9,1,At Risk
S01021,Male,Computer,65,79,93,8.32,0,7.7,0,Not At Risk
S01026,Female,Computer,67,75,98,8.06,1,5.0,0,Not At Risk
S01028,Male,AI,61,63,67,4.86,2,3.4,1,At Risk
S01031,Female,IT,79,71,97,8.17,0,6.3,0,Not At Risk
S01040,Female,Computer,86,64,100,7.24,0,6.5,0,Not At Risk
S01043,Male,AI,90,61,63,7.63,0,7.2,0,Not At Risk
S01045,Male,AI,88,91,61,8.87,0,4.9,0,Not At Risk
S01054,Male,Computer,51,55,45,4.98,2,3.6,1,At Risk
S01061,Male,AI,77,100,78,8.47,0,5.1,0,Not At Risk
S01062,Male,IT,92,79,56,9.87,0,3.4,0,Not At Risk
S01067,Female,Computer,99,90,93,9.59,1,5.4,0,Not At Risk
S01075,Female,Computer,98,98,93,6.65,1,7.8,0,Not At Risk
S01076,Male,Computer,49,51,57,6.7,2,2.5,1,At Risk
S01079,Male,IT,96,58,77,6.52,1,4.6,0,Not At Risk
S01080,Female,Computer,68,40,60,5.51,1,2.3,1,At Risk
S01084,Male,Computer,46,39,60,5.64,2,3.7,1,At Risk
S01100,Male,AI,67,63,67,7.96,0,7.5,0,Not At Risk
S01108,Male,AI,88,75,60,9.81,0,6.6,0,Not At Risk
S01110,Female,Computer,66,89,97,9.93,0,6.6,0,Not At Risk
S01114,Male,IT,50,61,60,6.17,1,1.2,1,At Risk
S01115,Male,IT,90,61,88,6.98,0,6.0,0,Not At Risk
S01126,Female,Computer,58,65,52,5.09,2,4.0,1,At Risk
S01127,Male,IT,96,82,85,8.93,1,6.0,0,Not At Risk
S01129,Male,IT,67,48,68,5.96,3,3.4,1,At Risk
S01132,Male,AI,91,70,68,9.4,0,6.7,0,Not At Risk
S01140,Male,IT,68,52,39,6.43,2,2.4,1,At Risk
S01141,Female,IT,70,46,62,5.19,1,1.3,1,At Risk
S01142,Female,AI,86,56,70,7.49,0,3.3,0,Not At Risk
S01143,Male,IT,51,55,37,5.28,1,3.9,1,At Risk
S01145,Female,IT,97,67,75,9.13,0,7.9,0,Not At Risk
S01147,Female,IT,67,73,65,7.03,1,3.4,0,Not At Risk
S01150,Female,Computer,69,64,91,8.7,1,3.5,0,Not At Risk
S01154,Female,Computer,83,80,81,9.5,0,5.2,0,Not At Risk
S01155,Female,IT,58,51,63,5.33,3,1.1,1,At Risk
S01160,Male,AI,60,39,48,5.44,1,4.0,1,At Risk
S01161,Female,Computer,88,82,85,7.25,0,7.3,0,Not At Risk
S01163,Female,IT,81,66,58,6.82,1,4.7,0,Not At Risk
S01181,Female,AI,100,65,75,7.21,0,3.1,0,Not At Risk
S01184,Male,IT,52,58,59,6.34,3,1.2,1,At Risk
S01186,Female,IT,70,59,86,9.46,0,5.0,0,Not At Risk
S01203,Female,Computer,83,56,96,9.24,0,7.6,0,Not At Risk
S01206,Female,IT,90,74,99,9.94,1,7.2,0,Not At Risk
S01244,Female,AI,94,89,66,7.82,1,3.5,0,Not At Risk
S01245,Female,AI,87,84,77,8.0,1,7.8,0,Not At Risk
S01248,Female,Computer,53,61,41,5.47,1,3.5,1,At Risk
S01253,Female,IT,48,44,60,5.77,1,3.5,1,At Risk
S01254,Female,AI,72,82,64,8.73,0,3.7,0,Not At Risk
S01257,Female,Computer,59,38,59,4.82,2,1.1,1,At Risk
S01261,Female,IT,65,50,59,6.73,3,3.0,1,At Risk
S01263,Male,Computer,48,50,65,5.45,1,3.9,1,At Risk
S01266,Female,Computer,89,63,95,8.51,0,4.0,0,Not At Risk
S01268,Male,AI,71,68,57,9.34,0,4.8,0,Not At Risk
S01269,Female,AI,69,76,66,8.89,1,4.0,0,Not At Risk
S01270,Male,AI,97,77,77,8.66,0,7.0,0,Not At Risk
S01285,Male,IT,88,90,73,9.54,0,5.6,0,Not At Risk
S01287,Female,IT,49,61,68,5.26,3,2.7,1,At Risk
S01291,Female,AI,54,36,69,6.33,1,3.7,1,At Risk
S01304,Female,IT,83,94,56,7.06,0,4.5,0,Not At Risk
S01322,Male,IT,81,93,61,9.74,0,3.7,0,Not At Risk
S01330,Female,IT,50,58,66,5.37,1,2.9,1,At Risk
S01331,Male,AI,78,55,82,6.74,0,6.5,0,Not At Risk
S01332,Male,IT,89,95,92,7.32,0,5.4,0,Not At Risk
S01340,Female,Computer,66,56,79,6.82,0,7.6,0,Not At Risk
S01347,Male,IT,77,61,71,9.89,1,4.9,0,Not At Risk
S01350,Male,IT,93,78,85,8.47,0,4.7,0,Not At Risk
S01354,Female,AI,94,100,85,8.3,0,7.6,0,Not At Risk
S01370,Female,AI,58,52,63,5.78,2,3.1,1,At Risk
S01374,Male,AI,82,96,85,7.89,0,4.4,0,Not At Risk
S01375,Male,AI,95,93,95,8.09,0,5.4,0,Not At Risk
S01378,Male,AI,66,76,98,9.47,0,7.5,0,Not At Risk
S01383,Male,Computer,66,65,55,7.26,0,5.3,0,Not At Risk
S01385,Male,AI,79,67,72,9.59,0,7.9,0,Not At Risk
S01399,Female,Computer,87,61,85,8.42,1,6.5,0,Not At Risk
S01400,Female,AI,94,100,70,9.17,0,4.9,0,Not At Risk
S01402,Male,IT,66,69,93,7.12,0,4.8,0,Not At Risk
S01405,Female,AI,67,71,81,7.13,1,6.4,0,Not At Risk
S01413,Male,AI,83,77,81,6.56,0,4.5,0,Not At Risk
S01430,Female,AI,78,81,93,7.48,0,6.2,0,Not At Risk
S01431,Female,AI,90,69,80,8.23,1,4.4,0,Not At Risk
S01434,Male,AI,97,60,93,8.5,1,7.7,0,Not At Risk
S01435,Female,AI,95,98,60,9.83,0,6.7,0,Not At Risk
S01437,Male,IT,47,63,36,5.21,2,2.4,1,At Risk
S01452,Female,IT,65,88,69,9.09,0,6.3,0,Not At Risk
S01453,Female,AI,55,51,39,5.34,3,3.5,1,At Risk
S01459,Female,AI,58,62,42,6.24,2,3.3,1,At Risk
S01467,Female,Computer,95,74,78,7.01,0,6.6,0,Not At Risk
S01481,Male,AI,62,59,42,5.86,3,3.5,1,At Risk
S01488,Male,IT,79,68,77,6.6,1,3.6,0,Not At Risk
S01494,Male,AI,89,85,56,9.83,0,6.6,0,Not At Risk
S01495,Female,Computer,52,40,35,5.06,1,1.4,1,At Risk
S01507,Male,Computer,65,36,50,5.12,2,1.0,1,At Risk
S01509,Female,AI,82,96,87,9.73,0,8.0,0,Not At Risk
S01532,Female,Computer,91,56,84,9.47,0,4.8,0,Not At Risk
S01538,Male,IT,51,53,54,6.62,3,2.9,1,At Risk
S01543,Male,IT,78,64,55,7.54,0,7.3,0,Not At Risk
S01547,Female,AI,79,77,100,8.96,0,5.3,0,Not At Risk
S01551,Male,AI,99,99,98,7.57,0,5.8,0,Not At Risk
S01556,Female,IT,76,71,80,7.2,0,7.9,0,Not At Risk
S01562,Male,AI,72,74,73,6.88,0,6.0,0,Not At Risk
S01569,Female,AI,98,57,67,9.81,0,7.5,0,Not At Risk
S01573,Male,AI,78,91,95,8.65,0,7.6,0,Not At Risk
S01587,Male,AI,100,65,64,8.41,0,3.3,0,Not At Risk
S01589,Male,Computer,65,79,55,8.47,1,6.8,0,Not At Risk
S01590,Male,Computer,67,91,89,6.76,1,7.7,0,Not At Risk
S01594,Female,IT,99,69,80,6.94,0,4.0,0,Not At Risk
S01596,Female,AI,98,68,70,7.26,0,5.8,0,Not At Risk
S01599,Male,AI,98,82,66,9.8,0,6.5,0,Not At Risk
S01601,Male,Computer,94,70,63,9.17,1,4.6,0,Not At Risk
S01605,Male,Computer,48,52,61,5.12,3,2.9,1,At Risk
S01610,Male,AI,70,77,93,9.94,1,3.1,0,Not At Risk
S01611,Female,Computer,81,67,87,7.48,0,5.4,0,Not At Risk
S01614,Male,IT,95,79,79,6.63,0,6.5,0,Not At Risk
S01620,Male,Computer,47,35,62,6.38,1,1.6,1,At Risk
S01621,Male,IT,98,67,85,9.36,1,6.0,0,Not At Risk
S01622,Male,IT,68,83,66,8.28,0,3.9,0,Not At Risk
S01623,Male,IT,62,53,47,6.2,3,3.3,1,At Risk
S01643,Female,Computer,82,100,64,7.77,0,5.4,0,Not At Risk
S01647,Male,IT,74,73,56,6.6,1,3.4,0,Not At Risk
S01649,Female,IT,94,73,65,8.55,0,7.8,0,Not At Risk
S01659,Male,Computer,78,69,92,8.22,0,6.5,0,Not At Risk
S01666,Female,AI,90,93,65,9.72,1,5.8,0,Not At Risk
S01671,Female,Computer,47,58,50,5.71,3,3.1,1,At Risk
S01679,Female,IT,83,64,98,9.13,1,6.4,0,Not At Risk
S01680,Female,IT,70,93,71,9.6,0,7.6,0,Not At Risk
S01688,Male,IT,50,61,39,4.93,2,3.9,1,At Risk
S01695,Female,Computer,49,53,36,6.67,2,1.2,1,At Risk
S01696,Male,IT,89,89,96,9.04,0,5.9,0,Not At Risk
S01701,Female,AI,98,99,78,8.72,0,5.1,0,Not At Risk
S01715,Female,IT,95,87,86,7.85,0,5.3,0,Not At Risk
S01735,Female,IT,61,54,59,6.48,3,1.6,1,At Risk
S01739,Female,IT,96,82,83,9.68,0,5.2,0,Not At Risk
S01741,Female,IT,52,37,45,4.98,3,2.7,1,At Risk
S01742,Female,Computer,81,83,64,7.53,1,4.4,0,Not At Risk
S01747,Male,IT,66,87,87,9.63,1,3.7,0,Not At Risk
S01754,Male,Computer,74,83,92,9.27,0,6.2,0,Not At Risk
S01755,Female,IT,66,69,83,7.39,1,5.3,0,Not At Risk
S01767,Female,Computer,59,60,56,6.03,2,3.6,1,At Risk
S01779,Female,Computer,63,37,37,6.03,1,3.4,1,At Risk
S01785,Female,Computer,47,44,56,6.18,3,1.7,1,At Risk
S01792,Male,Computer,97,67,68,7.02,0,5.7,0,Not At Risk
S01798,Male,IT,78,89,97,8.43,0,7.3,0,Not At Risk
S01800,Male,IT,49,64,51,5.14,2,3.0,1,At Risk
S01801,Female,Computer,78,65,78,6.84,0,4.5,0,Not At Risk
S01805,Female,AI,64,60,40,6.78,1,1.4,1,At Risk
S01809,Female,IT,88,67,57,6.63,0,3.0,0,Not At Risk
S01810,Female,Computer,88,96,76,7.95,0,7.8,0,Not At Risk
S01813,Female,Computer,92,73,57,9.51,0,7.7,0,Not At Risk
S01819,Male,IT,91,60,97,7.67,0,3.7,0,Not At Risk
S01820,Male,AI,60,36,65,6.42,2,2.6,1,At Risk
S01827,Male,AI,67,69,70,9.11,0,6.4,0,Not At Risk
S01830,Female,IT,89,97,88,8.88,1,6.3,0,Not At Risk
S01832,Female,Computer,92,84,65,6.71,0,6.7,0,Not At Risk
S01838,Male,Computer,71,70,73,7.38,0,6.8,0,Not At Risk
S01846,Female,Computer,93,68,60,7.69,0,6.1,0,Not At Risk
S01850,Male,AI,82,67,66,9.38,0,6.7,0,Not At Risk
S01857,Female,AI,66,67,80,7.53,1,7.6,0,Not At Risk
S01858,Male,AI,46,42,69,6.7,1,2.7,1,At Risk
S01861,Male,IT,100,63,66,6.65,1,7.3,0,Not At Risk
S01862,Male,Computer,79,99,95,6.81,0,6.1,0,Not At Risk
S01868,Male,Computer,69,44,67,6.04,1,1.9,1,At Risk
S01871,Female,IT,80,81,64,9.29,0,8.0,0,Not At Risk
S01879,Male,Computer,91,100,63,7.79,1,4.1,0,Not At Risk
S01885,Female,Computer,68,73,70,7.22,0,4.0,0,Not At Risk
S01889,Male,IT,79,57,81,9.49,0,7.8,0,Not At Risk
S01893,Female,IT,72,81,55,9.59,0,5.0,0,Not At Risk
S01895,Female,Computer,79,69,80,8.35,0,7.2,0,Not At Risk
S01900,Male,Computer,68,88,68,7.76,1,7.4,0,Not At Risk
S01902,Male,Computer,86,77,58,9.36,0,5.2,0,Not At Risk
S01903,Male,IT,96,82,90,8.75,0,6.1,0,Not At Risk
S01912,Male,Computer,71,66,69,7.53,0,6.9,0,Not At Risk
S01915,Male,AI,85,97,97,8.61,0,6.3,0,Not At Risk
S01916,Male,AI,66,73,55,9.64,1,7.4,0,Not At Risk
S01921,Male,IT,74,70,92,9.29,0,7.2,0,Not At Risk
S01928,Female,Computer,91,97,63,8.59,0,3.1,0,Not At Risk
S01931,Female,Computer,49,65,55,5.52,1,1.6,1,At Risk
S01936,Female,Computer,57,44,67,4.89,1,2.3,1,At Risk
S01944,Female,Computer,98,64,55,7.78,0,4.9,0,Not At Risk
S01946,Male,IT,88,55,76,8.39,1,7.7,0,Not At Risk
S01949,Female,AI,75,63,57,9.48,0,7.8,0,Not At Risk
S01952,Female,AI,94,57,99,8.79,0,4.8,0,Not At Risk
S01956,Male,IT,77,86,57,9.27,0,6.4,0,Not At Risk
S01959,Male,IT,76,76,78,7.44,0,7.7,0,Not At Risk
S01969,Female,Computer,56,41,60,5.42,2,1.9,1,At Risk
S01970,Male,IT,77,61,68,9.05,0,6.1,0,Not At Risk
S01979,Male,IT,72,60,99,8.0,0,3.1,0,Not At Risk
S01983,Male,AI,54,44,68,5.85,2,2.2,1,At Risk
S01984,Female,Computer,79,82,83,9.65,1,6.6,0,Not At Risk
S01990,Female,IT,70,97,84,7.12,0,7.5,0,Not At Risk
S01993,Male,IT,50,57,63,6.72,3,2.4,1,At Risk
S01997,Male,IT,80,91,89,7.21,0,4.3,0,Not At Risk
S02006,Female,Computer,67,67,56,7.47,0,4.2,0,Not At Risk
S02007,Female,AI,63,62,55,5.02,1,2.0,1,At Risk
S02035,Male,Computer,91,83,61,7.36,1,6.6,0,Not At Risk
S02049,Male,Computer,92,66,68,9.08,0,5.9,0,Not At Risk
S02052,Male,Computer,75,97,97,8.81,0,3.5,0,Not At Risk
S02058,Female,AI,50,61,47,5.56,1,1.9,1,At Risk
S02067,Male,Computer,79,72,89,7.9,0,6.1,0,Not At Risk
S02071,Female,Computer,80,57,71,7.62,0,5.0,0,Not At Risk
S02073,Female,IT,77,99,73,7.46,1,5.0,0,Not At Risk
S02074,Male,IT,95,59,88,6.94,0,6.0,0,Not At Risk
S02079,Female,IT,68,62,62,8.65,0,3.3,0,Not At Risk
S02082,Female,Computer,73,61,87,8.53,0,4.9,0,Not At Risk
S02085,Female,AI,92,82,86,7.94,0,6.9,0,Not At Risk
S02092,Female,IT,85,94,59,7.87,0,3.4,0,Not At Risk
S02112,Male,IT,100,61,55,8.75,0,4.2,0,Not At Risk
S02119,Male,Computer,97,58,100,8.52,0,3.8,0,Not At Risk
S02123,Male,AI,85,96,70,8.74,0,5.9,0,Not At Risk
S02125,Female,AI,67,55,67,9.07,0,5.3,0,Not At Risk
S02130,Female,AI,98,94,55,7.79,0,5.1,0,Not At Risk
S02138,Male,IT,76,59,61,8.4,0,4.4,0,Not At Risk
S02141,Male,Computer,87,98,73,7.8,0,4.6,0,Not At Risk
S02146,Female,AI,70,63,81,6.75,0,3.0,0,Not At Risk
S02150,Male,IT,65,55,85,7.4,0,7.4,0,Not At Risk
S02159,Male,AI,55,36,63,6.43,2,3.1,1,At Risk
S02164,Female,AI,89,58,98,8.96,0,6.2,0,Not At Risk
S02183,Female,AI,52,35,69,5.91,2,2.5,1,At Risk
S02184,Male,Computer,48,37,59,5.59,1,3.4,1,At Risk
S02186,Male,Computer,68,53,62,5.42,2,1.1,1,At Risk
S02187,Male,IT,76,55,99,7.0,0,4.8,0,Not At Risk
S02188,Male,Computer,94,56,99,8.59,0,7.5,0,Not At Risk
S02193,Female,AI,95,65,100,8.92,1,5.8,0,Not At Risk
S02194,Male,AI,69,45,50,5.76,3,2.8,1,At Risk
S02212,Male,AI,91,77,55,7.56,1,3.8,0,Not At Risk
S02215,Female,IT,71,98,87,9.48,0,5.7,0,Not At Risk
S02220,Female,AI,90,56,78,9.93,0,4.8,0,Not At Risk
S02231,Male,Computer,100,83,60,9.71,0,4.6,0,Not At Risk
S02239,Male,Computer,98,95,99,6.8,0,7.5,0,Not At Risk
S02250,Male,AI,74,65,100,8.28,0,6.8,0,Not At Risk
S02257,Male,AI,95,97,78,7.85,0,6.7,0,Not At Risk
S02265,Male,Computer,89,98,56,8.11,0,6.5,0,Not At Risk
S02279,Female,AI,81,59,74,8.64,1,5.8,0,Not At Risk
S02283,Female,Computer,71,55,91,8.06,0,6.5,0,Not At Risk
S02289,Female,Computer,78,59,71,8.97,0,3.9,0,Not At Risk
S02295,Male,Computer,70,96,97,9.9,1,7.4,0,Not At Risk
S02297,Female,Computer,62,54,52,5.64,2,1.5,1,At Risk
S02302,Female,AI,85,70,58,7.11,0,4.1,0,Not At Risk
S02309,Female,AI,61,62,39,5.16,2,2.8,1,At Risk
S02312,Male,Computer,59,65,67,4.88,3,2.0,1,At Risk
S02319,Female,IT,66,74,87,9.44,1,5.5,0,Not At Risk
S02322,Male,IT,78,65,93,9.09,1,4.2,0,Not At Risk
S02338,Male,Computer,81,89,68,9.29,0,4.4,0,Not At Risk
S02341,Male,Computer,66,58,69,9.56,1,5.0,0,Not At Risk
S02344,Male,AI,87,90,99,7.07,1,7.2,0,Not At Risk
S02350,Male,AI,71,98,89,9.47,0,4.7,0,Not At Risk
S02351,Male,IT,69,88,85,7.64,0,5.0,0,Not At Risk
S02356,Female,IT,90,89,79,9.17,0,5.9,0,Not At Risk
S02357,Male,Computer,78,74,94,8.28,0,4.7,0,Not At Risk
S02363,Female,Computer,94,88,95,7.7,1,6.7,0,Not At Risk
S02367,Male,IT,81,77,88,6.87,0,3.0,0,Not At Risk
S02383,Male,Computer,69,100,85,7.33,0,6.2,0,Not At Risk
S02384,Female,IT,69,43,69,6.09,3,1.7,1,At Risk
S02385,Female,AI,85,90,75,7.1,0,3.9,0,Not At Risk
S02393,Male,IT,97,85,87,8.37,0,7.1,0,Not At Risk
S02394,Male,IT,95,89,85,7.19,0,7.1,0,Not At Risk
S02397,Female,Computer,89,86,60,9.07,1,6.7,0,Not At Risk
S02404,Female,IT,87,88,63,9.81,0,7.2,0,Not At Risk
S02405,Male,Computer,59,58,64,6.26,3,3.0,1,At Risk
S02408,Male,IT,75,88,80,9.94,0,3.4,0,Not At Risk
S02412,Male,AI,92,92,68,7.27,0,3.4,0,Not At Risk
S02413,Female,AI,66,84,55,9.19,0,4.0,0,Not At Risk
S02414,Female,Computer,72,62,91,7.34,0,3.1,0,Not At Risk
S02416,Female,Computer,98,75,89,9.29,0,3.2,0,Not At Risk
S02417,Female,Computer,84,68,100,8.11,1,3.3,0,Not At Risk
S02419,Female,Computer,87,87,93,7.9,0,4.0,0,Not At Risk
S02421,Female,IT,70,96,76,9.51,1,4.2,0,Not At Risk
S02424,Male,AI,89,81,55,7.7,0,4.5,0,Not At Risk
S02428,Male,Computer,96,81,68,7.98,0,4.3,0,Not At Risk
S02433,Female,Computer,77,56,96,9.89,0,6.9,0,Not At Risk
S02436,Female,IT,53,38,49,6.23,3,1.0,1,At Risk
S02438,Female,Computer,75,57,71,6.74,0,7.3,0,Not At Risk
S02448,Male,IT,66,55,76,8.13,0,3.2,0,Not At Risk
S02451,Female,AI,61,50,39,6.11,2,1.4,1,At Risk
S02458,Female,IT,49,50,61,4.96,2,2.8,1,At Risk
S02459,Female,AI,73,72,77,9.4,0,5.9,0,Not At Risk
S02461,Male,Computer,99,80,99,7.5,1,4.3,0,Not At Risk
S02485,Female,Computer,47,40,41,6.78,3,3.9,1,At Risk
S02487,Male,IT,90,62,57,6.71,0,4.1,0,Not At Risk
S02494,Female,IT,81,70,77,8.45,1,3.4,0,Not At Risk
S02495,Female,AI,55,59,41,6.3,1,3.5,1,At Risk
S02496,Male,IT,65,87,80,9.47,1,7.7,0,Not At Risk
S02500,Female,AI,84,64,63,7.32,0,7.1,0,Not At Risk
S02503,Male,Computer,82,73,96,9.36,0,3.5,0,Not At Risk
S02516,Male,Computer,75,90,88,8.87,1,5.6,0,Not At Risk
S02518,Female,Computer,100,99,87,6.89,1,7.9,0,Not At Risk
S02526,Male,Computer,88,99,64,6.81,0,6.7,0,Not At Risk
S02527,Female,IT,89,59,55,8.18,0,4.1,0,Not At Risk
S02533,Male,Computer,45,61,42,6.56,2,3.7,1,At Risk
S02545,Male,AI,84,57,83,7.96,0,3.7,0,Not At Risk
S02554,Male,Computer,98,71,64,9.46,1,4.1,0,Not At Risk
S02555,Female,AI,94,68,66,6.71,0,3.9,0,Not At Risk
S02556,Male,IT,69,37,64,6.46,3,3.7,1,At Risk
S02562,Male,Computer,70,80,67,8.06,0,7.4,0,Not At Risk
S02565,Male,AI,52,65,37,6.28,2,1.8,1,At Risk
S02573,Male,Computer,88,74,70,8.67,0,4.3,0,Not At Risk
S02578,Male,Computer,83,70,80,9.72,1,3.7,0,Not At Risk
S02582,Female,AI,75,59,55,7.84,0,6.2,0,Not At Risk
S02585,Male,AI,90,71,79,6.86,0,6.5,0,Not At Risk
S02586,Female,Computer,79,56,55,8.5,0,6.3,0,Not At Risk
S02602,Male,AI,91,80,65,9.41,1,3.2,0,Not At Risk
S02608,Female,Computer,92,63,80,7.48,0,3.1,0,Not At Risk
S02610,Male,AI,51,60,61,5.03,3,3.8,1,At Risk
S02611,Female,IT,92,74,63,9.79,0,4.9,0,Not At Risk
S02614,Female,Computer,67,72,82,9.33,1,4.6,0,Not At Risk
S02615,Female,Computer,93,56,60,9.43,1,6.1,0,Not At Risk
S02617,Female,IT,60,40,49,5.34,2,3.3,1,At Risk
S02621,Male,AI,97,76,95,9.6,1,6.7,0,Not At Risk
S02628,Male,IT,75,91,62,6.54,0,4.7,0,Not At Risk
S02633,Female,AI,70,94,56,9.2,1,5.5,0,Not At Risk
S02634,Female,IT,86,98,93,9.33,0,4.9,0,Not At Risk
S02640,Male,AI,99,65,86,6.92,0,5.1,0,Not At Risk
S02641,Female,Computer,79,84,60,8.1,0,5.7,0,Not At Risk
S02644,Female,AI,91,83,56,9.98,0,3.3,0,Not At Risk
S02649,Female,AI,74,96,87,6.83,0,4.0,0,Not At Risk
S02654,Male,AI,82,60,59,7.97,0,5.1,0,Not At Risk
S02655,Male,AI,89,62,65,9.3,1,5.0,0,Not At Risk
S02657,Male,IT,53,43,52,5.24,3,2.1,1,At Risk
S02658,Male,AI,98,98,86,9.65,0,3.9,0,Not At Risk
S02661,Female,AI,68,70,94,7.82,1,3.0,0,Not At Risk
S02663,Female,IT,70,99,89,9.35,0,6.9,0,Not At Risk
S02664,Female,AI,52,62,60,6.45,2,3.5,1,At Risk
S02672,Female,AI,69,48,35,5.4,1,1.8,1,At Risk
S02675,Male,AI,94,80,64,9.44,0,7.8,0,Not At Risk
S02676,Female,AI,79,57,73,9.06,0,4.1,0,Not At Risk
S02680,Male,AI,92,82,93,9.8,0,6.1,0,Not At Risk
S02682,Female,IT,65,60,85,8.81,0,6.1,0,Not At Risk
S02686,Female,IT,46,50,66,5.79,3,1.5,1,At Risk
S02687,Female,IT,58,37,46,6.73,1,3.1,1,At Risk
S02692,Male,IT,100,77,60,8.19,0,7.8,0,Not At Risk
S02707,Female,AI,68,76,65,9.3,0,3.9,0,Not At Risk
S02711,Male,Computer,69,73,79,9.11,0,6.6,0,Not At Risk
S02716,Female,Computer,73,88,96,6.81,1,4.3,0,Not At Risk
S02719,Male,IT,94,99,93,7.78,0,5.9,0,Not At Risk
S02722,Male,Computer,100,93,73,8.93,0,4.1,0,Not At Risk
S02724,Female,AI,83,76,80,9.93,0,7.3,0,Not At Risk
S02731,Male,AI,93,91,71,6.7,1,7.8,0,Not At Risk
S02736,Male,IT,68,66,70,9.98,1,7.2,0,Not At Risk
S02752,Male,IT,92,85,78,8.27,1,5.3,0,Not At Risk
S02757,Female,Computer,85,75,55,9.53,0,3.7,0,Not At Risk
S02767,Male,Computer,93,64,67,7.88,0,3.3,0,Not At Risk
S02776,Male,IT,64,44,52,5.11,1,2.5,1,At Risk
S02777,Female,Computer,70,57,56,6.26,3,2.8,1,At Risk
S02784,Female,IT,70,62,37,6.4,1,2.1,1,At Risk
S02786,Male,AI,94,85,73,8.36,1,4.8,0,Not At Risk
S02797,Female,AI,81,59,95,9.27,1,5.5,0,Not At Risk
S02802,Male,AI,71,66,62,9.77,0,6.2,0,Not At Risk
S02803,Female,AI,70,52,41,5.11,3,2.9,1,At Risk
S02805,Female,Computer,89,100,93,6.63,0,3.2,0,Not At Risk
S02819,Male,Computer,96,78,83,8.97,0,6.0,0,Not At Risk
S02825,Male,AI,72,82,59,8.05,0,3.1,0,Not At Risk
S02830,Female,AI,68,55,59,6.21,1,1.3,1,At Risk
S02831,Male,IT,94,62,93,9.11,1,5.1,0,Not At Risk
S02847,Female,AI,48,58,69,5.76,1,1.3,1,At Risk
S02855,Male,Computer,95,57,61,7.6,0,4.6,0,Not At Risk
S02859,Male,Computer,51,43,69,5.41,1,2.7,1,At Risk
S02860,Male,Computer,88,66,88,7.83,0,7.0,0,Not At Risk
S02862,Female,Computer,84,74,94,8.05,0,3.9,0,Not At Risk
S02869,Female,IT,90,82,75,8.83,0,4.0,0,Not At Risk
S02873,Male,AI,100,76,87,9.12,0,6.3,0,Not At Risk
S02880,Male,AI,93,80,66,7.63,0,7.2,0,Not At Risk
S02883,Male,AI,65,48,59,6.24,3,2.4,1,At Risk
S02885,Male,AI,48,65,59,5.01,2,3.4,1,At Risk
S02886,Male,Computer,80,91,93,7.45,0,6.8,0,Not At Risk
S02896,Male,IT,49,60,41,5.97,2,3.8,1,At Risk
S02906,Female,AI,79,58,56,7.79,0,5.2,0,Not At Risk
S02917,Male,AI,52,46,36,6.45,2,1.6,1,At Risk
S02923,Female,AI,73,90,57,7.11,0,3.1,0,Not At Risk
S02926,Female,AI,85,76,90,7.63,0,7.6,0,Not At Risk
S02945,Male,AI,71,91,70,8.75,0,4.9,0,Not At Risk
S02948,Female,Computer,88,77,93,7.58,1,5.9,0,Not At Risk
S02957,Male,AI,99,77,92,7.04,0,4.9,0,Not At Risk
S02961,Female,IT,97,79,79,8.64,0,7.9,0,Not At Risk
S02968,Female,AI,72,56,74,7.92,0,4.6,0,Not At Risk
S02970,Male,AI,58,59,43,6.3,2,3.1,1,At Risk
S02973,Male,Computer,51,44,66,5.72,3,3.8,1,At Risk
S02978,Male,IT,73,88,82,7.2,0,3.3,0,Not At Risk
S02982,Female,AI,83,82,93,6.97,0,7.6,0,Not At Risk
S02984,Male,AI,88,58,96,9.89,0,3.4,0,Not At Risk
S02985,Female,IT,95,77,88,9.0,0,5.7,0,Not At Risk
S02989,Male,IT,85,77,87,6.67,0,6.1,0,Not At Risk
S02995,Male,IT,46,58,55,6.53,2,3.9,1,At Risk
S02997,Female,AI,56,42,58,6.7,1,2.7,1,At Risk
S03002,Male,AI,68,65,75,6.94,0,7.7,0,Not At Risk
S03003,Female,Computer,65,89,84,9.36,0,5.7,0,Not At Risk
S03004,Female,Computer,65,95,84,9.18,0,5.8,0,Not At Risk
S03007,Male,Computer,49,57,52,5.08,2,3.0,1,At Risk
S03031,Male,Computer,90,65,89,9.71,0,5.6,0,Not At Risk
S03032,Male,Computer,92,88,59,7.72,0,6.9,0,Not At Risk
S03035,Male,AI,97,73,63,6.83,0,6.7,0,Not At Risk
S03041,Female,Computer,65,54,69,6.73,1,2.4,1,At Risk
S03046,Male,AI,87,80,77,9.31,1,3.4,0,Not At Risk
S03053,Male,IT,46,35,66,6.08,1,3.8,1,At Risk
S03063,Female,AI,81,74,70,9.55,1,8.0,0,Not At Risk
S03066,Male,IT,69,54,47,5.93,3,2.4,1,At Risk
S03068,Male,Computer,66,59,81,6.98,0,3.5,0,Not At Risk
S03069,Male,AI,67,55,35,5.4,2,1.1,1,At Risk
S03077,Female,IT,79,99,84,8.94,1,3.7,0,Not At Risk
S03086,Male,IT,67,98,64,8.44,0,3.5,0,Not At Risk
S03087,Female,Computer,88,83,79,8.13,0,3.6,0,Not At Risk
S03088,Female,IT,83,95,71,7.18,0,5.6,0,Not At Risk
S03090,Male,AI,95,85,62,8.87,0,4.6,0,Not At Risk
S03091,Female,Computer,72,98,84,8.62,1,7.5,0,Not At Risk
S03100,Male,IT,94,98,77,7.54,0,5.7,0,Not At Risk
S03103,Male,Computer,75,64,55,6.84,0,4.8,0,Not At Risk
S03114,Female,IT,66,78,78,8.23,1,3.5,0,Not At Risk
S03120,Female,AI,89,92,87,9.66,0,4.1,0,Not At Risk
S03128,Female,AI,85,65,63,6.87,0,3.6,0,Not At Risk
S03131,Female,Computer,75,93,84,9.93,0,7.2,0,Not At Risk
S03143,Female,IT,78,90,71,7.61,0,4.6,0,Not At Risk
S03147,Male,IT,69,59,68,7.26,1,4.0,0,Not At Risk
S03148,Female,IT,67,39,42,5.76,1,3.1,1,At Risk
S03150,Female,Computer,98,69,58,7.94,0,3.9,0,Not At Risk
S03157,Male,AI,76,79,59,8.84,0,3.1,0,Not At Risk
S03158,Male,IT,82,66,91,8.58,0,3.2,0,Not At Risk
S03168,Female,AI,80,91,82,9.32,1,4.4,0,Not At Risk
S03170,Male,Computer,63,60,56,5.35,3,2.5,1,At Risk
S03174,Male,Computer,69,41,68,5.32,3,3.8,1,At Risk
S03182,Female,IT,89,74,87,9.97,0,6.1,0,Not At Risk
S03191,Female,Computer,90,83,89,7.6,0,5.5,0,Not At Risk
S03192,Female,IT,96,78,94,7.45,0,6.3,0,Not At Risk
S03201,Male,IT,88,81,59,6.78,1,7.2,0,Not At Risk
S03216,Female,AI,48,50,70,6.0,2,3.6,1,At Risk
S03219,Female,AI,70,90,100,9.18,0,8.0,0,Not At Risk
S03222,Male,AI,71,66,59,8.3,0,5.4,0,Not At Risk
S03234,Male,Computer,79,63,97,9.3,0,5.5,0,Not At Risk
S03236,Female,IT,96,63,71,9.32,1,7.7,0,Not At Risk
S03240,Female,IT,90,99,93,9.88,0,6.6,0,Not At Risk
S03244,Female,AI,91,96,63,9.6,0,7.2,0,Not At Risk
S03253,Male,AI,99,55,62,8.34,0,4.2,0,Not At Risk
S03256,Male,IT,82,91,75,9.41,1,4.7,0,Not At Risk
S03258,Female,AI,97,99,94,8.21,1,7.8,0,Not At Risk
S03261,Female,AI,85,59,77,9.23,1,4.6,0,Not At Risk
S03262,Male,AI,98,93,82,7.33,0,7.6,0,Not At Risk
S03265,Female,Computer,53,59,69,6.38,1,1.9,1,At Risk
S03281,Female,IT,85,92,57,8.18,0,4.6,0,Not At Risk
S03284,Female,AI,68,86,80,9.81,0,4.5,0,Not At Risk
S03287,Male,AI,99,85,63,7.11,0,5.3,0,Not At Risk
S03288,Female,IT,79,76,72,8.77,1,4.5,0,Not At Risk
S03296,Female,IT,90,57,62,8.12,0,6.0,0,Not At Risk
S03307,Female,IT,74,79,56,8.3,0,3.9,0,Not At Risk
S03308,Female,Computer,95,92,71,8.98,0,3.7,0,Not At Risk
S03310,Male,Computer,75,75,65,9.32,0,7.6,0,Not At Risk
S03312,Female,IT,82,79,78,8.95,0,4.9,0,Not At Risk
S03317,Female,AI,77,70,75,7.43,0,7.5,0,Not At Risk
S03320,Female,IT,62,42,64,5.55,3,2.8,1,At Risk
S03321,Male,IT,95,99,59,8.73,0,7.8,0,Not At Risk
S03328,Female,AI,77,80,89,7.0,1,5.3,0,Not At Risk
S03329,Male,IT,72,76,70,6.73,0,6.2,0,Not At Risk
S03339,Male,AI,85,68,70,8.07,0,3.6,0,Not At Risk
S03350,Female,AI,76,96,100,9.52,0,4.1,0,Not At Risk
S03356,Male,Computer,78,94,92,9.75,0,4.4,0,Not At Risk
S03358,Male,IT,73,67,76,8.03,1,4.6,0,Not At Risk
S03361,Male,AI,98,55,71,7.08,0,7.8,0,Not At Risk
S03362,Male,AI,85,70,83,7.94,0,7.9,0,Not At Risk
S03366,Male,AI,73,89,85,8.48,1,3.8,0,Not At Risk
S03368,Male,AI,95,97,91,7.87,0,3.6,0,Not At Risk
S03369,Male,Computer,50,52,70,5.81,2,1.0,1,At Risk
S03377,Male,IT,47,62,51,5.47,3,1.5,1,At Risk
S03385,Male,IT,84,90,84,9.39,1,3.8,0,Not At Risk
S03388,Female,Computer,86,74,94,9.64,1,3.8,0,Not At Risk
S03390,Male,Computer,68,69,72,9.75,0,6.2,0,Not At Risk
S03392,Male,AI,67,46,65,5.26,2,1.4,1,At Risk
S03394,Male,IT,79,58,93,9.16,0,7.6,0,Not At Risk
S03395,Male,Computer,74,84,70,6.88,0,6.8,0,Not At Risk
S03401,Female,AI,90,75,55,6.65,0,3.7,0,Not At Risk
S03407,Male,AI,76,99,77,7.11,1,5.8,0,Not At Risk
S03410,Female,IT,50,39,53,6.32,2,1.1,1,At Risk
S03413,Male,IT,85,89,86,6.69,0,6.2,0,Not At Risk
S03419,Female,IT,76,87,95,8.77,0,5.0,0,Not At Risk
S03423,Female,AI,69,74,67,8.9,1,3.1,0,Not At Risk
S03424,Male,AI,67,61,57,6.78,0,6.8,0,Not At Risk
S03427,Male,IT,95,100,89,9.07,0,5.6,0,Not At Risk
S03431,Male,IT,91,73,56,8.13,0,6.6,0,Not At Risk
S03435,Male,AI,96,61,60,7.99,0,5.2,0,Not At Risk
S03439,Female,AI,80,56,98,7.2,1,5.5,0,Not At Risk
S03447,Female,IT,74,87,94,8.24,0,4.8,0,Not At Risk
S03452,Male,AI,72,66,68,8.53,1,5.6,0,Not At Risk
S03477,Female,IT,79,96,85,7.6,0,6.0,0,Not At Risk
S03479,Male,IT,75,60,72,7.5,0,7.7,0,Not At Risk
S03497,Male,Computer,79,55,58,8.85,0,6.3,0,Not At Risk
S03498,Male,AI,89,91,94,6.68,1,5.4,0,Not At Risk
S03499,Male,AI,69,58,71,8.83,0,5.5,0,Not At Risk
S03509,Male,Computer,79,69,57,7.99,0,6.0,0,Not At Risk
S03515,Female,IT,94,91,67,8.61,0,7.9,0,Not At Risk
S03518,Female,Computer,90,96,84,9.52,0,3.5,0,Not At Risk
S03527,Female,AI,58,63,46,5.22,1,1.0,1,At Risk
S03529,Male,Computer,77,97,72,8.89,0,4.0,0,Not At Risk
S03533,Female,Computer,89,61,82,7.87,1,3.0,0,Not At Risk
S03536,Male,IT,45,55,61,6.03,3,2.2,1,At Risk
S03537,Male,Computer,75,100,76,7.8,0,6.5,0,Not At Risk
S03541,Female,Computer,85,87,98,8.02,0,5.3,0,Not At Risk
S03550,Male,Computer,98,93,79,6.71,0,4.4,0,Not At Risk
S03559,Female,IT,71,99,80,6.61,0,4.2,0,Not At Risk
S03570,Male,AI,88,77,99,8.08,0,7.6,0,Not At Risk
S03571,Male,Computer,48,50,51,4.95,2,3.9,1,At Risk
S03579,Male,IT,91,57,56,8.32,0,5.0,0,Not At Risk
S03583,Male,IT,67,84,82,8.6,0,7.6,0,Not At Risk
S03588,Female,IT,99,83,65,9.62,0,3.3,0,Not At Risk
S03590,Male,IT,91,78,87,8.53,0,6.7,0,Not At Risk
S03594,Female,IT,68,82,60,7.0,1,7.8,0,Not At Risk
S03596,Male,IT,69,100,96,9.15,0,3.6,0,Not At Risk
S03598,Female,AI,99,87,55,9.28,0,6.4,0,Not At Risk
S03613,Male,AI,70,67,70,8.11,0,7.3,0,Not At Risk
S03618,Female,Computer,100,82,68,7.14,0,6.8,0,Not At Risk
S03628,Female,Computer,96,76,89,6.67,0,4.7,0,Not At Risk
S03631,Female,IT,69,70,72,6.51,0,6.6,0,Not At Risk
S03634,Male,Computer,53,61,68,5.37,2,2.4,1,At Risk
S03642,Male,AI,99,58,80,7.96,0,6.5,0,Not At Risk
S03645,Male,Computer,98,100,89,7.83,0,7.6,0,Not At Risk
S03652,Male,IT,70,55,81,7.14,0,7.1,0,Not At Risk
S03655,Female,Computer,49,59,64,5.24,3,3.0,1,At Risk
S03660,Female,IT,84,72,87,8.85,0,6.7,0,Not At Risk
S03662,Male,IT,86,77,89,8.13,1,3.1,0,Not At Risk
S03669,Female,IT,69,49,39,6.8,2,2.1,1,At Risk
S03671,Female,IT,88,78,56,9.62,0,7.5,0,Not At Risk
S03682,Female,AI,70,63,96,7.33,0,4.6,0,Not At Risk
S03684,Male,IT,88,85,59,7.21,1,6.5,0,Not At Risk
S03685,Female,IT,70,66,86,7.34,0,3.6,0,Not At Risk
S03691,Female,AI,68,74,100,9.58,0,7.6,0,Not At Risk
S03700,Male,Computer,68,56,86,6.88,0,5.6,0,Not At Risk
S03708,Male,AI,53,57,50,5.62,2,2.1,1,At Risk
S03710,Male,IT,73,57,80,7.3,1,4.7,0,Not At Risk
S03719,Male,AI,73,64,86,9.21,0,7.8,0,Not At Risk
S03722,Female,AI,66,92,67,7.41,0,5.0,0,Not At Risk
S03726,Female,AI,70,40,57,5.31,3,3.2,1,At Risk
S03741,Female,Computer,98,89,96,9.18,0,4.2,0,Not At Risk
S03745,Female,IT,74,89,82,7.76,0,5.7,0,Not At Risk
S03751,Female,IT,99,83,81,9.77,0,6.1,0,Not At Risk
S03752,Female,Computer,83,98,72,9.34,1,4.6,0,Not At Risk
S03758,Female,Computer,79,76,60,8.01,0,3.7,0,Not At Risk
S03774,Female,IT,70,98,98,9.05,0,4.7,0,Not At Risk
S03777,Female,Computer,63,46,40,6.58,1,1.7,1,At Risk
S03779,Female,Computer,93,73,68,8.5,1,4.1,0,Not At Risk
S03785,Male,IT,65,61,92,6.93,0,4.5,0,Not At Risk
S03786,Female,IT,66,83,68,9.92,0,5.1,0,Not At Risk
S03789,Female,Computer,83,100,97,8.82,0,3.1,0,Not At Risk
S03796,Female,IT,75,71,69,7.54,0,4.8,0,Not At Risk
S03800,Female,IT,94,82,92,6.93,0,5.1,0,Not At Risk
S03808,Female,AI,72,67,80,8.69,0,3.2,0,Not At Risk
S03809,Female,IT,48,56,49,6.47,3,2.2,1,At Risk
S03810,Female,Computer,96,59,85,6.53,0,6.2,0,Not At Risk
S03814,Male,Computer,69,85,86,7.77,0,4.9,0,Not At Risk
S03815,Female,IT,89,80,61,6.74,0,7.5,0,Not At Risk
S03831,Female,IT,89,93,60,9.57,0,4.0,0,Not At Risk
S03833,Female,AI,98,75,92,9.67,0,7.8,0,Not At Risk
S03834,Female,Computer,93,79,60,6.92,1,4.9,0,Not At Risk
S03835,Female,IT,51,44,68,5.05,2,3.6,1,At Risk
S03841,Female,AI,86,67,60,7.16,0,5.6,0,Not At Risk
S03846,Female,IT,99,64,99,9.56,0,6.8,0,Not At Risk
S03852,Male,IT,76,63,95,7.63,0,3.6,0,Not At Risk
S03860,Female,Computer,83,77,64,8.57,1,7.7,0,Not At Risk
S03872,Male,AI,73,62,92,9.4,0,7.3,0,Not At Risk
S03873,Female,AI,62,60,51,6.33,1,2.3,1,At Risk
S03876,Male,IT,81,68,76,8.32,0,5.9,0,Not At Risk
S03891,Female,IT,89,83,66,9.92,1,3.6,0,Not At Risk
S03899,Female,IT,96,58,65,7.84,0,5.5,0,Not At Risk
S03914,Female,Computer,47,35,46,6.06,2,1.1,1,At Risk
S03916,Female,IT,95,67,88,7.19,0,7.3,0,Not At Risk
S03919,Male,IT,57,62,68,5.74,2,3.3,1,At Risk
S03927,Male,IT,73,85,66,8.3,0,3.9,0,Not At Risk
S03929,Male,IT,98,75,94,8.26,0,7.7,0,Not At Risk
S03932,Male,Computer,75,68,96,6.63,0,6.0,0,Not At Risk
S03938,Male,IT,72,99,57,8.48,0,7.5,0,Not At Risk
S03947,Female,IT,67,70,76,6.59,1,6.0,0,Not At Risk
S03951,Female,Computer,80,85,93,8.14,0,3.1,0,Not At Risk
S03952,Male,AI,86,78,93,9.94,0,5.8,0,Not At Risk
S03961,Female,AI,66,87,81,9.16,0,4.5,0,Not At Risk
S03964,Female,Computer,98,87,89,7.73,0,7.9,0,Not At Risk
S03965,Male,IT,100,67,93,6.77,0,4.8,0,Not At Risk
S03966,Male,Computer,57,44,38,4.87,3,1.6,1,At Risk
S03983,Female,AI,90,96,97,9.71,0,7.1,0,Not At Risk
S03991,Male,Computer,97,85,82,7.94,0,3.9,0,Not At Risk
S03993,Male,AI,69,86,57,6.63,0,3.6,0,Not At Risk
S03994,Male,AI,94,96,73,8.53,1,4.8,0,Not At Risk
S03998,Male,Computer,62,53,64,5.38,1,3.5,1,At Risk
S04003,Male,AI,95,58,64,8.09,0,3.6,0,Not At Risk
S04015,Male,AI,68,62,66,7.69,0,5.8,0,Not At Risk
S04016,Male,Computer,95,60,83,8.75,0,4.9,0,Not At Risk
S04017,Male,IT,93,78,57,7.74,0,5.5,0,Not At Risk
S04032,Male,Computer,48,41,58,5.6,3,3.5,1,At Risk
S04033,Female,IT,76,77,57,6.67,0,3.5,0,Not At Risk
S04035,Male,AI,68,50,51,5.82,2,2.5,1,At Risk
S04038,Female,IT,72,64,79,9.33,0,5.9,0,Not At Risk
S04045,Male,Computer,82,98,83,7.81,0,4.6,0,Not At Risk
S04048,Male,Computer,96,77,57,9.5,0,7.5,0,Not At Risk
S04056,Female,AI,69,61,60,7.64,1,3.2,0,Not At Risk
S04059,Male,Computer,86,100,71,9.28,0,3.7,0,Not At Risk
S04065,Female,IT,70,88,76,7.44,0,4.1,0,Not At Risk
S04070,Female,AI,48,44,35,6.3,1,3.4,1,At Risk
S04071,Female,AI,77,92,62,7.5,0,5.1,0,Not At Risk
S04073,Male,Computer,97,96,74,8.96,1,6.1,0,Not At Risk
S04075,Male,Computer,94,97,75,9.82,0,7.6,0,Not At Risk
S04079,Male,AI,81,80,66,9.8,1,7.2,0,Not At Risk
S04080,Male,Computer,49,45,50,6.67,2,1.5,1,At Risk
S04084,Female,AI,83,99,58,6.57,0,6.5,0,Not At Risk
S04089,Male,IT,92,88,56,8.17,0,4.4,0,Not At Risk
S04092,Female,AI,45,61,65,6.77,3,1.0,1,At Risk
S04111,Male,Computer,83,91,93,8.51,0,4.0,0,Not At Risk
S04113,Male,Computer,56,37,37,6.41,2,3.5,1,At Risk
S04120,Male,Computer,95,69,57,7.46,0,5.9,0,Not At Risk
S04127,Female,IT,65,63,58,9.09,0,6.8,0,Not At Risk
S04128,Male,IT,82,66,58,8.9,0,4.8,0,Not At Risk
S04129,Female,AI,79,98,75,7.43,0,5.3,0,Not At Risk
S04130,Female,IT,97,88,89,9.9,0,6.2,0,Not At Risk
S04131,Male,Computer,67,57,84,9.23,0,7.6,0,Not At Risk
S04137,Female,IT,83,97,73,7.28,0,5.3,0,Not At Risk
S04147,Male,AI,57,35,66,5.0,3,2.2,1,At Risk
S04159,Male,IT,97,63,79,7.54,1,3.6,0,Not At Risk
S04161,Female,AI,66,92,61,6.99,0,7.4,0,Not At Risk
S04163,Female,Computer,79,64,95,9.1,1,3.2,0,Not At Risk
S04167,Female,AI,91,71,76,9.74,0,6.0,0,Not At Risk
S04170,Female,Computer,64,65,48,5.59,3,3.7,1,At Risk
S04172,Male,IT,89,76,97,7.78,0,3.8,0,Not At Risk
S04175,Female,AI,98,100,63,8.05,1,5.5,0,Not At Risk
S04176,Female,Computer,78,75,99,7.43,0,7.1,0,Not At Risk
S04179,Female,Computer,51,63,51,6.71,3,2.6,1,At Risk
S04180,Female,IT,96,59,78,9.66,1,4.2,0,Not At Risk
S04187,Male,AI,85,91,81,9.2,0,4.2,0,Not At Risk
S04190,Male,AI,69,84,76,6.54,0,3.6,0,Not At Risk
S04192,Female,IT,99,76,55,8.56,0,4.5,0,Not At Risk
S04196,Female,IT,60,63,59,5.32,1,3.8,1,At Risk
S04210,Male,AI,66,67,72,6.76,0,7.1,0,Not At Risk
S04214,Male,AI,96,74,73,7.19,1,3.4,0,Not At Risk
S04219,Female,AI,70,95,65,6.98,0,5.9,0,Not At Risk
S04220,Male,Computer,66,55,84,8.95,0,4.1,0,Not At Risk
S04223,Female,AI,89,55,73,7.6,0,5.9,0,Not At Risk
S04227,Male,AI,86,75,66,6.75,0,3.3,0,Not At Risk
S04229,Female,Computer,58,37,70,5.52,1,2.2,1,At Risk
S04236,Female,Computer,94,71,77,8.09,0,4.6,0,Not At Risk
S04239,Male,AI,87,100,89,8.03,0,3.3,0,Not At Risk
S04246,Female,AI,46,55,52,6.6,3,3.4,1,At Risk
S04250,Female,Computer,96,75,75,9.81,0,3.3,0,Not At Risk
S04251,Female,Computer,54,51,54,5.18,2,1.1,1,At Risk
S04253,Male,AI,94,56,63,7.43,0,4.5,0,Not At Risk
S04256,Female,IT,90,59,83,6.95,0,5.4,0,Not At Risk
S04268,Male,IT,97,70,75,7.05,0,7.2,0,Not At Risk
S04271,Male,IT,92,96,85,9.76,0,4.4,0,Not At Risk
S04272,Female,AI,95,65,90,8.8,1,6.3,0,Not At Risk
S04274,Female,AI,91,88,73,9.78,0,4.7,0,Not At Risk
S04276,Male,AI,96,80,91,8.86,0,6.5,0,Not At Risk
S04282,Female,Computer,79,86,64,7.13,0,3.6,0,Not At Risk
S04288,Male,IT,65,98,91,8.72,0,5.6,0,Not At Risk
S04294,Male,Computer,84,93,79,6.8,0,7.9,0,Not At Risk
S04300,Female,AI,80,95,94,8.43,0,3.5,0,Not At Risk
S04302,Male,AI,63,38,58,5.1,1,3.8,1,At Risk
S04306,Female,IT,90,91,99,8.91,0,6.5,0,Not At Risk
S04307,Male,AI,70,84,79,9.54,0,7.1,0,Not At Risk
S04318,Male,IT,57,62,51,6.31,2,2.3,1,At Risk
S04319,Male,Computer,64,53,54,4.97,3,3.4,1,At Risk
S04321,Female,Computer,55,35,63,5.44,2,1.0,1,At Risk
S04324,Male,Computer,90,72,97,7.53,0,4.7,0,Not At Risk
S04332,Female,Computer,66,74,95,7.54,0,7.7,0,Not At Risk
S04337,Male,IT,87,69,74,8.08,0,5.2,0,Not At Risk
S04338,Male,IT,74,58,94,9.71,0,5.7,0,Not At Risk
S04341,Female,Computer,80,91,87,7.9,1,4.0,0,Not At Risk
S04350,Male,IT,81,73,91,7.66,0,3.8,0,Not At Risk
S04356,Male,AI,82,85,91,7.12,0,3.2,0,Not At Risk
S04362,Male,IT,69,43,63,4.97,3,1.0,1,At Risk
S04366,Female,Computer,94,94,80,9.17,1,5.5,0,Not At Risk
S04367,Female,Computer,46,55,39,5.37,2,3.5,1,At Risk
S04370,Female,AI,92,68,86,8.96,0,6.0,0,Not At Risk
S04371,Male,IT,95,91,85,8.81,0,4.9,0,Not At Risk
S04376,Female,Computer,85,60,65,6.8,0,5.5,0,Not At Risk
S04380,Female,AI,86,57,83,9.03,1,7.6,0,Not At Risk
S04381,Female,IT,79,86,71,8.46,0,6.6,0,Not At Risk
S04382,Male,IT,50,65,56,6.68,3,2.7,1,At Risk
S04389,Female,IT,86,65,94,7.5,0,4.6,0,Not At Risk
S04390,Female,AI,53,36,67,5.51,1,2.2,1,At Risk
S04392,Male,IT,50,55,59,6.6,3,3.7,1,At Risk
S04395,Male,AI,80,81,96,9.32,1,3.3,0,Not At Risk
S04402,Male,Computer,77,96,60,7.22,0,4.6,0,Not At Risk
S04404,Male,IT,59,44,41,5.44,1,3.2,1,At Risk
S04406,Male,AI,73,84,99,9.58,1,4.2,0,Not At Risk
S04416,Female,Computer,97,99,56,6.7,0,6.3,0,Not At Risk
S04419,Male,AI,89,72,77,8.19,0,5.4,0,Not At Risk
S04420,Female,AI,61,57,47,6.54,3,3.3,1,At Risk
S04425,Female,IT,58,38,39,5.24,3,2.0,1,At Risk
S04429,Female,AI,63,48,49,4.92,1,2.5,1,At Risk
S04431,Male,IT,80,55,62,6.97,0,5.0,0,Not At Risk
S04449,Male,AI,75,55,100,6.76,0,4.4,0,Not At Risk
S04455,Female,IT,66,57,100,9.63,0,6.5,0,Not At Risk
S04459,Female,AI,59,39,35,6.14,1,3.7,1,At Risk
S04465,Female,IT,80,59,80,7.38,0,6.0,0,Not At Risk
S04472,Female,IT,90,91,69,9.37,0,5.8,0,Not At Risk
S04477,Female,AI,67,98,69,9.16,0,4.2,0,Not At Risk
S04480,Female,IT,77,56,88,6.85,0,5.0,0,Not At Risk
S04481,Male,AI,78,95,94,9.55,1,6.5,0,Not At Risk
S04488,Female,Computer,75,72,93,8.15,0,4.9,0,Not At Risk
S04489,Female,IT,57,44,61,5.75,2,3.1,1,At Risk
S04502,Female,AI,91,66,68,8.71,0,4.0,0,Not At Risk
S04515,Male,IT,57,65,44,5.83,1,1.7,1,At Risk
S04521,Female,Computer,71,95,55,8.29,1,3.4,0,Not At Risk
S04525,Female,AI,85,85,69,9.47,0,7.5,0,Not At Risk
S04533,Female,Computer,59,62,60,5.9,1,3.9,1,At Risk
S04537,Female,Computer,80,90,69,8.27,0,4.5,0,Not At Risk
S04539,Female,AI,77,69,56,8.33,0,7.1,0,Not At Risk
S04540,Female,AI,80,63,92,8.77,0,7.1,0,Not At Risk
S04556,Female,IT,82,86,67,8.85,1,7.3,0,Not At Risk
S04564,Female,IT,91,83,62,9.79,1,4.6,0,Not At Risk
S04570,Male,IT,81,71,90,8.98,0,4.4,0,Not At Risk
S04574,Female,Computer,78,72,71,9.98,1,5.9,0,Not At Risk
S04576,Female,IT,88,87,84,9.43,0,7.8,0,Not At Risk
S04580,Male,IT,68,57,73,6.92,0,5.0,0,Not At Risk
S04581,Female,IT,74,85,55,8.03,0,7.4,0,Not At Risk
S04585,Male,IT,79,91,59,7.61,0,8.0,0,Not At Risk
S04586,Female,IT,58,36,53,5.57,2,4.0,1,At Risk
S04587,Male,AI,51,48,36,5.58,1,2.0,1,At Risk
S04590,Female,IT,85,73,96,6.51,0,6.7,0,Not At Risk
S04591,Male,IT,65,38,61,6.76,2,1.7,1,At Risk
S04604,Female,Computer,92,76,70,7.03,0,3.6,0,Not At Risk
S04605,Female,IT,66,51,41,6.76,1,1.3,1,At Risk
S04607,Female,Computer,84,90,97,9.18,0,7.0,0,Not At Risk
S04613,Female,AI,66,63,95,6.76,0,7.5,0,Not At Risk
S04616,Female,AI,50,47,35,6.52,1,1.0,1,At Risk
S04626,Female,IT,77,66,78,8.83,1,7.1,0,Not At Risk
S04634,Male,IT,96,71,85,8.19,0,6.8,0,Not At Risk
S04635,Male,Computer,68,73,55,8.43,0,4.2,0,Not At Risk
S04638,Male,AI,53,39,58,6.57,2,2.4,1,At Risk
S04642,Male,AI,83,84,76,9.65,0,4.8,0,Not At Risk
S04643,Female,IT,68,79,91,8.96,0,6.4,0,Not At Risk
S04646,Male,AI,98,82,68,9.01,0,7.4,0,Not At Risk
S04666,Female,Computer,88,100,64,9.59,0,5.7,0,Not At Risk
S04669,Male,Computer,70,71,94,8.94,0,6.3,0,Not At Risk
S04670,Male,Computer,90,66,83,7.67,0,4.3,0,Not At Risk
S04671,Male,AI,86,80,80,7.26,0,3.3,0,Not At Risk
S04681,Male,AI,88,59,92,7.74,1,6.8,0,Not At Risk
S04686,Male,IT,91,74,86,9.8,1,5.6,0,Not At Risk
S04689,Male,AI,90,74,77,9.13,0,5.7,0,Not At Risk
S04690,Male,IT,71,55,90,9.67,1,5.4,0,Not At Risk
S04692,Female,AI,86,70,69,7.32,1,5.2,0,Not At Risk
S04695,Female,Computer,85,58,75,9.87,0,6.0,0,Not At Risk
S04696,Male,IT,65,71,85,6.96,1,3.1,0,Not At Risk
S04707,Female,IT,83,57,75,9.05,0,5.9,0,Not At Risk
S04712,Female,AI,95,87,96,9.51,0,6.9,0,Not At Risk
S04713,Female,Computer,92,70,58,8.56,1,5.3,0,Not At Risk
S04718,Female,IT,86,94,74,8.85,0,5.1,0,Not At Risk
S04724,Female,IT,69,39,69,5.01,2,2.6,1,At Risk
S04726,Male,Computer,75,74,60,7.28,0,5.4,0,Not At Risk
S04732,Male,Computer,85,75,88,8.07,0,4.7,0,Not At Risk
S04743,Male,AI,67,57,71,7.75,0,4.4,0,Not At Risk
S04744,Female,IT,85,61,74,6.54,1,3.5,0,Not At Risk
S04748,Female,IT,89,64,78,8.04,0,3.8,0,Not At Risk
S04749,Female,Computer,73,83,80,8.58,1,5.0,0,Not At Risk
S04753,Male,IT,70,71,71,8.07,1,4.7,0,Not At Risk
S04757,Male,Computer,100,67,83,7.36,1,7.7,0,Not At Risk
S04760,Male,IT,56,45,59,4.97,1,1.4,1,At Risk
S04766,Male,AI,74,81,85,7.05,0,4.2,0,Not At Risk
S04780,Male,Computer,86,61,95,9.24,0,7.3,0,Not At Risk
S04781,Female,AI,70,59,50,5.47,2,1.4,1,At Risk
S04783,Male,IT,64,63,68,4.93,3,4.0,1,At Risk
S04793,Female,IT,70,87,89,7.91,0,4.8,0,Not At Risk
S04799,Male,Computer,69,46,61,5.96,2,1.1,1,At Risk
S04802,Female,AI,89,80,69,7.31,1,3.5,0,Not At Risk
S04803,Male,AI,77,61,55,6.72,0,6.5,0,Not At Risk
S04809,Female,AI,75,73,92,7.09,0,4.8,0,Not At Risk
S04821,Female,IT,47,53,39,6.13,3,3.8,1,At Risk
S04827,Female,AI,53,64,62,5.58,1,1.2,1,At Risk
S04828,Female,IT,85,67,69,6.84,1,6.8,0,Not At Risk
S04837,Male,IT,68,38,68,5.45,2,2.7,1,At Risk
S04838,Female,IT,87,65,91,6.57,0,3.2,0,Not At Risk
S04841,Female,AI,64,46,52,4.87,3,3.2,1,At Risk
S04848,Male,Computer,84,64,55,8.63,0,3.2,0,Not At Risk
S04858,Male,AI,100,83,88,7.22,0,3.6,0,Not At Risk
S04861,Female,IT,99,90,70,8.39,0,5.2,0,Not At Risk
S04870,Female,Computer,79,60,61,8.51,0,6.6,0,Not At Risk
S04879,Female,AI,66,69,75,8.93,0,3.1,0,Not At Risk
S04886,Male,IT,66,91,59,9.45,0,7.8,0,Not At Risk
S04893,Male,IT,86,56,83,9.54,0,6.9,0,Not At Risk
S04894,Female,Computer,82,85,85,9.5,1,7.4,0,Not At Risk
S04896,Female,IT,56,44,59,5.0,3,1.8,1,At Risk
S04913,Female,Computer,78,86,71,9.82,0,7.7,0,Not At Risk
S04916,Female,Computer,86,68,55,8.9,0,5.4,0,Not At Risk
S04920,Female,Computer,67,58,85,8.61,1,7.0,0,Not At Risk
S04921,Female,IT,96,84,98,8.34,0,4.4,0,Not At Risk
S04927,Male,IT,71,90,55,6.82,1,6.4,0,Not At Risk
S04930,Female,AI,70,96,64,6.6,0,7.1,0,Not At Risk
S04933,Female,IT,95,70,74,8.7,0,3.3,0,Not At Risk
S04944,Female,IT,63,41,58,5.22,1,3.0,1,At Risk
S04947,Male,Computer,93,78,81,9.83,1,8.0,0,Not At Risk
S04955,Female,AI,91,58,64,8.19,0,7.0,0,Not At Risk
S04958,Female,IT,89,92,71,8.82,1,6.8,0,Not At Risk
S04968,Male,IT,95,64,97,9.76,1,5.0,0,Not At Risk
S04972,Female,IT,98,95,82,9.72,1,7.0,0,Not At Risk
S04978,Male,Computer,69,40,56,6.31,1,1.2,1,At Risk
S04984,Female,AI,74,58,94,7.02,0,7.4,0,Not At Risk
S04989,Female,AI,65,100,89,8.63,1,7.4,0,Not At Risk
S04991,Female,AI,85,90,70,6.7,1,3.1,0,Not At Risk
S04993,Male,Computer,68,75,95,9.28,0,7.5,0,Not At Risk
S04995,Male,IT,89,65,87,7.08,0,6.9,0,Not At Risk
S04996,Female,Computer,79,66,55,7.8,0,7.8,0,Not At Risk
S04997,Female,Computer,88,58,62,7.16,0,4.3,0,Not At Risk
S05001,Female,AI,69,76,82,8.53,0,4.1,0,Not At Risk
S05005,Male,Computer,84,94,60,6.98,0,5.7,0,Not At Risk
S05018,Female,IT,67,64,60,5.08,1,2.7,1,At Risk
S05022,Male,IT,69,98,83,8.59,0,6.2,0,Not At Risk
S05024,Male,AI,100,55,94,8.41,0,7.4,0,Not At Risk
S05027,Male,IT,48,41,39,6.14,3,3.1,1,At Risk
S05028,Female,AI,91,74,58,7.62,1,6.2,0,Not At Risk
S05030,Male,AI,80,83,61,6.94,1,3.1,0,Not At Risk
S05033,Male,IT,82,71,70,7.19,0,5.5,0,Not At Risk
S05035,Male,Computer,65,83,88,7.46,1,4.3,0,Not At Risk
S05038,Female,Computer,100,82,80,8.09,0,5.9,0,Not At Risk
S05042,Female,Computer,65,63,51,5.65,3,3.2,1,At Risk
S05046,Male,Computer,91,73,79,8.73,0,5.9,0,Not At Risk
S05049,Male,IT,82,80,63,8.79,1,6.6,0,Not At Risk
S05059,Male,AI,85,65,88,9.08,0,6.8,0,Not At Risk
S05063,Female,AI,60,65,64,5.06,3,2.9,1,At Risk
S05068,Male,Computer,69,55,76,8.75,1,5.8,0,Not At Risk
S05074,Male,IT,74,61,97,8.29,0,4.3,0,Not At Risk
S05077,Male,Computer,76,71,100,8.8,0,3.7,0,Not At Risk
S05079,Female,AI,80,83,93,9.74,1,5.5,0,Not At Risk
S05089,Male,IT,49,65,55,5.25,3,1.2,1,At Risk
S05092,Female,IT,89,66,66,7.88,1,4.6,0,Not At Risk
S05095,Female,IT,82,62,92,8.97,1,6.3,0,Not At Risk
S05097,Male,AI,74,86,83,9.79,0,7.2,0,Not At Risk
S05099,Male,AI,47,55,42,6.38,1,1.3,1,At Risk
S05104,Female,AI,90,78,84,9.59,0,5.9,0,Not At Risk
S05106,Male,Computer,84,82,99,7.15,0,6.5,0,Not At Risk
S05108,Male,IT,83,65,89,8.59,1,6.5,0,Not At Risk
S05109,Male,AI,91,64,92,7.21,1,3.6,0,Not At Risk
S05115,Female,AI,99,87,87,7.04,0,5.3,0,Not At Risk
S05116,Female,AI,99,98,82,9.99,1,7.9,0,Not At Risk
S05131,Female,AI,66,35,51,6.05,2,2.5,1,At Risk
S05140,Female,Computer,88,61,68,8.68,0,7.9,0,Not At Risk
S05144,Female,IT,75,90,55,8.22,0,4.9,0,Not At Risk
S05147,Female,AI,76,91,67,9.54,1,3.1,0,Not At Risk
S05148,Female,Computer,88,87,84,9.03,1,3.1,0,Not At Risk
S05151,Female,AI,69,41,54,6.33,2,3.8,1,At Risk
S05156,Female,Computer,96,79,72,9.32,0,3.6,0,Not At Risk
S05157,Female,IT,50,39,35,5.88,3,1.6,1,At Risk
S05160,Male,AI,86,59,57,9.83,0,5.6,0,Not At Risk
S05161,Male,AI,57,39,68,6.8,2,1.0,1,At Risk
S05166,Male,AI,80,81,87,6.6,0,7.9,0,Not At Risk
S05169,Male,AI,97,58,74,7.32,0,6.5,0,Not At Risk
S05175,Male,Computer,85,88,89,8.43,0,5.7,0,Not At Risk
S05183,Female,IT,67,53,70,4.81,3,3.5,1,At Risk
S05197,Male,IT,94,85,95,7.74,0,4.4,0,Not At Risk
S05204,Male,IT,87,74,85,7.19,0,5.1,0,Not At Risk
S05210,Male,AI,69,86,78,7.43,0,3.5,0,Not At Risk
S05216,Male,IT,65,92,92,9.59,1,3.6,0,Not At Risk
S05231,Male,AI,92,57,77,9.34,0,5.9,0,Not At Risk
S05232,Female,Computer,53,40,50,5.66,1,2.3,1,At Risk
S05239,Male,Computer,98,93,72,7.28,0,3.2,0,Not At Risk
S05242,Male,IT,90,100,66,8.45,0,5.2,0,Not At Risk
S05247,Female,Computer,91,90,61,7.21,0,7.6,0,Not At Risk
S05250,Male,Computer,96,59,81,6.68,0,4.2,0,Not At Risk
S05253,Male,Computer,66,70,92,6.81,1,5.7,0,Not At Risk
S05254,Male,AI,80,83,94,8.72,0,7.5,0,Not At Risk
S05256,Female,Computer,80,81,92,8.31,0,4.2,0,Not At Risk
S05262,Female,Computer,73,83,84,9.89,0,6.5,0,Not At Risk
S05264,Male,IT,95,73,59,8.94,0,6.2,0,Not At Risk
S05273,Male,IT,100,55,87,9.06,0,4.6,0,Not At Risk
S05276,Female,IT,76,77,57,6.73,1,4.9,0,Not At Risk
S05310,Female,Computer,72,70,55,9.78,0,6.7,0,Not At Risk
S05312,Female,IT,93,56,75,7.29,0,4.3,0,Not At Risk
S05313,Male,IT,86,73,61,6.96,1,4.9,0,Not At Risk
S05330,Male,AI,67,84,98,7.46,0,5.5,0,Not At Risk
S05331,Female,Computer,99,63,97,7.41,0,6.4,0,Not At Risk
S05332,Female,IT,87,59,63,6.71,0,6.3,0,Not At Risk
S05340,Female,AI,89,77,83,8.41,0,7.2,0,Not At Risk
S05366,Male,Computer,83,75,68,7.18,0,3.1,0,Not At Risk
S05367,Male,Computer,67,55,56,7.04,1,4.7,0,Not At Risk
S05368,Female,IT,92,73,100,6.81,1,4.1,0,Not At Risk
S05376,Female,Computer,93,62,59,6.54,0,7.7,0,Not At Risk
S05379,Male,IT,59,49,59,5.88,3,2.9,1,At Risk
S05382,Male,Computer,66,94,77,8.99,0,6.4,0,Not At Risk
S05383,Male,IT,71,94,94,9.81,0,3.7,0,Not At Risk
S05386,Female,Computer,66,82,66,8.42,0,4.6,0,Not At Risk
S05390,Male,IT,81,61,100,7.99,1,3.7,0,Not At Risk
S05392,Male,Computer,80,74,88,8.19,0,5.9,0,Not At Risk
S05401,Female,IT,98,74,62,7.29,0,3.6,0,Not At Risk
S05405,Female,IT,81,61,61,8.76,0,3.2,0,Not At Risk
S05415,Male,AI,98,90,87,6.55,0,3.0,0,Not At Risk
S05417,Male,Computer,77,55,84,6.75,0,7.5,0,Not At Risk
S05418,Female,AI,75,68,100,8.57,1,7.7,0,Not At Risk
S05419,Female,Computer,53,37,57,6.5,3,1.2,1,At Risk
S05424,Female,IT,97,77,84,9.46,0,7.5,0,Not At Risk
S05431,Male,Computer,76,81,66,8.43,1,4.7,0,Not At Risk
S05449,Male,Computer,97,77,63,8.55,0,4.4,0,Not At Risk
S05453,Female,IT,75,66,91,8.34,0,6.3,0,Not At Risk
S05459,Female,Computer,70,99,88,8.83,1,4.9,0,Not At Risk
S05467,Male,IT,68,66,73,7.72,1,3.4,0,Not At Risk
S05468,Male,IT,94,72,68,7.67,0,6.0,0,Not At Risk
S05469,Female,Computer,67,36,44,5.21,2,1.8,1,At Risk
S05470,Male,Computer,69,57,79,6.51,1,4.9,0,Not At Risk
S05479,Male,AI,88,81,90,9.28,0,4.1,0,Not At Risk
S05487,Male,Computer,95,61,70,7.84,0,4.7,0,Not At Risk
S05493,Male,IT,86,58,96,8.55,1,5.8,0,Not At Risk
S05495,Female,IT,53,63,68,5.35,3,2.5,1,At Risk
S05501,Male,AI,97,64,59,7.48,0,6.0,0,Not At Risk
S05506,Female,IT,98,97,96,8.49,0,7.5,0,Not At Risk
S05508,Female,IT,51,62,56,5.91,3,3.7,1,At Risk
S05509,Male,Computer,93,87,96,9.8,0,6.9,0,Not At Risk
S05511,Female,IT,68,87,99,9.97,0,7.0,0,Not At Risk
S05512,Female,Computer,77,55,55,8.19,1,7.4,0,Not At Risk
S05513,Male,AI,84,87,74,7.88,1,4.4,0,Not At Risk
S05515,Female,IT,65,59,59,5.94,3,3.5,1,At Risk
S05518,Female,Computer,69,64,82,8.81,1,5.1,0,Not At Risk
S05523,Male,Computer,86,98,81,8.37,0,6.1,0,Not At Risk
S05528,Female,AI,88,80,93,8.74,0,3.5,0,Not At Risk
S05543,Male,Computer,71,98,55,9.73,0,6.9,0,Not At Risk
S05548,Female,AI,52,52,62,6.05,2,3.5,1,At Risk
S05549,Female,AI,47,36,56,4.94,1,2.7,1,At Risk
S05565,Male,IT,81,94,55,7.33,0,5.2,0,Not At Risk
S05576,Male,IT,83,97,100,9.62,1,6.6,0,Not At Risk
S05578,Male,Computer,67,65,79,6.57,0,5.6,0,Not At Risk
S05586,Female,Computer,83,80,97,6.77,0,6.9,0,Not At Risk
S05597,Female,IT,70,87,68,7.2,1,5.8,0,Not At Risk
S05598,Male,IT,84,64,77,6.58,0,4.1,0,Not At Risk
S05605,Female,Computer,75,99,83,8.88,1,5.4,0,Not At Risk
S05609,Female,AI,100,85,85,8.17,0,4.3,0,Not At Risk
S05616,Female,AI,77,94,97,9.92,0,3.3,0,Not At Risk
S05621,Male,IT,97,88,79,8.96,0,5.7,0,Not At Risk
S05624,Female,Computer,90,65,59,9.09,0,4.9,0,Not At Risk
S05628,Female,Computer,69,87,63,7.13,1,5.8,0,Not At Risk
S05631,Male,IT,88,99,66,7.17,0,8.0,0,Not At Risk
S05640,Male,Computer,95,55,78,8.0,0,4.8,0,Not At Risk
S05644,Female,Computer,91,83,67,8.48,0,4.9,0,Not At Risk
S05645,Male,IT,63,44,44,6.03,1,3.3,1,At Risk
S05653,Female,Computer,91,55,77,8.23,0,3.9,0,Not At Risk
S05655,Female,AI,71,93,79,9.45,0,6.0,0,Not At Risk
S05656,Male,Computer,69,86,96,7.96,0,3.1,0,Not At Risk
S05661,Female,Computer,66,77,69,7.13,0,7.8,0,Not At Risk
S05668,Female,AI,67,71,99,9.98,0,3.7,0,Not At Risk
S05669,Male,Computer,97,98,97,8.36,0,4.6,0,Not At Risk
S05695,Male,Computer,56,65,59,5.07,2,1.7,1,At Risk
S05699,Male,IT,54,53,64,5.6,3,2.4,1,At Risk
S05708,Female,Computer,72,78,86,8.41,1,3.6,0,Not At Risk
S05724,Female,IT,75,75,61,8.24,0,6.2,0,Not At Risk
S05727,Male,IT,90,57,84,7.07,0,3.8,0,Not At Risk
S05728,Male,AI,53,51,64,5.64,3,2.2,1,At Risk
S05730,Female,IT,77,66,58,7.81,0,5.1,0,Not At Risk
S05736,Male,AI,86,88,82,7.74,0,7.7,0,Not At Risk
S05741,Male,Computer,56,40,44,6.69,3,1.7,1,At Risk
S05743,Male,AI,53,52,60,5.9,2,1.1,1,At Risk
S05748,Female,Computer,67,65,94,8.81,1,7.6,0,Not At Risk
S05754,Male,AI,56,42,69,5.31,3,2.3,1,At Risk
S05758,Male,IT,72,77,95,8.52,1,5.1,0,Not At Risk
S05759,Female,IT,66,89,56,8.18,0,5.1,0,Not At Risk
S05769,Female,IT,73,66,85,7.76,0,3.7,0,Not At Risk
S05772,Male,AI,93,71,78,6.84,1,4.7,0,Not At Risk
S05787,Male,Computer,92,67,98,8.98,0,3.3,0,Not At Risk
S05793,Male,IT,88,73,93,8.62,0,7.6,0,Not At Risk
S05796,Female,IT,93,98,56,8.19,0,4.9,0,Not At Risk
S05809,Female,IT,97,78,87,9.76,0,3.7,0,Not At Risk
S05813,Male,AI,91,70,58,8.62,1,6.5,0,Not At Risk
S05817,Male,IT,69,46,45,6.29,3,2.5,1,At Risk
S05826,Female,IT,83,75,79,9.75,0,4.4,0,Not At Risk
S05836,Female,Computer,73,97,77,8.07,0,4.2,0,Not At Risk
S05839,Male,AI,74,58,69,6.75,0,6.1,0,Not At Risk
S05849,Male,Computer,67,43,41,6.25,1,2.9,1,At Risk
S05851,Female,IT,72,64,82,7.25,0,6.2,0,Not At Risk
S05855,Female,IT,90,65,59,8.53,0,6.0,0,Not At Risk
S05858,Female,IT,87,89,82,9.68,1,5.2,0,Not At Risk
S05860,Male,IT,91,72,76,6.73,0,5.9,0,Not At Risk
S05867,Male,IT,81,92,85,8.71,0,6.4,0,Not At Risk
S05871,Female,AI,70,63,55,8.5,0,3.3,0,Not At Risk
S05874,Male,IT,83,98,75,8.62,1,6.2,0,Not At Risk
S05878,Female,IT,67,84,90,8.05,0,4.6,0,Not At Risk
S05885,Female,Computer,76,86,82,6.94,0,3.8,0,Not At Risk
S05890,Male,AI,70,62,69,7.32,1,6.1,0,Not At Risk
S05902,Male,Computer,93,55,95,6.69,0,3.2,0,Not At Risk
S05906,Female,Computer,70,88,73,8.28,0,4.8,0,Not At Risk
S05907,Female,AI,74,77,73,8.13,0,6.3,0,Not At Risk
S05913,Female,Computer,64,38,49,6.35,3,2.8,1,At Risk
S05917,Male,Computer,73,66,69,9.91,1,7.6,0,Not At Risk
S05918,Male,IT,69,93,85,7.71,1,3.2,0,Not At Risk
S05921,Female,IT,99,66,81,9.8,0,7.7,0,Not At Risk
S05922,Female,IT,68,90,88,7.71,0,5.6,0,Not At Risk
S05925,Female,Computer,63,56,64,6.22,3,2.3,1,At Risk
S05926,Male,IT,63,56,48,5.17,1,1.8,1,At Risk
S05931,Male,Computer,48,53,67,6.47,3,1.5,1,At Risk
S05932,Male,IT,88,66,57,8.04,0,4.8,0,Not At Risk
S05946,Female,IT,89,63,65,7.93,1,4.9,0,Not At Risk
S05953,Male,IT,68,43,48,6.48,2,2.8,1,At Risk
S05957,Male,AI,84,68,79,8.36,1,4.6,0,Not At Risk
S05962,Male,Computer,71,56,55,9.03,0,7.3,0,Not At Risk
S05964,Male,Computer,80,79,59,7.27,0,3.3,0,Not At Risk
S05969,Female,IT,79,85,68,9.9,0,7.9,0,Not At Risk
S05972,Male,Computer,90,79,59,8.4,1,3.5,0,Not At Risk
S05978,Female,Computer,70,65,62,5.26,1,2.7,1,At Risk
S05979,Male,IT,57,43,43,6.62,3,3.8,1,At Risk
S05986,Male,AI,74,55,64,6.56,0,6.5,0,Not At Risk
S05988,Male,Computer,96,90,55,8.25,0,6.1,0,Not At Risk
S05991,Female,AI,69,95,57,7.4,1,3.6,0,Not At Risk
S05999,Female,IT,77,90,90,7.1,0,3.7,0,Not At Risk
S06003,Male,Computer,94,95,80,6.76,0,7.5,0,Not At Risk
S06007,Female,AI,88,83,93,9.14,0,3.6,0,Not At Risk
S06011,Male,IT,75,80,83,7.96,0,6.5,0,Not At Risk
S06016,Female,IT,87,89,73,8.8,0,4.2,0,Not At Risk
S06025,Female,Computer,48,58,42,4.93,2,1.4,1,At Risk
S06032,Male,AI,95,76,61,7.6,1,6.3,0,Not At Risk
S06036,Female,AI,85,74,56,7.1,0,3.5,0,Not At Risk
S06045,Female,IT,94,58,66,9.4,0,3.1,0,Not At Risk
S06053,Female,AI,58,45,35,4.99,3,3.9,1,At Risk
S06055,Female,AI,58,39,54,5.99,1,2.0,1,At Risk
S06058,Male,IT,70,58,66,6.15,2,3.4,1,At Risk
S06059,Female,IT,96,82,97,7.79,0,7.3,0,Not At Risk
S06060,Male,IT,92,95,76,6.89,0,6.0,0,Not At Risk
S06067,Female,Computer,69,76,59,7.23,1,4.9,0,Not At Risk
S06072,Male,AI,89,83,98,8.2,0,4.6,0,Not At Risk
S06073,Male,Computer,100,71,67,8.55,0,6.7,0,Not At Risk
S06079,Female,AI,87,84,99,8.53,0,3.5,0,Not At Risk
S06082,Female,AI,90,80,88,9.5,0,3.7,0,Not At Risk
S06084,Female,Computer,71,72,65,6.64,1,8.0,0,Not At Risk
S06088,Male,AI,99,83,80,6.74,1,5.1,0,Not At Risk
S06099,Female,AI,68,64,52,5.97,1,2.9,1,At Risk
S06114,Female,AI,82,75,78,9.89,1,4.2,0,Not At Risk
S06122,Female,AI,80,85,89,9.91,0,6.7,0,Not At Risk
S06123,Female,Computer,64,51,36,5.55,3,1.8,1,At Risk
S06128,Female,IT,97,91,91,7.3,0,4.8,0,Not At Risk
S06138,Male,IT,85,70,79,9.44,1,3.5,0,Not At Risk
S06139,Male,IT,93,84,64,7.02,0,6.5,0,Not At Risk
S06153,Female,AI,90,63,87,8.52,0,3.0,0,Not At Risk
S06164,Male,AI,64,44,66,5.33,2,1.5,1,At Risk
S06169,Male,Computer,99,70,61,9.99,0,7.9,0,Not At Risk
S06173,Female,AI,99,62,75,8.14,0,7.3,0,Not At Risk
S06183,Male,AI,90,68,100,7.67,0,6.3,0,Not At Risk
S06184,Male,Computer,56,37,47,4.95,1,2.0,1,At Risk
S06187,Male,IT,69,94,99,9.9,1,5.8,0,Not At Risk
S06193,Female,IT,73,73,61,7.79,0,5.6,0,Not At Risk
S06199,Male,IT,60,51,39,4.83,1,2.5,1,At Risk
S06206,Male,AI,68,87,60,9.44,1,4.2,0,Not At Risk
S06210,Female,IT,78,75,64,7.08,0,4.3,0,Not At Risk
S06222,Male,AI,50,39,39,5.29,3,3.3,1,At Risk
S06230,Male,AI,88,61,66,6.84,1,6.0,0,Not At Risk
S06241,Male,AI,65,85,99,8.46,1,7.7,0,Not At Risk
S06242,Female,AI,78,97,88,9.83,0,7.4,0,Not At Risk
S06244,Male,AI,65,57,64,7.51,0,4.7,0,Not At Risk
S06254,Male,AI,71,90,57,8.89,0,6.3,0,Not At Risk
S06255,Male,IT,54,58,41,5.38,2,3.4,1,At Risk
S06256,Female,Computer,80,98,72,8.18,0,6.6,0,Not At Risk
S06278,Male,AI,65,98,79,7.53,1,4.4,0,Not At Risk
S06282,Female,Computer,91,74,65,8.13,0,6.7,0,Not At Risk
S06284,Female,AI,95,94,82,8.18,0,4.9,0,Not At Risk
S06289,Female,IT,72,81,57,9.29,0,5.9,0,Not At Risk
S06296,Male,AI,88,95,91,9.41,0,6.5,0,Not At Risk
S06320,Male,Computer,89,80,58,7.0,0,5.0,0,Not At Risk
S06324,Male,Computer,75,61,68,6.9,0,6.5,0,Not At Risk
S06325,Male,IT,70,74,69,6.57,0,4.5,0,Not At Risk
S06328,Female,Computer,48,54,58,4.98,1,1.6,1,At Risk
S06331,Male,AI,98,86,63,8.36,0,5.6,0,Not At Risk
S06332,Female,AI,73,69,72,7.39,0,3.3,0,Not At Risk
S06336,Male,AI,59,36,59,5.65,3,3.8,1,At Risk
S06340,Female,IT,91,84,61,7.67,0,7.9,0,Not At Risk
S06343,Female,Computer,86,63,77,8.11,0,4.7,0,Not At Risk
S06344,Male,Computer,97,96,71,8.37,1,3.3,0,Not At Risk
S06358,Male,IT,99,60,89,9.1,1,5.2,0,Not At Risk
S06370,Female,IT,70,36,51,5.4,1,2.0,1,At Risk
S06372,Male,Computer,59,45,69,5.94,3,1.6,1,At Risk
S06374,Male,AI,65,97,68,7.03,0,5.6,0,Not At Risk
S06375,Male,Computer,94,85,78,7.97,1,6.1,0,Not At Risk
S06387,Female,IT,87,69,60,6.96,0,7.5,0,Not At Risk
S06390,Female,AI,91,84,57,6.87,0,4.8,0,Not At Risk
S06393,Male,Computer,94,100,62,6.79,0,5.5,0,Not At Risk
S06397,Male,IT,81,94,88,7.37,0,5.6,0,Not At Risk
S06402,Female,Computer,92,73,80,9.02,0,5.5,0,Not At Risk
S06409,Female,Computer,83,84,87,9.11,0,3.8,0,Not At Risk
S06410,Female,IT,84,82,72,9.99,0,3.4,0,Not At Risk
S06412,Female,IT,87,90,76,8.38,0,6.1,0,Not At Risk
S06413,Female,IT,91,89,64,6.99,0,3.5,0,Not At Risk
S06418,Male,Computer,91,88,86,7.24,0,3.7,0,Not At Risk
S06444,Female,Computer,82,86,93,9.13,0,6.1,0,Not At Risk
S06445,Male,IT,70,73,58,6.95,1,7.8,0,Not At Risk
S06453,Female,Computer,63,42,40,6.05,3,1.5,1,At Risk
S06457,Female,IT,84,69,78,8.47,0,3.1,0,Not At Risk
S06458,Female,IT,77,99,79,7.19,0,5.9,0,Not At Risk
S06462,Female,AI,68,55,67,9.3,0,5.7,0,Not At Risk
S06466,Male,Computer,97,60,90,6.81,1,3.4,0,Not At Risk
S06469,Male,AI,98,55,56,9.27,0,6.8,0,Not At Risk
S06472,Male,AI,69,50,44,5.33,1,2.9,1,At Risk
S06476,Male,Computer,73,79,77,7.98,1,5.7,0,Not At Risk
S06482,Female,Computer,79,91,70,7.48,0,6.5,0,Not At Risk
S06484,Female,IT,65,78,64,6.78,1,8.0,0,Not At Risk
S06489,Male,IT,66,56,40,5.49,2,1.7,1,At Risk
S06497,Male,IT,98,93,90,9.77,0,3.7,0,Not At Risk
S06501,Female,Computer,76,70,68,9.77,0,4.8,0,Not At Risk
S06512,Female,Computer,81,85,100,6.59,0,5.9,0,Not At Risk
S06515,Female,IT,72,62,99,9.52,0,6.5,0,Not At Risk
S06530,Male,IT,76,77,68,7.12,0,6.2,0,Not At Risk
S06531,Female,IT,99,69,72,9.04,0,5.9,0,Not At Risk
S06536,Female,Computer,81,92,63,8.0,0,3.9,0,Not At Risk
S06539,Male,AI,87,66,95,6.9,0,6.8,0,Not At Risk
S06542,Male,Computer,100,63,78,9.43,0,4.7,0,Not At Risk
S06543,Female,Computer,70,36,49,5.16,1,1.9,1,At Risk
S06545,Female,Computer,99,75,64,7.53,0,5.5,0,Not At Risk
S06551,Female,Computer,93,89,97,7.99,1,3.4,0,Not At Risk
S06560,Male,Computer,89,82,74,8.42,0,4.1,0,Not At Risk
S06566,Male,Computer,83,94,72,6.67,0,6.0,0,Not At Risk
S06574,Male,IT,97,61,64,9.19,1,5.6,0,Not At Risk
S06577,Female,Computer,76,75,76,9.71,0,3.4,0,Not At Risk
S06584,Female,IT,92,65,96,9.1,0,3.7,0,Not At Risk
S06590,Male,Computer,74,84,62,9.17,1,5.1,0,Not At Risk
S06593,Female,Computer,65,60,51,6.68,2,3.8,1,At Risk
S06594,Male,Computer,100,63,68,7.21,0,6.2,0,Not At Risk
S06595,Male,Computer,66,42,37,5.35,3,2.2,1,At Risk
S06596,Female,Computer,71,89,100,9.29,0,4.2,0,Not At Risk
S06605,Female,AI,95,82,79,9.75,1,3.8,0,Not At Risk
S06606,Male,IT,71,61,86,6.93,0,3.2,0,Not At Risk
S06608,Female,AI,76,68,55,6.67,0,3.9,0,Not At Risk
S06611,Male,Computer,55,39,45,5.68,1,3.5,1,At Risk
S06621,Female,AI,69,59,80,6.62,0,6.4,0,Not At Risk
S06625,Female,IT,68,53,40,5.31,2,3.2,1,At Risk
S06629,Female,IT,78,58,94,9.87,1,5.8,0,Not At Risk
S06635,Female,AI,91,65,59,8.14,1,7.6,0,Not At Risk
S06636,Female,AI,52,61,67,6.46,2,1.8,1,At Risk
S06651,Male,IT,83,78,55,7.73,0,6.6,0,Not At Risk
S06653,Male,AI,100,100,100,7.92,1,5.5,0,Not At Risk
S06665,Male,Computer,84,85,96,8.59,0,3.5,0,Not At Risk
S06674,Male,Computer,84,84,71,8.95,0,8.0,0,Not At Risk
S06679,Male,Computer,71,95,75,9.38,0,5.0,0,Not At Risk
S06680,Female,AI,65,85,99,7.11,1,3.7,0,Not At Risk
S06688,Female,Computer,73,70,98,8.31,0,7.8,0,Not At Risk
S06693,Female,IT,47,63,60,6.5,3,1.6,1,At Risk
S06696,Female,Computer,67,38,67,5.6,1,3.8,1,At Risk
S06700,Female,Computer,60,43,67,6.52,2,2.9,1,At Risk
S06705,Male,IT,67,66,70,8.37,0,6.9,0,Not At Risk
S06706,Male,IT,83,98,84,7.83,0,7.8,0,Not At Risk
S06715,Male,AI,84,62,89,8.18,0,6.9,0,Not At Risk
S06724,Female,Computer,89,99,94,9.82,1,7.2,0,Not At Risk
S06736,Female,Computer,65,89,59,6.8,0,3.1,0,Not At Risk
S06741,Female,Computer,96,100,93,9.43,0,4.4,0,Not At Risk
S06744,Female,IT,99,65,67,8.08,0,7.1,0,Not At Risk
S06748,Female,AI,51,41,55,5.64,3,3.6,1,At Risk
S06759,Female,IT,85,58,63,9.68,0,6.1,0,Not At Risk
S06771,Male,AI,87,89,71,7.87,0,5.4,0,Not At Risk
S06773,Female,Computer,67,89,98,9.38,0,5.0,0,Not At Risk
S06780,Female,AI,75,84,100,7.78,0,7.9,0,Not At Risk
S06785,Male,Computer,86,76,99,9.37,0,5.6,0,Not At Risk
S06793,Male,Computer,63,38,58,6.71,2,1.6,1,At Risk
S06796,Male,Computer,68,85,98,6.66,1,5.3,0,Not At Risk
S06798,Male,IT,65,84,90,9.16,0,3.5,0,Not At Risk
S06805,Female,Computer,86,91,78,7.33,0,3.4,0,Not At Risk
S06812,Female,Computer,64,36,55,6.41,2,3.4,1,At Risk
S06814,Female,AI,94,55,79,7.38,1,3.7,0,Not At Risk
S06832,Female,AI,89,100,68,7.81,0,8.0,0,Not At Risk
S06835,Female,IT,84,95,79,9.5,0,4.7,0,Not At Risk
S06838,Female,IT,45,49,55,4.85,2,1.2,1,At Risk
S06858,Female,IT,68,66,63,7.07,1,7.9,0,Not At Risk
S06861,Male,AI,67,80,83,8.21,0,3.3,0,Not At Risk
S06863,Male,AI,81,65,76,8.06,0,8.0,0,Not At Risk
S06868,Female,AI,96,76,63,7.07,0,7.2,0,Not At Risk
S06869,Male,AI,67,74,55,8.72,0,6.3,0,Not At Risk
S06875,Male,AI,57,50,66,5.18,2,2.7,1,At Risk
S06876,Male,AI,97,96,89,8.34,1,3.5,0,Not At Risk
S06884,Male,Computer,84,86,80,6.63,1,5.2,0,Not At Risk
S06885,Female,AI,70,65,72,8.48,0,4.2,0,Not At Risk
S06886,Female,IT,57,50,59,5.96,3,3.3,1,At Risk
S06887,Male,IT,71,73,96,8.58,1,7.8,0,Not At Risk
S06888,Female,AI,75,94,58,8.32,0,3.4,0,Not At Risk
S06896,Female,IT,56,37,45,6.47,3,3.0,1,At Risk
S06906,Male,IT,57,39,64,5.09,2,1.4,1,At Risk
S06908,Female,IT,58,40,67,5.36,3,2.1,1,At Risk
S06910,Female,AI,97,70,87,9.55,0,5.0,0,Not At Risk
S06931,Female,AI,76,65,70,6.72,1,6.7,0,Not At Risk
S06936,Female,Computer,73,72,93,9.15,0,7.0,0,Not At Risk
S06942,Male,AI,94,82,98,9.72,1,3.4,0,Not At Risk
S06954,Male,IT,54,56,40,6.28,2,2.4,1,At Risk
S06956,Female,Computer,84,69,76,9.44,0,7.0,0,Not At Risk
S06960,Male,AI,66,51,57,5.27,1,3.6,1,At Risk
S06965,Female,IT,74,83,93,7.79,0,7.3,0,Not At Risk
S06966,Female,IT,99,67,98,7.79,0,4.3,0,Not At Risk
S06972,Female,Computer,75,71,56,9.64,0,3.2,0,Not At Risk
S06973,Female,AI,67,45,69,4.97,1,2.0,1,At Risk
S06984,Male,Computer,54,35,66,5.49,3,2.4,1,At Risk
S06985,Female,Computer,58,64,48,5.3,2,3.2,1,At Risk
S06988,Male,Computer,70,92,75,8.89,0,5.5,0,Not At Risk
S06989,Male,IT,57,42,57,5.49,1,2.6,1,At Risk
S06996,Female,AI,82,92,57,8.55,0,6.3,0,Not At Risk
S07000,Female,AI,81,62,96,7.74,1,6.3,0,Not At Risk
S07005,Female,AI,91,73,67,7.81,0,5.5,0,Not At Risk
S07013,Female,Computer,94,60,88,8.39,0,7.6,0,Not At Risk
S07015,Male,Computer,94,96,83,9.96,0,7.1,0,Not At Risk
S07024,Male,AI,90,96,61,7.86,1,7.3,0,Not At Risk
S07031,Male,AI,58,57,39,5.63,2,1.1,1,At Risk
S07034,Female,IT,90,77,86,9.35,0,7.5,0,Not At Risk
S07035,Male,Computer,76,67,98,9.06,0,3.1,0,Not At Risk
S07043,Male,Computer,73,70,76,7.62,0,3.1,0,Not At Risk
S07046,Female,IT,75,76,99,7.6,1,6.9,0,Not At Risk
S07053,Female,IT,68,79,100,8.36,1,5.6,0,Not At Risk
S07057,Female,AI,96,67,69,9.8,0,7.3,0,Not At Risk
S07058,Female,Computer,77,65,96,9.68,1,6.6,0,Not At Risk
S07061,Male,Computer,96,88,59,8.65,0,7.3,0,Not At Risk
S07062,Male,Computer,93,96,73,7.89,0,7.3,0,Not At Risk
S07067,Female,Computer,82,58,80,8.48,1,7.1,0,Not At Risk
S07073,Female,AI,74,89,76,7.67,1,5.5,0,Not At Risk
S07089,Female,AI,97,71,96,9.23,0,4.5,0,Not At Risk
S07094,Female,Computer,90,55,83,7.17,1,3.9,0,Not At Risk
S07096,Male,Computer,62,45,62,6.73,3,3.7,1,At Risk
S07097,Male,AI,77,80,59,7.46,0,7.1,0,Not At Risk
S07101,Male,AI,67,59,74,7.83,1,7.4,0,Not At Risk
S07108,Female,IT,57,53,44,6.62,2,3.8,1,At Risk
S07111,Female,AI,76,75,80,7.09,1,4.4,0,Not At Risk
S07119,Male,IT,75,72,100,8.54,1,5.2,0,Not At Risk
S07124,Female,IT,77,95,99,9.25,1,7.5,0,Not At Risk
S07131,Female,AI,73,73,58,7.69,0,3.3,0,Not At Risk
S07133,Male,AI,75,96,71,7.24,0,4.7,0,Not At Risk
S07137,Female,AI,69,64,58,6.78,3,3.3,1,At Risk
S07138,Male,IT,69,75,70,8.45,0,7.7,0,Not At Risk
S07147,Male,Computer,88,96,80,7.6,0,4.0,0,Not At Risk
S07152,Male,Computer,90,68,93,9.63,1,6.6,0,Not At Risk
S07162,Female,Computer,64,61,69,5.22,3,3.3,1,At Risk
S07163,Female,AI,70,79,72,7.85,1,6.4,0,Not At Risk
S07168,Male,AI,61,56,35,5.22,2,3.8,1,At Risk
S07179,Female,IT,89,60,93,7.89,0,4.1,0,Not At Risk
S07181,Male,Computer,73,61,80,7.69,0,7.9,0,Not At Risk
S07190,Female,IT,81,56,100,9.1,1,7.6,0,Not At Risk
S07198,Male,IT,75,93,55,8.95,1,6.7,0,Not At Risk
S07201,Female,Computer,68,44,40,4.88,1,2.3,1,At Risk
S07202,Male,Computer,65,90,68,9.42,0,6.8,0,Not At Risk
S07217,Male,AI,66,64,42,6.39,1,1.3,1,At Risk
S07233,Male,Computer,100,56,59,6.84,1,3.9,0,Not At Risk
S07241,Male,Computer,65,66,69,7.67,0,5.5,0,Not At Risk
S07247,Male,AI,90,68,85,7.23,0,7.7,0,Not At Risk
S07249,Male,Computer,76,78,70,9.11,0,7.9,0,Not At Risk
S07256,Female,AI,47,55,44,5.56,3,1.7,1,At Risk
S07273,Male,IT,86,88,73,7.66,0,3.0,0,Not At Risk
S07278,Female,Computer,77,82,91,7.36,0,4.5,0,Not At Risk
S07284,Male,AI,46,52,42,5.04,1,1.7,1,At Risk
S07288,Male,IT,99,68,69,9.65,0,6.3,0,Not At Risk
S07289,Female,Computer,67,61,72,6.69,0,4.0,0,Not At Risk
S07295,Female,IT,87,61,95,8.4,1,7.2,0,Not At Risk
S07297,Female,AI,53,55,40,4.97,3,1.1,1,At Risk
S07298,Male,AI,82,94,61,7.21,0,6.3,0,Not At Risk
S07301,Male,IT,56,48,57,5.57,1,2.5,1,At Risk
S07306,Female,AI,70,50,51,6.34,3,1.4,1,At Risk
S07309,Female,Computer,73,83,93,7.58,0,4.8,0,Not At Risk
S07311,Male,AI,75,92,89,7.76,0,5.5,0,Not At Risk
S07312,Female,AI,79,72,74,9.68,1,7.4,0,Not At Risk
S07313,Female,IT,81,91,82,9.48,0,4.2,0,Not At Risk
S07314,Male,Computer,69,46,43,6.47,3,1.2,1,At Risk
S07316,Female,IT,66,52,46,5.26,1,3.8,1,At Risk
S07317,Male,Computer,86,100,65,7.1,0,5.9,0,Not At Risk
S07318,Female,IT,78,60,85,7.91,0,3.3,0,Not At Risk
S07320,Male,IT,50,65,49,5.68,2,3.8,1,At Risk
S07328,Male,AI,86,72,55,6.6,0,6.6,0,Not At Risk
S07329,Male,AI,82,65,56,9.23,1,6.8,0,Not At Risk
S07339,Female,AI,66,63,67,6.83,0,6.8,0,Not At Risk
S07351,Male,IT,78,83,99,8.66,0,3.2,0,Not At Risk
S07352,Female,Computer,67,58,68,6.67,3,3.1,1,At Risk
S07355,Male,Computer,78,64,61,6.58,0,8.0,0,Not At Risk
S07366,Female,Computer,76,61,56,8.55,1,6.1,0,Not At Risk
S07383,Female,IT,94,77,81,7.48,1,5.5,0,Not At Risk
S07390,Female,Computer,67,57,75,8.11,0,6.8,0,Not At Risk
S07394,Male,Computer,71,64,99,9.43,0,4.7,0,Not At Risk
S07395,Female,AI,88,91,66,9.7,0,6.0,0,Not At Risk
S07409,Female,IT,45,56,35,5.7,2,2.2,1,At Risk
S07412,Male,Computer,68,85,63,8.48,0,4.9,0,Not At Risk
S07419,Female,IT,89,72,89,6.78,0,4.7,0,Not At Risk
S07424,Female,IT,65,67,97,6.93,1,5.5,0,Not At Risk
S07429,Male,Computer,83,74,57,9.07,0,7.0,0,Not At Risk
S07436,Male,IT,70,51,46,5.02,1,1.0,1,At Risk
S07439,Female,Computer,88,93,59,9.27,0,6.9,0,Not At Risk
S07442,Female,Computer,72,66,93,8.26,1,5.2,0,Not At Risk
S07450,Female,IT,76,66,87,8.3,1,5.0,0,Not At Risk
S07454,Female,IT,45,54,65,4.9,2,3.8,1,At Risk
S07456,Female,IT,55,62,56,6.05,1,3.5,1,At Risk
S07459,Male,Computer,58,55,55,6.07,1,2.1,1,At Risk
S07472,Female,IT,81,94,68,6.52,0,4.6,0,Not At Risk
S07480,Male,IT,98,95,63,6.75,0,4.8,0,Not At Risk
S07495,Female,Computer,89,88,95,9.19,0,5.4,0,Not At Risk
S07500,Female,IT,87,55,73,7.59,0,4.3,0,Not At Risk
S07511,Female,Computer,95,62,87,7.97,0,6.3,0,Not At Risk
S07512,Female,AI,95,63,56,9.99,1,4.3,0,Not At Risk
S07513,Female,IT,80,69,63,8.83,0,6.5,0,Not At Risk
S07519,Female,IT,58,47,42,5.4,1,3.0,1,At Risk
S07521,Male,IT,76,76,59,7.5,1,7.4,0,Not At Risk
S07525,Female,AI,62,53,54,5.54,1,2.4,1,At Risk
S07528,Female,IT,81,63,65,8.28,0,4.3,0,Not At Risk
S07536,Male,Computer,69,61,67,5.11,3,2.2,1,At Risk
S07538,Female,Computer,80,78,87,9.01,0,4.8,0,Not At Risk
S07543,Male,AI,100,57,60,7.55,1,5.7,0,Not At Risk
S07547,Male,IT,53,46,63,4.92,3,1.2,1,At Risk
S07554,Male,AI,54,45,63,6.3,2,2.2,1,At Risk
S07558,Female,Computer,86,56,62,8.93,0,4.0,0,Not At Risk
S07561,Male,IT,68,62,76,9.11,0,7.8,0,Not At Risk
S07573,Female,IT,75,69,83,7.36,1,5.3,0,Not At Risk
S07580,Male,AI,96,92,88,8.59,1,6.7,0,Not At Risk
S07582,Male,Computer,73,72,55,8.27,0,3.4,0,Not At Risk
S07586,Female,AI,95,73,66,6.53,0,5.7,0,Not At Risk
S07587,Male,Computer,79,97,83,9.53,0,7.8,0,Not At Risk
S07592,Female,AI,68,76,79,6.52,0,3.8,0,Not At Risk
S07599,Male,IT,71,78,61,9.89,0,5.5,0,Not At Risk
S07601,Male,Computer,77,65,62,7.26,0,7.6,0,Not At Risk
S07611,Female,Computer,88,64,96,8.91,0,6.0,0,Not At Risk
S07622,Female,IT,94,98,61,9.45,0,5.9,0,Not At Risk
S07626,Female,IT,98,55,67,7.4,0,4.7,0,Not At Risk
S07639,Female,IT,83,60,71,9.76,1,8.0,0,Not At Risk
S07642,Female,IT,90,75,84,7.91,0,5.0,0,Not At Risk
S07645,Male,IT,92,93,66,8.26,0,3.4,0,Not At Risk
S07648,Female,AI,95,79,98,6.66,0,4.4,0,Not At Risk
S07649,Female,Computer,100,99,61,8.0,0,7.6,0,Not At Risk
S07650,Male,AI,71,87,74,7.84,1,4.9,0,Not At Risk
S07654,Female,IT,79,93,58,7.82,0,7.7,0,Not At Risk
S07662,Female,IT,95,55,76,7.18,0,6.2,0,Not At Risk
S07668,Female,Computer,91,60,95,9.33,0,4.5,0,Not At Risk
S07672,Female,AI,99,94,56,7.7,1,7.5,0,Not At Risk
S07674,Female,AI,98,65,73,7.79,1,5.1,0,Not At Risk
S07680,Male,Computer,93,60,66,6.56,0,5.4,0,Not At Risk
S07691,Male,IT,62,45,41,6.06,3,2.3,1,At Risk
S07698,Male,Computer,53,42,69,4.89,2,3.1,1,At Risk
S07708,Female,IT,76,61,96,8.27,0,3.5,0,Not At Risk
S07709,Male,IT,95,79,88,7.9,0,7.0,0,Not At Risk
S07717,Female,Computer,91,87,68,8.92,1,6.7,0,Not At Risk
S07726,Male,IT,99,91,84,7.49,0,4.9,0,Not At Risk
S07728,Female,AI,76,87,86,7.86,1,6.3,0,Not At Risk
S07729,Female,IT,98,81,81,8.46,0,4.6,0,Not At Risk
S07740,Female,Computer,46,53,58,6.74,2,2.5,1,At Risk
S07745,Female,Computer,78,84,88,7.44,1,3.3,0,Not At Risk
S07751,Male,Computer,82,85,55,10.0,0,5.0,0,Not At Risk
S07757,Male,AI,96,73,83,8.34,0,4.5,0,Not At Risk
S07764,Female,AI,91,86,77,9.09,1,7.6,0,Not At Risk
S07773,Female,AI,80,62,89,9.68,0,6.3,0,Not At Risk
S07774,Female,AI,66,75,57,9.29,0,6.9,0,Not At Risk
S07776,Male,IT,89,59,56,8.8,0,3.3,0,Not At Risk
S07779,Male,Computer,72,78,73,7.63,0,5.1,0,Not At Risk
S07782,Male,AI,96,77,86,9.75,1,7.1,0,Not At Risk
S07783,Male,Computer,86,99,77,9.41,1,7.1,0,Not At Risk
S07790,Male,AI,94,66,92,9.85,0,4.7,0,Not At Risk
S07791,Male,IT,91,88,61,6.95,0,4.6,0,Not At Risk
S07793,Male,Computer,80,56,85,7.24,0,7.7,0,Not At Risk
S07794,Male,AI,47,39,51,6.05,3,3.3,1,At Risk
S07799,Female,Computer,72,65,87,8.09,0,3.3,0,Not At Risk
S07801,Male,IT,71,73,93,9.84,1,7.6,0,Not At Risk
S07810,Female,IT,94,59,58,9.48,1,3.5,0,Not At Risk
S07817,Female,Computer,98,61,100,9.39,0,3.9,0,Not At Risk
S07820,Female,Computer,51,38,42,5.29,3,2.9,1,At Risk
S07825,Male,IT,66,66,78,9.09,0,7.3,0,Not At Risk
S07832,Female,IT,56,64,59,5.52,1,3.5,1,At Risk
S07835,Male,IT,76,58,85,8.81,1,6.4,0,Not At Risk
S07837,Female,Computer,66,82,93,8.13,1,4.7,0,Not At Risk
S07843,Female,IT,93,77,89,7.43,0,6.0,0,Not At Risk
S07849,Female,Computer,71,62,63,9.87,0,5.6,0,Not At Risk
S07852,Male,Computer,99,82,63,7.41,0,3.4,0,Not At Risk
S07853,Male,IT,71,89,63,9.2,0,3.7,0,Not At Risk
S07859,Male,AI,70,70,92,9.94,0,7.0,0,Not At Risk
S07868,Male,Computer,88,75,100,7.45,1,7.7,0,Not At Risk
S07874,Male,Computer,90,83,57,8.96,1,3.5,0,Not At Risk
S07877,Male,Computer,90,70,74,6.66,0,4.9,0,Not At Risk
S07879,Male,Computer,88,56,73,8.57,0,4.6,0,Not At Risk
S07882,Male,Computer,72,60,96,8.44,1,4.4,0,Not At Risk
S07885,Female,IT,83,85,66,9.5,0,7.5,0,Not At Risk
S07889,Male,IT,97,99,60,9.06,0,6.6,0,Not At Risk
S07903,Male,Computer,59,42,69,6.8,1,2.9,1,At Risk
S07905,Female,Computer,91,73,89,9.87,1,7.0,0,Not At Risk
S07910,Male,Computer,65,80,75,9.23,0,3.9,0,Not At Risk
S07912,Male,Computer,89,73,99,9.21,0,7.6,0,Not At Risk
S07924,Male,AI,82,63,63,9.7,1,4.6,0,Not At Risk
S07930,Female,AI,78,93,62,8.05,0,3.5,0,Not At Risk
S07933,Male,Computer,74,97,63,7.3,0,7.5,0,Not At Risk
S07941,Female,Computer,60,65,59,6.64,3,2.0,1,At Risk
S07942,Female,IT,92,91,65,9.72,0,6.0,0,Not At Risk
S07944,Female,AI,86,100,73,9.31,1,4.9,0,Not At Risk
S07952,Female,IT,92,65,86,6.93,0,3.3,0,Not At Risk
S07967,Female,IT,84,61,94,9.69,0,8.0,0,Not At Risk
S07979,Female,Computer,100,81,97,6.6,1,4.7,0,Not At Risk
S07991,Female,IT,93,95,55,7.4,0,3.4,0,Not At Risk
S07994,Female,Computer,59,44,40,5.33,3,2.4,1,At Risk
S07997,Male,IT,48,47,46,6.49,1,1.3,1,At Risk
S07999,Female,IT,67,84,86,7.03,0,5.2,0,Not At Risk
S08002,Female,IT,86,71,68,8.88,1,3.5,0,Not At Risk
S08003,Male,AI,98,62,72,9.22,0,6.3,0,Not At Risk
S08004,Male,AI,76,91,70,6.68,0,7.4,0,Not At Risk
S08009,Male,Computer,79,89,81,9.34,0,5.3,0,Not At Risk
S08014,Male,IT,66,84,84,9.54,0,3.3,0,Not At Risk
S08018,Male,Computer,59,42,60,5.19,3,3.9,1,At Risk
S08025,Female,AI,93,71,55,6.73,0,5.8,0,Not At Risk
S08028,Male,Computer,68,53,53,5.19,2,1.3,1,At Risk
S08030,Male,AI,68,58,91,7.56,0,5.2,0,Not At Risk
S08037,Female,IT,99,86,70,7.55,1,7.7,0,Not At Risk
S08038,Male,AI,97,84,67,6.84,0,7.4,0,Not At Risk
S08039,Female,IT,76,75,90,7.84,0,4.6,0,Not At Risk
S08044,Male,AI,95,61,86,9.75,0,5.7,0,Not At Risk
S08051,Female,AI,69,79,66,7.9,1,3.5,0,Not At Risk
S08053,Male,Computer,75,62,63,8.08,0,3.4,0,Not At Risk
S08054,Female,Computer,93,96,56,8.62,1,6.8,0,Not At Risk
S08063,Female,AI,77,93,91,9.29,0,7.9,0,Not At Risk
S08077,Female,AI,67,76,79,7.57,0,5.1,0,Not At Risk
S08104,Male,IT,96,57,58,7.71,0,5.6,0,Not At Risk
S08110,Male,IT,86,79,63,9.98,0,5.9,0,Not At Risk
S08111,Female,IT,91,100,94,6.72,0,7.2,0,Not At Risk
S08115,Female,Computer,65,65,72,7.94,1,5.1,0,Not At Risk
S08118,Male,IT,98,76,77,6.9,1,3.2,0,Not At Risk
S08122,Male,IT,86,68,91,8.68,0,5.5,0,Not At Risk
S08130,Male,IT,80,81,55,8.52,1,3.2,0,Not At Risk
S08134,Female,Computer,81,64,63,7.79,0,5.5,0,Not At Risk
S08140,Male,Computer,83,75,67,8.32,0,6.8,0,Not At Risk
S08146,Male,Computer,78,74,85,7.99,0,7.8,0,Not At Risk
S08152,Female,IT,87,90,76,7.24,0,3.6,0,Not At Risk
S08154,Male,IT,69,60,63,5.64,2,3.8,1,At Risk
S08173,Female,AI,84,74,59,7.45,1,7.0,0,Not At Risk
S08175,Male,AI,98,88,100,9.12,0,3.8,0,Not At Risk
S08178,Female,Computer,77,58,89,8.52,1,7.6,0,Not At Risk
S08183,Male,AI,72,83,75,6.52,0,6.4,0,Not At Risk
S08184,Female,AI,69,89,87,8.31,1,6.4,0,Not At Risk
S08197,Male,AI,90,61,64,8.71,0,6.2,0,Not At Risk
S08198,Female,AI,72,99,65,7.16,0,6.4,0,Not At Risk
S08203,Female,IT,74,68,97,8.81,1,6.4,0,Not At Risk
S08206,Female,Computer,68,98,63,6.72,0,3.4,0,Not At Risk
S08208,Female,IT,76,55,56,8.89,0,6.8,0,Not At Risk
S08209,Male,IT,72,79,61,9.96,0,7.1,0,Not At Risk
S08211,Male,Computer,75,70,100,7.83,1,5.2,0,Not At Risk
S08218,Female,AI,93,87,56,7.18,0,3.5,0,Not At Risk
S08219,Male,AI,78,99,74,8.4,0,4.8,0,Not At Risk
S08220,Female,AI,55,49,54,6.77,2,1.3,1,At Risk
S08224,Male,Computer,92,65,56,9.35,0,4.3,0,Not At Risk
S08226,Female,Computer,76,73,85,6.84,0,4.7,0,Not At Risk
S08235,Female,AI,70,53,52,6.65,2,3.2,1,At Risk
S08247,Male,AI,80,89,68,8.54,0,6.8,0,Not At Risk
S08257,Male,Computer,90,73,84,6.63,1,3.3,0,Not At Risk
S08258,Male,AI,67,72,97,8.39,0,6.0,0,Not At Risk
S08263,Male,AI,68,37,49,6.7,1,3.5,1,At Risk
S08266,Male,AI,66,85,55,8.66,0,3.4,0,Not At Risk
S08270,Male,AI,78,57,98,8.39,0,5.4,0,Not At Risk
S08274,Female,Computer,93,70,85,9.49,0,6.7,0,Not At Risk
S08281,Male,Computer,59,44,62,5.5,1,2.2,1,At Risk
S08284,Female,IT,65,71,65,8.33,0,5.5,0,Not At Risk
S08289,Female,AI,87,86,62,8.75,1,7.4,0,Not At Risk
S08294,Male,IT,92,82,74,9.04,1,5.8,0,Not At Risk
S08297,Female,IT,83,57,90,8.39,0,7.4,0,Not At Risk
S08301,Male,Computer,69,47,49,6.38,2,3.7,1,At Risk
S08307,Male,Computer,49,42,63,6.59,1,3.0,1,At Risk
S08308,Male,AI,73,88,87,9.91,1,7.0,0,Not At Risk
S08310,Male,Computer,98,73,61,9.58,1,6.8,0,Not At Risk
S08322,Female,IT,88,86,71,7.5,1,7.4,0,Not At Risk
S08327,Female,AI,76,100,96,6.85,1,3.7,0,Not At Risk
S08329,Male,IT,83,92,58,8.57,0,7.0,0,Not At Risk
S08333,Female,IT,66,86,67,7.58,1,7.2,0,Not At Risk
S08336,Male,Computer,59,47,57,6.78,3,2.3,1,At Risk
S08337,Female,IT,70,99,68,7.55,0,6.5,0,Not At Risk
S08343,Female,Computer,100,55,100,7.43,1,5.3,0,Not At Risk
S08345,Male,AI,77,98,61,7.42,0,4.1,0,Not At Risk
S08359,Male,Computer,98,56,90,8.11,0,4.4,0,Not At Risk
S08360,Male,IT,58,37,37,4.98,3,1.6,1,At Risk
S08365,Male,Computer,69,89,67,8.5,1,5.1,0,Not At Risk
S08366,Female,Computer,79,67,75,7.81,0,3.6,0,Not At Risk
S08368,Female,AI,88,81,87,8.14,1,7.4,0,Not At Risk
S08374,Male,IT,85,95,85,9.2,0,6.5,0,Not At Risk
S08380,Male,IT,81,58,60,9.13,1,4.1,0,Not At Risk
S08384,Female,IT,80,63,79,9.23,1,3.7,0,Not At Risk
S08385,Male,AI,92,79,69,8.57,1,4.4,0,Not At Risk
S08388,Female,Computer,77,59,73,6.73,0,6.5,0,Not At Risk
S08393,Male,IT,66,92,56,9.59,0,4.2,0,Not At Risk
S08395,Male,Computer,86,90,69,9.44,0,6.5,0,Not At Risk
S08397,Female,AI,79,95,79,7.55,0,4.2,0,Not At Risk
S08400,Female,Computer,96,66,68,7.56,0,7.9,0,Not At Risk
S08405,Female,AI,59,42,57,6.42,1,2.2,1,At Risk
S08408,Female,Computer,45,38,56,4.81,3,3.4,1,At Risk
S08409,Female,Computer,91,64,83,6.86,1,4.8,0,Not At Risk
S08415,Female,AI,84,61,99,9.56,1,3.6,0,Not At Risk
S08420,Female,AI,86,96,57,9.14,0,4.9,0,Not At Risk
S08422,Male,IT,90,94,87,8.17,0,3.8,0,Not At Risk
S08426,Male,IT,89,62,71,7.67,0,6.4,0,Not At Risk
S08438,Female,IT,95,63,76,8.14,1,4.8,0,Not At Risk
S08442,Female,AI,99,86,75,6.74,0,5.6,0,Not At Risk
S08443,Male,AI,79,80,68,8.66,1,8.0,0,Not At Risk
S08448,Male,Computer,59,47,66,5.18,3,1.2,1,At Risk
S08451,Female,IT,75,83,100,9.83,0,5.6,0,Not At Risk
S08453,Female,Computer,65,95,63,9.34,1,6.3,0,Not At Risk
S08455,Female,IT,62,62,45,5.69,3,1.5,1,At Risk
S08458,Male,IT,74,55,72,7.26,0,3.7,0,Not At Risk
S08465,Male,AI,70,57,90,7.15,0,5.8,0,Not At Risk
S08466,Male,Computer,95,84,77,9.95,0,4.1,0,Not At Risk
S08468,Female,IT,98,61,68,8.26,0,6.8,0,Not At Risk
S08476,Male,AI,91,98,83,7.16,0,6.6,0,Not At Risk
S08479,Male,AI,69,64,74,9.74,0,3.3,0,Not At Risk
S08486,Male,AI,91,85,61,8.39,0,5.1,0,Not At Risk
S08487,Female,Computer,54,42,36,6.12,2,3.2,1,At Risk
S08489,Female,IT,92,79,92,8.59,0,4.0,0,Not At Risk
S08490,Female,Computer,70,64,72,9.66,0,5.8,0,Not At Risk
S08491,Female,AI,87,99,64,9.57,0,4.9,0,Not At Risk
S08495,Female,Computer,94,76,64,7.06,0,5.3,0,Not At Risk
S08497,Male,IT,92,87,72,6.94,1,7.4,0,Not At Risk
S08499,Female,IT,94,64,90,8.22,0,6.3,0,Not At Risk
S08520,Female,IT,99,71,75,7.7,0,6.2,0,Not At Risk
S08525,Female,IT,56,64,36,5.28,2,2.1,1,At Risk
S08527,Female,IT,76,95,61,7.16,1,3.1,0,Not At Risk
S08536,Female,IT,77,96,67,7.4,0,6.4,0,Not At Risk
S08539,Female,IT,65,71,96,8.86,1,7.7,0,Not At Risk
S08552,Female,AI,98,97,60,9.16,1,3.3,0,Not At Risk
S08575,Male,IT,100,73,84,9.75,0,5.3,0,Not At Risk
S08577,Male,IT,83,73,86,9.07,0,5.1,0,Not At Risk
S08581,Female,AI,97,56,58,9.21,0,4.4,0,Not At Risk
S08594,Male,AI,66,61,39,5.37,3,1.3,1,At Risk
S08598,Female,Computer,53,57,39,5.52,2,3.3,1,At Risk
S08606,Female,Computer,87,65,62,6.82,1,3.6,0,Not At Risk
S08607,Female,AI,65,47,40,5.54,1,2.3,1,At Risk
S08611,Male,AI,91,69,77,9.2,0,7.9,0,Not At Risk
S08622,Male,IT,96,85,94,8.6,0,4.4,0,Not At Risk
S08624,Female,Computer,90,62,71,6.52,0,5.6,0,Not At Risk
S08629,Male,AI,72,55,94,8.0,0,7.5,0,Not At Risk
S08632,Female,Computer,99,95,89,8.05,0,5.0,0,Not At Risk
S08634,Female,Computer,45,51,51,6.43,3,1.6,1,At Risk
S08636,Female,IT,97,92,70,7.9,0,5.2,0,Not At Risk
S08642,Male,AI,77,66,77,8.17,0,7.8,0,Not At Risk
S08648,Female,Computer,79,95,87,7.06,0,5.2,0,Not At Risk
S08655,Male,IT,80,75,68,9.26,0,7.7,0,Not At Risk
S08663,Female,IT,70,46,49,5.2,3,1.8,1,At Risk
S08664,Male,Computer,94,89,78,8.83,1,7.7,0,Not At Risk
S08668,Female,Computer,70,37,63,5.76,3,3.1,1,At Risk
S08671,Female,AI,99,96,92,6.63,0,4.0,0,Not At Risk
S08672,Male,IT,84,96,72,8.2,1,7.9,0,Not At Risk
S08673,Male,IT,87,86,94,7.83,0,3.6,0,Not At Risk
S08676,Male,IT,83,98,71,7.44,0,5.0,0,Not At Risk
S08678,Female,Computer,67,36,43,6.75,3,2.4,1,At Risk
S08683,Male,Computer,51,60,67,5.37,1,2.7,1,At Risk
S08684,Male,IT,97,75,83,9.75,0,7.2,0,Not At Risk
S08690,Female,IT,84,62,97,8.49,0,4.3,0,Not At Risk
S08691,Female,AI,55,44,66,5.85,1,2.8,1,At Risk
S08704,Male,Computer,71,70,91,7.18,1,6.7,0,Not At Risk
S08707,Male,IT,66,61,100,7.82,0,5.5,0,Not At Risk
S08712,Male,Computer,98,66,86,8.12,0,5.3,0,Not At Risk
S08715,Female,IT,83,68,85,9.62,0,8.0,0,Not At Risk
S08718,Male,IT,53,36,63,5.02,3,3.9,1,At Risk
S08739,Male,IT,86,90,98,9.37,0,6.9,0,Not At Risk
S08745,Female,Computer,98,98,76,7.96,1,7.6,0,Not At Risk
S08756,Male,IT,92,61,67,9.27,1,6.8,0,Not At Risk
S08757,Male,AI,85,62,95,6.52,0,4.3,0,Not At Risk
S08771,Male,IT,76,91,79,9.0,0,4.7,0,Not At Risk
S08772,Female,Computer,46,60,45,5.59,1,1.6,1,At Risk
S08774,Male,AI,52,45,52,5.64,1,3.2,1,At Risk
S08779,Male,AI,95,71,63,9.39,0,4.5,0,Not At Risk
S08781,Female,IT,64,60,61,5.83,2,2.1,1,At Risk
S08783,Female,IT,70,79,68,8.68,0,5.6,0,Not At Risk
S08785,Male,IT,76,74,82,8.72,1,7.3,0,Not At Risk
S08790,Male,Computer,92,76,83,8.57,0,3.1,0,Not At Risk
S08796,Male,Computer,76,69,91,7.81,0,5.3,0,Not At Risk
S08798,Male,AI,91,99,90,6.73,1,6.9,0,Not At Risk
S08808,Male,Computer,73,72,93,7.19,0,3.2,0,Not At Risk
S08815,Male,IT,66,93,94,7.79,1,6.7,0,Not At Risk
S08824,Female,AI,85,69,65,8.52,0,4.0,0,Not At Risk
S08827,Male,Computer,97,69,74,7.2,0,7.8,0,Not At Risk
S08844,Male,Computer,73,80,57,6.82,0,4.4,0,Not At Risk
S08866,Female,AI,59,53,47,5.96,1,1.0,1,At Risk
S08869,Male,IT,77,95,64,6.72,0,5.8,0,Not At Risk
S08872,Female,Computer,85,83,97,8.1,0,7.5,0,Not At Risk
S08881,Male,IT,71,85,81,6.51,1,3.6,0,Not At Risk
S08888,Male,Computer,98,73,95,6.56,1,4.5,0,Not At Risk
S08895,Female,IT,85,56,86,8.16,0,5.7,0,Not At Risk
S08896,Female,AI,94,84,78,7.34,0,6.0,0,Not At Risk
S08897,Female,AI,70,45,50,6.79,1,3.7,1,At Risk
S08904,Male,AI,85,76,74,7.75,0,3.5,0,Not At Risk
S08909,Female,IT,97,99,57,8.77,0,3.2,0,Not At Risk
S08910,Female,AI,86,77,61,8.53,0,5.0,0,Not At Risk
S08913,Female,Computer,56,36,42,6.17,2,1.1,1,At Risk
S08918,Male,AI,100,80,65,9.52,0,5.7,0,Not At Risk
S08926,Male,Computer,65,62,81,6.5,0,5.4,0,Not At Risk
S08929,Male,AI,78,94,92,8.79,0,6.1,0,Not At Risk
S08940,Female,Computer,89,64,73,8.38,1,5.5,0,Not At Risk
S08945,Female,IT,56,56,37,5.69,1,1.6,1,At Risk
S08946,Male,AI,69,71,82,7.36,0,8.0,0,Not At Risk
S08947,Female,IT,99,99,90,9.24,0,7.4,0,Not At Risk
S08948,Female,IT,58,53,49,6.21,2,3.3,1,At Risk
S08958,Male,AI,95,73,66,7.02,1,5.5,0,Not At Risk
S08971,Male,Computer,68,100,89,9.56,1,5.2,0,Not At Risk
S08987,Male,Computer,51,44,56,5.22,3,1.6,1,At Risk
S08991,Male,IT,96,95,66,8.65,0,4.1,0,Not At Risk
S08992,Male,AI,97,65,75,6.67,0,7.0,0,Not At Risk
S09001,Male,IT,88,82,85,9.61,0,3.4,0,Not At Risk
S09009,Male,Computer,85,95,56,6.87,0,3.8,0,Not At Risk
S09018,Male,AI,45,36,63,5.59,2,1.2,1,At Risk
S09024,Male,IT,68,60,68,5.54,1,2.0,1,At Risk
S09030,Male,Computer,99,75,84,8.45,0,4.6,0,Not At Risk
S09040,Female,IT,88,85,59,8.16,0,5.0,0,Not At Risk
S09042,Female,IT,69,71,82,9.69,0,3.3,0,Not At Risk
S09046,Male,IT,88,60,87,9.5,1,6.1,0,Not At Risk
S09047,Female,AI,95,61,83,8.8,0,4.5,0,Not At Risk
S09049,Male,IT,81,97,97,8.53,0,7.9,0,Not At Risk
S09050,Female,IT,99,77,95,6.7,1,3.2,0,Not At Risk
S09057,Female,IT,90,86,56,9.21,0,7.4,0,Not At Risk
S09059,Male,AI,91,55,99,7.9,0,7.8,0,Not At Risk
S09065,Male,IT,74,78,81,9.75,0,6.4,0,Not At Risk
S09066,Female,Computer,55,49,65,5.41,1,2.9,1,At Risk
S09067,Female,Computer,67,45,67,5.41,3,2.6,1,At Risk
S09075,Female,AI,73,78,70,8.07,0,3.8,0,Not At Risk
S09077,Male,AI,85,90,93,7.04,0,7.1,0,Not At Risk
S09078,Female,IT,92,67,55,8.27,1,8.0,0,Not At Risk
S09093,Male,Computer,73,97,85,7.64,0,5.3,0,Not At Risk
S09113,Male,AI,80,60,66,8.42,0,3.6,0,Not At Risk
S09114,Female,AI,65,77,72,6.95,0,7.4,0,Not At Risk
S09122,Female,AI,78,77,65,6.63,1,5.0,0,Not At Risk
S09134,Male,AI,51,56,41,6.66,1,1.6,1,At Risk
S09136,Male,IT,87,97,94,8.66,0,7.4,0,Not At Risk
S09137,Female,IT,48,48,59,6.75,1,3.7,1,At Risk
S09139,Female,AI,73,89,98,6.61,0,5.5,0,Not At Risk
S09140,Female,AI,92,61,80,9.02,0,7.3,0,Not At Risk
S09147,Female,IT,90,80,75,8.5,0,4.4,0,Not At Risk
S09150,Male,IT,89,75,74,7.66,0,7.0,0,Not At Risk
S09153,Male,IT,98,100,86,9.96,0,4.3,0,Not At Risk
S09159,Female,AI,70,53,67,6.11,1,2.2,1,At Risk
S09166,Female,Computer,69,55,92,8.27,0,3.3,0,Not At Risk
S09171,Male,AI,91,82,79,7.12,0,5.9,0,Not At Risk
S09177,Male,Computer,95,69,72,9.1,0,5.3,0,Not At Risk
S09183,Male,IT,53,50,63,6.73,1,1.7,1,At Risk
S09189,Female,Computer,73,66,92,8.69,0,6.0,0,Not At Risk
S09190,Female,AI,89,70,96,9.89,0,7.3,0,Not At Risk
S09195,Female,IT,65,55,63,6.56,3,3.7,1,At Risk
S09200,Female,Computer,55,64,50,5.27,2,1.2,1,At Risk
S09204,Male,Computer,85,65,62,7.0,0,3.2,0,Not At Risk
S09209,Female,Computer,77,99,86,7.51,0,5.2,0,Not At Risk
S09218,Female,AI,98,96,87,8.64,0,6.2,0,Not At Risk
S09219,Female,AI,48,55,70,6.34,3,2.2,1,At Risk
S09220,Female,IT,66,65,63,6.53,0,7.4,0,Not At Risk
S09224,Male,Computer,76,90,65,6.89,0,4.0,0,Not At Risk
S09228,Male,IT,75,66,100,9.11,0,4.8,0,Not At Risk
S09229,Male,Computer,79,85,59,8.94,1,4.6,0,Not At Risk
S09230,Female,AI,76,71,64,9.99,1,5.0,0,Not At Risk
S09231,Female,IT,53,51,52,5.11,1,3.5,1,At Risk
S09232,Male,Computer,54,42,41,6.71,1,2.3,1,At Risk
S09236,Male,Computer,81,66,98,8.4,0,4.8,0,Not At Risk
S09250,Male,IT,86,97,85,9.92,0,5.3,0,Not At Risk
S09252,Male,Computer,93,66,82,8.78,0,3.9,0,Not At Risk
S09256,Female,IT,46,62,69,6.64,1,1.0,1,At Risk
S09258,Male,Computer,71,68,62,6.81,0,6.2,0,Not At Risk
S09262,Male,IT,53,40,65,6.18,3,1.2,1,At Risk
S09264,Male,Computer,79,55,56,9.44,0,3.1,0,Not At Risk
S09275,Male,IT,52,58,46,4.91,3,4.0,1,At Risk
S09278,Female,AI,66,56,95,8.63,0,5.5,0,Not At Risk
S09281,Female,Computer,96,63,55,7.71,0,6.0,0,Not At Risk
S09283,Male,Computer,53,39,55,6.64,2,2.9,1,At Risk
S09284,Female,Computer,73,95,80,9.11,1,3.7,0,Not At Risk
S09286,Female,AI,61,44,68,5.21,1,1.6,1,At Risk
S09289,Male,Computer,74,80,94,8.48,0,7.7,0,Not At Risk
S09301,Male,AI,78,60,88,7.96,0,6.3,0,Not At Risk
S09306,Male,IT,96,75,73,7.78,0,5.4,0,Not At Risk
S09307,Female,AI,92,90,56,7.53,1,5.5,0,Not At Risk
S09312,Female,AI,66,42,58,6.71,3,3.0,1,At Risk
S09319,Male,Computer,66,89,60,9.18,1,3.7,0,Not At Risk
S09321,Female,IT,57,52,43,6.49,3,3.5,1,At Risk
S09323,Male,AI,98,91,66,7.85,0,7.5,0,Not At Risk
S09333,Female,Computer,91,95,90,6.56,0,7.9,0,Not At Risk
S09340,Female,AI,72,57,78,8.12,0,6.5,0,Not At Risk
S09356,Male,Computer,50,35,66,5.25,3,1.2,1,At Risk
S09359,Female,Computer,72,99,65,9.88,0,7.5,0,Not At Risk
S09363,Female,Computer,90,87,83,9.79,0,5.6,0,Not At Risk
S09364,Male,IT,78,77,85,9.25,0,3.2,0,Not At Risk
S09367,Male,Computer,98,71,59,9.16,0,7.0,0,Not At Risk
S09372,Male,Computer,82,66,61,7.57,0,4.6,0,Not At Risk
S09376,Male,IT,52,61,61,6.66,1,3.5,1,At Risk
S09378,Female,IT,94,63,92,9.33,0,3.0,0,Not At Risk
S09381,Male,AI,88,73,90,7.28,0,7.0,0,Not At Risk
S09382,Female,IT,51,44,68,6.29,2,3.0,1,At Risk
S09384,Female,AI,99,65,89,7.89,0,5.9,0,Not At Risk
S09393,Male,AI,67,78,68,8.72,0,4.1,0,Not At Risk
S09396,Female,Computer,84,71,95,8.66,1,5.9,0,Not At Risk
S09402,Male,AI,87,96,97,9.4,0,6.9,0,Not At Risk
S09406,Female,Computer,69,58,81,8.25,1,7.9,0,Not At Risk
S09408,Female,Computer,80,65,80,8.39,0,6.6,0,Not At Risk
S09409,Female,AI,69,58,77,9.07,0,3.3,0,Not At Risk
S09411,Female,IT,99,83,94,8.81,0,4.6,0,Not At Risk
S09412,Female,Computer,92,97,79,8.59,0,3.4,0,Not At Risk
S09414,Female,AI,93,81,88,8.0,0,3.3,0,Not At Risk
S09416,Male,IT,92,72,97,6.65,1,3.2,0,Not At Risk
S09423,Female,AI,95,69,78,9.7,0,6.3,0,Not At Risk
S09425,Female,Computer,51,44,60,6.08,3,1.7,1,At Risk
S09426,Female,IT,86,61,98,7.65,1,6.0,0,Not At Risk
S09430,Male,Computer,89,90,69,9.63,0,3.6,0,Not At Risk
S09447,Female,AI,95,64,87,7.55,0,3.7,0,Not At Risk
S09451,Male,Computer,93,94,82,6.85,1,5.3,0,Not At Risk
S09478,Male,IT,99,100,71,7.5,1,8.0,0,Not At Risk
S09482,Female,Computer,49,42,56,6.34,3,1.3,1,At Risk
S09486,Female,Computer,74,84,69,7.52,0,7.1,0,Not At Risk
S09488,Female,AI,79,83,57,7.79,0,4.4,0,Not At Risk
S09493,Female,IT,66,58,74,9.06,1,7.7,0,Not At Risk
S09495,Male,AI,80,74,63,9.22,1,4.3,0,Not At Risk
S09496,Female,AI,85,65,65,8.26,0,4.9,0,Not At Risk
S09500,Male,AI,84,79,95,8.32,0,5.5,0,Not At Risk
S09503,Male,IT,81,81,77,9.72,0,6.5,0,Not At Risk
S09506,Female,Computer,70,85,100,7.3,0,6.1,0,Not At Risk
S09522,Female,Computer,70,87,89,6.97,1,5.5,0,Not At Risk
S09530,Female,AI,81,96,64,7.85,1,3.5,0,Not At Risk
S09534,Female,IT,69,60,85,9.73,0,3.1,0,Not At Risk
S09535,Male,Computer,78,93,56,9.31,0,4.9,0,Not At Risk
S09537,Male,IT,77,72,55,6.85,1,5.3,0,Not At Risk
S09538,Male,IT,73,62,57,8.55,0,5.9,0,Not At Risk
S09547,Female,AI,94,72,61,8.85,1,3.1,0,Not At Risk
S09578,Male,AI,73,71,65,9.95,0,6.0,0,Not At Risk
S09582,Female,Computer,88,61,82,9.72,0,6.7,0,Not At Risk
S09583,Female,IT,74,94,59,7.92,1,5.9,0,Not At Risk
S09593,Female,Computer,76,69,72,6.98,0,3.3,0,Not At Risk
S09630,Female,Computer,83,91,60,8.76,0,5.4,0,Not At Risk
S09637,Female,IT,72,90,87,6.98,0,6.0,0,Not At Risk
S09639,Female,IT,67,67,74,7.69,0,7.2,0,Not At Risk
S09647,Male,Computer,48,54,56,6.02,2,3.8,1,At Risk
S09649,Female,IT,82,62,73,6.71,0,3.9,0,Not At Risk
S09652,Female,Computer,73,61,59,8.29,0,5.8,0,Not At Risk
S09654,Male,IT,90,89,61,8.42,0,6.8,0,Not At Risk
S09659,Male,AI,49,65,53,6.46,2,3.0,1,At Risk
S09661,Female,Computer,62,64,50,6.04,1,1.5,1,At Risk
S09663,Male,IT,98,74,62,8.1,0,5.8,0,Not At Risk
S09664,Male,Computer,70,83,83,8.6,0,3.2,0,Not At Risk
S09666,Male,IT,72,73,92,8.98,1,3.2,0,Not At Risk
S09673,Female,AI,68,72,78,6.54,0,5.5,0,Not At Risk
S09675,Female,Computer,51,50,36,5.96,1,3.9,1,At Risk
S09681,Female,AI,95,64,77,6.86,0,5.7,0,Not At Risk
S09684,Female,IT,61,58,58,5.14,2,2.2,1,At Risk
S09692,Female,AI,89,67,85,6.61,0,5.1,0,Not At Risk
S09699,Female,IT,94,94,81,9.53,0,4.3,0,Not At Risk
S09702,Female,IT,98,88,56,9.28,0,8.0,0,Not At Risk
S09706,Male,IT,76,67,67,8.31,0,4.6,0,Not At Risk
S09714,Male,AI,56,51,46,5.34,2,3.4,1,At Risk
S09716,Female,IT,87,59,63,9.55,0,6.6,0,Not At Risk
S09718,Male,Computer,73,56,97,8.06,0,3.4,0,Not At Risk
S09719,Female,IT,71,88,57,8.71,1,4.7,0,Not At Risk
S09722,Male,Computer,67,74,91,9.17,0,5.1,0,Not At Risk
S09723,Female,IT,51,63,64,5.08,3,1.6,1,At Risk
S09732,Female,AI,65,73,57,6.75,1,3.7,0,Not At Risk
S09735,Female,IT,93,97,84,8.44,0,3.8,0,Not At Risk
S09740,Male,Computer,98,93,88,6.96,1,3.7,0,Not At Risk
S09747,Male,AI,47,46,48,6.61,1,2.6,1,At Risk
S09767,Male,IT,96,84,93,8.64,1,6.9,0,Not At Risk
S09768,Male,Computer,98,94,67,7.92,1,4.4,0,Not At Risk
S09772,Female,Computer,71,70,86,7.77,1,4.4,0,Not At Risk
S09782,Male,AI,70,65,54,5.1,3,2.7,1,At Risk
S09796,Female,IT,78,60,79,7.02,1,6.1,0,Not At Risk
S09797,Male,IT,88,77,60,7.68,0,3.3,0,Not At Risk
S09815,Female,AI,66,75,96,8.38,0,7.0,0,Not At Risk
S09819,Male,AI,53,49,54,5.96,3,1.1,1,At Risk
S09820,Male,IT,98,88,87,6.95,0,5.5,0,Not At Risk
S09823,Female,IT,77,61,69,7.11,0,3.4,0,Not At Risk
S09825,Male,AI,67,66,67,9.91,1,5.8,0,Not At Risk
S09831,Female,Computer,71,88,78,7.3,1,4.3,0,Not At Risk
S09834,Female,Computer,91,70,89,9.32,0,4.4,0,Not At Risk
S09836,Female,IT,46,47,39,6.53,3,1.9,1,At Risk
S09837,Male,IT,66,46,63,5.24,1,2.9,1,At Risk
S09851,Female,AI,75,78,71,8.2,0,5.2,0,Not At Risk
S09852,Male,IT,83,72,84,6.95,0,3.5,0,Not At Risk
S09855,Female,AI,84,83,60,7.9,0,4.3,0,Not At Risk
S09860,Male,Computer,57,39,39,5.65,2,2.4,1,At Risk
S09862,Male,AI,54,36,38,4.97,2,1.1,1,At Risk
S09870,Female,Computer,95,100,85,9.23,0,3.7,0,Not At Risk
S09874,Male,IT,84,92,79,8.93,1,5.7,0,Not At Risk
S09880,Female,AI,79,99,55,9.88,0,4.3,0,Not At Risk
S09883,Male,IT,81,58,76,8.24,0,3.4,0,Not At Risk
S09889,Female,AI,48,40,42,6.41,3,2.7,1,At Risk
S09902,Female,IT,61,61,59,4.84,1,2.1,1,At Risk
S09910,Male,Computer,89,74,92,8.65,1,4.3,0,Not At Risk
S09915,Female,Computer,92,85,67,8.24,0,5.1,0,Not At Risk
S09919,Female,Computer,82,73,81,9.35,0,3.9,0,Not At Risk
S09928,Male,Computer,68,80,73,7.24,1,6.1,0,Not At Risk
S09929,Female,IT,83,71,84,8.81,1,4.4,0,Not At Risk
S09936,Female,AI,71,81,84,6.83,0,4.2,0,Not At Risk
S09942,Male,IT,90,83,65,9.13,0,4.0,0,Not At Risk
S09949,Female,Computer,71,63,92,9.4,0,6.6,0,Not At Risk
S09951,Male,Computer,97,93,88,9.47,1,6.1,0,Not At Risk
S09952,Male,Computer,85,93,97,8.29,0,7.0,0,Not At Risk
S09954,Female,Computer,63,51,70,6.02,1,3.1,1,At Risk
S09957,Female,IT,68,58,58,6.39,2,1.7,1,At Risk
S09973,Male,AI,97,95,64,8.67,0,6.2,0,Not At Risk
S09976,Male,Computer,83,58,64,9.42,0,4.3,0,Not At Risk
S09979,Female,AI,91,76,91,9.66,0,6.1,0,Not At Risk
S09981,Male,AI,98,100,84,7.42,0,6.5,0,Not At Risk
S09985,Male,IT,65,63,55,7.67,0,7.8,0,Not At Risk
S09997,Female,IT,49,60,43,6.45,2,2.6,1,At Risk
S10001,Male,Computer,74,87,60,7.43,0,3.8,0,Not At Risk
S10002,Male,AI,97,84,71,8.09,0,3.6,0,Not At Risk
S10010,Male,Computer,84,69,57,7.04,0,6.8,0,Not At Risk
S10016,Male,IT,86,96,76,8.16,0,5.8,0,Not At Risk
S10029,Female,Computer,82,56,81,8.97,0,4.6,0,Not At Risk
S10031,Male,IT,76,98,66,9.01,0,6.6,0,Not At Risk
S10034,Female,Computer,95,82,81,8.89,0,4.7,0,Not At Risk
S10041,Female,IT,81,61,83,7.77,1,3.8,0,Not At Risk
S10045,Female,IT,92,79,100,9.28,0,5.4,0,Not At Risk
S10047,Female,AI,95,70,78,8.49,0,7.8,0,Not At Risk
S10049,Female,AI,52,52,64,5.06,3,2.6,1,At Risk
S10053,Male,AI,82,95,62,9.96,0,5.9,0,Not At Risk
S10057,Male,AI,49,38,60,4.93,2,1.6,1,At Risk
S10064,Female,AI,55,39,64,5.24,2,2.4,1,At Risk
S10065,Male,Computer,53,59,57,4.8,2,2.4,1,At Risk
S10068,Male,IT,72,95,58,9.87,0,5.6,0,Not At Risk
S10071,Female,Computer,81,96,100,7.8,0,3.8,0,Not At Risk
S10075,Female,AI,97,95,95,9.21,1,6.2,0,Not At Risk
S10079,Female,AI,51,42,46,6.08,3,1.5,1,At Risk
S10080,Male,Computer,75,72,100,7.23,0,6.5,0,Not At Risk
S10084,Male,Computer,91,70,100,6.98,0,5.7,0,Not At Risk
S10085,Female,Computer,73,64,68,9.52,1,5.9,0,Not At Risk
S10089,Female,Computer,80,98,86,9.85,0,7.9,0,Not At Risk
S10095,Male,Computer,92,81,65,8.71,1,5.8,0,Not At Risk
S10123,Male,AI,91,78,82,8.1,0,7.2,0,Not At Risk
S10133,Male,IT,79,100,63,6.94,1,4.8,0,Not At Risk
S10134,Male,Computer,97,85,68,9.38,1,7.9,0,Not At Risk
S10138,Female,Computer,79,74,80,9.28,0,5.3,0,Not At Risk
S10139,Male,Computer,96,70,95,8.57,1,7.0,0,Not At Risk
S10142,Male,AI,84,55,64,8.28,0,4.2,0,Not At Risk
S10149,Male,Computer,67,80,97,6.59,0,7.4,0,Not At Risk
S10155,Female,IT,58,42,70,5.55,3,3.1,1,At Risk
S10162,Male,IT,99,100,99,8.99,0,7.8,0,Not At Risk
S10163,Male,IT,86,77,92,6.83,0,7.9,0,Not At Risk
S10166,Male,Computer,97,96,96,6.64,0,3.1,0,Not At Risk
S10174,Female,AI,87,71,62,6.8,0,6.7,0,Not At Risk
S10175,Female,IT,59,55,51,5.95,2,2.9,1,At Risk
S10177,Male,Computer,68,62,95,9.22,1,4.1,0,Not At Risk
S10179,Female,IT,95,73,81,9.46,1,4.9,0,Not At Risk
S10184,Female,AI,83,55,82,8.32,0,6.5,0,Not At Risk
S10188,Male,Computer,76,97,63,9.48,0,5.8,0,Not At Risk
S10189,Female,AI,75,95,78,6.72,0,6.1,0,Not At Risk
S10207,Female,AI,62,57,41,6.26,1,1.9,1,At Risk
S10208,Female,AI,77,83,68,8.99,0,4.6,0,Not At Risk
S10213,Male,AI,82,92,61,9.85,0,5.0,0,Not At Risk
S10228,Female,AI,85,71,65,8.14,1,7.3,0,Not At Risk
S10236,Male,IT,99,86,99,7.04,0,6.8,0,Not At Risk
S10238,Female,AI,52,60,69,4.89,3,3.9,1,At Risk
S10248,Female,IT,73,62,55,7.0,1,4.1,0,Not At Risk
S10251,Male,IT,81,78,75,9.45,0,6.2,0,Not At Risk
S10255,Female,AI,73,88,79,7.35,0,5.7,0,Not At Risk
S10257,Female,AI,82,58,71,9.5,0,3.8,0,Not At Risk
S10262,Male,Computer,97,78,76,7.03,1,8.0,0,Not At Risk
S10266,Female,AI,96,85,98,7.02,1,6.8,0,Not At Risk
S10274,Female,IT,65,45,42,5.44,2,3.7,1,At Risk
S10279,Male,IT,45,51,46,5.8,2,1.3,1,At Risk
S10282,Male,AI,48,35,52,6.61,1,2.2,1,At Risk
S10291,Female,IT,67,91,81,9.97,0,4.8,0,Not At Risk
S10297,Male,AI,69,57,60,5.38,1,3.8,1,At Risk
S10300,Male,AI,92,92,81,8.14,0,4.5,0,Not At Risk
S10301,Female,IT,78,100,58,8.23,0,7.7,0,Not At Risk
S10302,Female,AI,76,89,65,8.94,0,5.8,0,Not At Risk
S10309,Male,IT,75,82,77,7.04,1,5.9,0,Not At Risk
S10317,Female,Computer,93,61,89,8.4,0,7.5,0,Not At Risk
S10320,Female,IT,89,86,71,6.71,0,6.4,0,Not At Risk
S10325,Female,IT,87,77,90,9.69,0,5.5,0,Not At Risk
S10332,Male,IT,96,74,75,6.61,0,6.4,0,Not At Risk
S10335,Female,AI,77,94,84,9.15,1,3.8,0,Not At Risk
S10338,Male,Computer,86,61,93,6.54,1,5.2,0,Not At Risk
S10340,Male,Computer,76,72,60,9.8,0,4.2,0,Not At Risk
S10345,Female,AI,88,64,98,8.11,0,6.4,0,Not At Risk
S10351,Male,Computer,65,65,51,6.4,2,3.5,1,At Risk
S10355,Female,IT,74,92,82,6.84,1,3.6,0,Not At Risk
S10362,Female,AI,97,72,90,7.81,0,6.4,0,Not At Risk
S10367,Male,IT,91,81,77,6.7,1,7.1,0,Not At Risk
S10371,Female,IT,68,91,71,7.46,1,6.1,0,Not At Risk
S10375,Female,AI,99,64,62,9.87,1,7.1,0,Not At Risk
S10377,Female,Computer,82,97,62,9.03,0,5.0,0,Not At Risk
S10380,Female,IT,58,62,58,5.92,1,1.9,1,At Risk
S10381,Female,IT,88,75,66,7.83,1,5.2,0,Not At Risk
S10382,Female,AI,56,49,35,6.37,3,2.9,1,At Risk
S10383,Male,IT,100,72,77,8.73,1,4.3,0,Not At Risk
S10385,Female,IT,84,71,100,7.66,0,6.3,0,Not At Risk
S10386,Male,IT,98,71,60,7.69,1,5.1,0,Not At Risk
S10391,Female,AI,90,98,77,7.72,0,5.7,0,Not At Risk
S10399,Female,AI,47,65,36,5.88,3,1.6,1,At Risk
S10405,Female,AI,49,63,70,5.08,1,3.3,1,At Risk
S10421,Female,IT,66,94,63,7.73,0,6.9,0,Not At Risk
S10443,Female,IT,62,54,49,6.79,2,4.0,1,At Risk
S10451,Male,Computer,92,80,56,7.32,0,5.8,0,Not At Risk
S10455,Male,AI,67,79,100,8.15,0,5.7,0,Not At Risk
S10459,Female,AI,81,91,79,7.34,1,4.7,0,Not At Risk
S10468,Female,IT,91,55,76,8.27,0,5.3,0,Not At Risk
S10469,Male,AI,64,47,52,4.87,3,1.4,1,At Risk
S10470,Female,AI,99,96,57,7.91,0,6.0,0,Not At Risk
S10471,Female,Computer,62,51,66,6.08,3,2.6,1,At Risk
S10476,Female,AI,82,91,58,9.21,0,6.7,0,Not At Risk
S10480,Female,Computer,99,90,78,7.91,0,5.0,0,Not At Risk
S10485,Female,Computer,79,58,97,8.99,1,5.5,0,Not At Risk
S10489,Male,AI,90,78,61,9.42,0,7.0,0,Not At Risk
S10498,Female,AI,100,96,87,9.25,0,4.3,0,Not At Risk
S10499,Male,AI,64,42,48,6.33,2,2.5,1,At Risk
S10509,Male,Computer,96,57,100,9.65,0,3.2,0,Not At Risk
S10511,Male,AI,89,90,82,8.23,0,4.3,0,Not At Risk
S10512,Male,IT,100,99,55,6.81,0,3.5,0,Not At Risk
S10514,Male,IT,96,94,76,8.31,0,3.3,0,Not At Risk
S10516,Male,AI,86,95,93,6.86,1,7.2,0,Not At Risk
S10518,Male,IT,99,100,78,9.31,1,7.5,0,Not At Risk
S10526,Female,Computer,80,93,59,6.87,0,4.0,0,Not At Risk
S10531,Female,Computer,97,80,66,9.61,0,6.8,0,Not At Risk
S10533,Male,AI,70,71,67,9.88,0,6.9,0,Not At Risk
S10535,Female,IT,86,60,87,7.88,1,3.5,0,Not At Risk
S10542,Male,AI,77,74,59,9.29,0,6.7,0,Not At Risk
S10545,Male,Computer,76,80,77,7.36,0,8.0,0,Not At Risk
S10557,Female,IT,100,57,90,9.99,0,4.7,0,Not At Risk
S10560,Male,Computer,69,43,44,6.2,1,2.4,1,At Risk
S10564,Female,Computer,67,99,61,9.37,0,7.0,0,Not At Risk
S10567,Female,IT,49,62,54,6.73,2,1.0,1,At Risk
S10570,Male,IT,68,63,74,9.29,0,6.7,0,Not At Risk
S10571,Female,IT,90,96,85,9.69,1,4.1,0,Not At Risk
S10572,Female,Computer,93,63,84,9.15,0,7.2,0,Not At Risk
S10579,Female,IT,68,62,60,5.79,3,2.2,1,At Risk
S10580,Female,AI,92,74,96,9.93,0,7.0,0,Not At Risk
S10582,Female,AI,77,68,97,9.03,0,6.3,0,Not At Risk
S10591,Female,AI,67,78,96,7.24,0,4.7,0,Not At Risk
S10594,Female,Computer,87,63,71,8.13,0,3.1,0,Not At Risk
S10595,Male,Computer,75,77,89,9.08,1,3.5,0,Not At Risk
S10599,Female,Computer,67,56,90,7.88,0,6.4,0,Not At Risk
S10606,Male,IT,87,58,73,9.66,0,7.2,0,Not At Risk
S10608,Male,Computer,70,43,67,6.75,3,3.5,1,At Risk
S10615,Female,Computer,51,49,64,4.84,1,1.9,1,At Risk
S10616,Male,AI,54,60,53,5.61,2,2.6,1,At Risk
S10625,Female,AI,87,90,93,8.67,0,6.1,0,Not At Risk
S10632,Female,IT,81,85,91,9.41,1,3.0,0,Not At Risk
S10633,Male,AI,98,62,64,8.82,0,6.6,0,Not At Risk
S10641,Male,AI,79,71,76,9.02,0,6.8,0,Not At Risk
S10652,Male,AI,69,93,90,8.77,0,5.4,0,Not At Risk
S10654,Male,IT,82,69,95,8.84,0,7.9,0,Not At Risk
S10664,Female,IT,66,57,99,7.88,1,4.3,0,Not At Risk
S10669,Male,IT,70,60,94,9.65,0,6.8,0,Not At Risk
S10674,Male,IT,83,81,57,6.89,0,5.6,0,Not At Risk
S10692,Male,AI,83,92,82,9.67,1,4.0,0,Not At Risk
S10693,Female,AI,83,75,79,6.8,0,6.7,0,Not At Risk
S10722,Female,IT,81,72,96,7.68,0,4.2,0,Not At Risk
S10727,Male,AI,80,98,73,9.03,0,5.0,0,Not At Risk
S10729,Male,Computer,81,100,76,9.3,0,5.6,0,Not At Risk
S10740,Male,IT,48,40,58,5.64,3,2.2,1,At Risk
S10742,Male,AI,73,61,86,9.39,0,6.3,0,Not At Risk
S10744,Female,AI,76,84,85,9.97,0,6.6,0,Not At Risk
S10745,Female,AI,88,70,64,9.37,0,3.8,0,Not At Risk
S10749,Male,Computer,79,60,82,9.56,0,3.3,0,Not At Risk
S10753,Female,IT,93,76,78,8.56,0,5.8,0,Not At Risk
S10759,Female,Computer,100,83,65,9.67,0,3.2,0,Not At Risk
S10760,Male,Computer,94,100,80,7.46,0,6.3,0,Not At Risk
S10762,Male,Computer,86,80,75,9.59,0,6.2,0,Not At Risk
S10765,Male,AI,100,87,98,7.68,0,6.7,0,Not At Risk
S10767,Female,Computer,86,95,81,6.68,1,6.1,0,Not At Risk
S10768,Male,AI,90,76,73,9.77,1,4.3,0,Not At Risk
S10774,Female,Computer,55,43,51,6.02,3,1.4,1,At Risk
S10779,Male,IT,99,83,96,9.41,1,3.8,0,Not At Risk
S10782,Female,AI,83,66,66,9.32,0,4.4,0,Not At Risk
S10784,Male,Computer,74,96,68,7.5,0,4.8,0,Not At Risk
S10785,Female,Computer,79,56,69,9.47,1,3.9,0,Not At Risk
S10788,Male,IT,71,58,95,6.68,0,3.6,0,Not At Risk
S10792,Female,IT,99,95,72,7.57,0,6.5,0,Not At Risk
S10794,Female,AI,100,79,74,7.43,0,5.0,0,Not At Risk
S10796,Female,Computer,92,64,90,8.3,0,5.7,0,Not At Risk
S10797,Female,IT,79,99,59,9.98,0,5.6,0,Not At Risk
S10802,Male,AI,83,80,80,8.03,0,5.9,0,Not At Risk
S10803,Female,AI,87,87,95,9.19,0,4.4,0,Not At Risk
S10807,Male,Computer,68,74,57,7.85,0,3.6,0,Not At Risk
S10809,Male,IT,94,94,100,8.97,0,7.1,0,Not At Risk
S10817,Female,AI,50,55,41,6.43,2,3.1,1,At Risk
S10820,Male,IT,96,74,96,7.44,0,4.0,0,Not At Risk
S10825,Male,Computer,80,59,76,8.14,1,3.4,0,Not At Risk
S10826,Female,IT,79,77,75,8.75,0,4.9,0,Not At Risk
S10844,Male,Computer,90,57,85,8.83,1,5.3,0,Not At Risk
S10852,Female,IT,79,94,95,7.79,0,5.0,0,Not At Risk
S10854,Female,IT,92,80,77,9.73,0,6.0,0,Not At Risk
S10855,Male,Computer,65,93,79,8.01,0,7.7,0,Not At Risk
S10860,Male,IT,58,46,61,6.53,3,2.6,1,At Risk
S10867,Female,IT,63,60,56,6.3,1,1.4,1,At Risk
S10871,Female,AI,92,56,81,9.39,1,7.4,0,Not At Risk
S10876,Female,IT,65,90,75,9.21,1,6.0,0,Not At Risk
S10880,Male,IT,88,62,78,9.8,0,3.1,0,Not At Risk
S10882,Female,IT,91,71,60,6.93,0,4.8,0,Not At Risk
S10883,Male,AI,65,56,96,7.83,0,3.4,0,Not At Risk
S10885,Female,IT,99,61,77,8.55,0,3.5,0,Not At Risk
S10886,Female,IT,83,58,64,6.78,1,7.0,0,Not At Risk
S10887,Male,Computer,79,72,88,9.86,0,4.1,0,Not At Risk
S10888,Female,Computer,70,78,65,6.85,1,5.4,0,Not At Risk
S10900,Female,Computer,49,46,67,5.86,1,2.2,1,At Risk
S10903,Male,AI,98,76,60,9.8,0,3.1,0,Not At Risk
S10904,Male,AI,81,62,56,8.09,0,5.2,0,Not At Risk
S10913,Male,Computer,97,56,86,7.35,0,7.4,0,Not At Risk
S10915,Female,AI,66,94,55,8.54,1,3.6,0,Not At Risk
S10916,Male,Computer,76,87,57,9.38,0,4.1,0,Not At Risk
S10920,Male,IT,99,89,74,9.6,0,4.0,0,Not At Risk
S10922,Female,IT,87,69,89,7.21,1,6.0,0,Not At Risk
S10927,Male,AI,99,71,59,9.27,0,4.9,0,Not At Risk
S10949,Male,Computer,97,80,90,9.46,0,5.4,0,Not At Risk
S10950,Female,IT,76,72,87,7.18,0,3.7,0,Not At Risk
S10952,Male,IT,94,77,66,9.84,0,7.7,0,Not At Risk
S10956,Male,Computer,57,51,70,4.8,3,1.4,1,At Risk
S10961,Male,IT,73,68,89,7.07,0,3.2,0,Not At Risk
S10963,Female,IT,100,67,56,9.28,0,4.2,0,Not At Risk
S10969,Male,Computer,76,65,85,8.81,0,7.6,0,Not At Risk
S10977,Female,IT,100,59,55,9.48,0,3.0,0,Not At Risk
S10978,Female,AI,71,90,65,9.16,0,4.2,0,Not At Risk
S10979,Female,Computer,72,88,61,6.6,1,6.8,0,Not At Risk
S10984,Male,IT,73,93,68,6.79,1,3.2,0,Not At Risk
S10994,Male,AI,82,71,75,7.08,0,6.1,0,Not At Risk
S10997,Female,AI,73,90,95,6.88,0,6.5,0,Not At Risk
S11004,Female,AI,100,87,94,9.81,1,4.0,0,Not At Risk
S11012,Male,Computer,92,60,60,9.4,0,7.5,0,Not At Risk
S11024,Male,AI,69,62,59,6.79,1,2.5,1,At Risk
S11034,Female,AI,78,64,59,6.71,0,7.8,0,Not At Risk
S11038,Male,Computer,67,35,51,5.05,1,2.0,1,At Risk
S11039,Male,Computer,76,82,87,9.91,0,3.3,0,Not At Risk
S11041,Female,Computer,83,81,92,8.82,0,6.4,0,Not At Risk
S11055,Male,Computer,94,61,90,8.89,0,5.8,0,Not At Risk
S11057,Female,IT,96,56,83,8.61,0,4.4,0,Not At Risk
S11062,Male,AI,71,68,61,7.29,0,3.1,0,Not At Risk
S11066,Female,Computer,58,51,64,5.68,1,2.1,1,At Risk
S11069,Male,IT,78,75,61,9.13,1,5.4,0,Not At Risk
S11077,Male,IT,97,76,69,6.75,0,7.4,0,Not At Risk
S11081,Male,AI,86,77,93,7.61,1,7.9,0,Not At Risk
S11089,Female,AI,65,37,63,5.41,3,1.3,1,At Risk
S11090,Female,IT,90,71,84,7.08,0,7.9,0,Not At Risk
S11093,Male,IT,70,49,70,6.69,3,1.4,1,At Risk
S11094,Female,IT,82,79,60,9.45,0,4.3,0,Not At Risk
S11102,Male,Computer,77,73,94,6.55,0,5.4,0,Not At Risk
S11107,Male,AI,68,70,76,8.24,0,5.0,0,Not At Risk
S11116,Female,IT,90,73,67,8.66,1,6.1,0,Not At Risk
S11121,Female,AI,65,83,73,9.04,0,3.2,0,Not At Risk
S11123,Male,Computer,92,80,81,9.79,0,6.1,0,Not At Risk
S11131,Male,AI,86,63,90,9.75,0,6.5,0,Not At Risk
S11138,Female,IT,97,100,80,9.1,0,4.3,0,Not At Risk
S11139,Female,AI,67,54,37,6.02,2,1.1,1,At Risk
S11144,Female,AI,77,72,87,8.05,0,3.1,0,Not At Risk
S11150,Female,AI,99,59,57,8.38,0,3.3,0,Not At Risk
S11156,Female,IT,69,86,69,9.38,0,6.2,0,Not At Risk
S11158,Female,IT,76,68,62,9.77,0,3.3,0,Not At Risk
S11172,Male,AI,64,43,70,6.2,1,1.7,1,At Risk
S11175,Female,IT,81,81,92,8.92,0,4.9,0,Not At Risk
S11178,Female,IT,56,46,50,5.08,1,2.9,1,At Risk
S11181,Female,Computer,71,85,87,8.72,1,5.0,0,Not At Risk
S11185,Male,Computer,68,59,60,7.23,0,5.1,0,Not At Risk
S11189,Female,Computer,86,56,60,8.12,0,5.4,0,Not At Risk
S11193,Male,IT,84,77,69,8.14,1,3.5,0,Not At Risk
S11201,Male,AI,78,89,64,8.27,1,5.2,0,Not At Risk
S11211,Male,AI,66,68,97,7.0,0,3.3,0,Not At Risk
S11213,Female,AI,74,67,62,8.5,0,3.9,0,Not At Risk
S11218,Male,AI,67,70,90,7.79,0,5.3,0,Not At Risk
S11219,Male,AI,88,94,97,9.95,0,3.6,0,Not At Risk
S11237,Female,Computer,65,75,65,8.89,0,4.6,0,Not At Risk
S11240,Male,Computer,61,45,36,5.7,2,1.6,1,At Risk
S11252,Female,IT,70,80,75,7.23,0,4.2,0,Not At Risk
S11259,Female,Computer,69,69,82,6.67,0,7.7,0,Not At Risk
S11267,Female,Computer,92,79,90,6.64,1,7.6,0,Not At Risk
S11268,Male,IT,89,69,75,8.75,1,4.0,0,Not At Risk
S11281,Female,IT,88,68,96,8.36,1,7.4,0,Not At Risk
S11284,Female,Computer,87,99,97,6.86,0,5.9,0,Not At Risk
S11288,Female,Computer,52,45,60,5.99,2,3.5,1,At Risk
S11292,Male,AI,79,56,92,6.54,1,3.6,0,Not At Risk
S11293,Male,AI,100,68,58,7.84,0,5.0,0,Not At Risk
S11296,Female,Computer,92,73,55,7.19,1,5.5,0,Not At Risk
S11298,Female,AI,65,73,86,7.84,1,4.1,0,Not At Risk
S11307,Female,AI,85,87,57,9.39,0,3.9,0,Not At Risk
S11316,Female,Computer,95,83,93,7.09,0,5.7,0,Not At Risk
S11317,Female,Computer,66,91,64,7.07,1,4.8,0,Not At Risk
S11322,Female,IT,83,60,57,9.32,1,5.5,0,Not At Risk
S11324,Female,Computer,48,39,40,5.98,2,2.9,1,At Risk
S11325,Male,AI,72,64,95,7.83,1,7.5,0,Not At Risk
S11329,Female,Computer,92,60,94,7.2,0,6.9,0,Not At Risk
S11337,Female,AI,74,82,58,7.38,0,5.4,0,Not At Risk
S11341,Male,AI,87,91,73,8.75,1,6.0,0,Not At Risk
S11360,Female,Computer,98,59,99,9.13,0,6.7,0,Not At Risk
S11365,Female,Computer,72,73,66,9.04,0,5.3,0,Not At Risk
S11368,Male,Computer,83,95,76,6.82,0,5.7,0,Not At Risk
S11371,Female,Computer,76,60,67,9.66,0,7.8,0,Not At Risk
S11373,Female,Computer,75,60,70,8.91,0,6.7,0,Not At Risk
S11380,Male,Computer,51,52,69,6.78,2,2.5,1,At Risk
S11382,Male,AI,70,60,59,9.83,0,6.1,0,Not At Risk
S11384,Female,IT,69,70,99,6.65,1,7.0,0,Not At Risk
S11390,Male,IT,81,75,90,8.02,0,4.5,0,Not At Risk
S11391,Male,Computer,67,52,54,5.13,2,3.5,1,At Risk
S11395,Male,IT,81,80,59,6.71,1,3.1,0,Not At Risk
S11397,Male,IT,93,91,61,9.31,0,6.2,0,Not At Risk
S11404,Male,AI,83,90,83,6.77,0,5.4,0,Not At Risk
S11405,Male,IT,89,98,72,6.86,1,5.4,0,Not At Risk
S11411,Male,Computer,89,75,88,9.87,1,6.9,0,Not At Risk
S11413,Male,Computer,46,59,54,6.44,2,3.1,1,At Risk
S11418,Male,IT,69,86,80,8.7,0,7.3,0,Not At Risk
S11422,Male,IT,50,56,58,5.81,1,2.2,1,At Risk
S11424,Female,Computer,84,66,96,7.53,0,7.1,0,Not At Risk
S11426,Male,Computer,94,93,79,7.58,1,6.8,0,Not At Risk
S11432,Male,Computer,73,80,69,8.51,0,6.8,0,Not At Risk
S11439,Female,IT,67,99,95,9.57,0,4.4,0,Not At Risk
S11442,Female,Computer,74,64,57,9.6,0,6.7,0,Not At Risk
S11443,Female,AI,93,68,98,8.37,0,3.7,0,Not At Risk
S11450,Female,IT,70,62,77,9.18,1,3.2,0,Not At Risk
S11456,Female,Computer,69,62,95,8.27,0,7.1,0,Not At Risk
S11459,Female,AI,98,83,74,8.83,0,3.9,0,Not At Risk
S11460,Female,AI,73,62,70,8.71,0,3.4,0,Not At Risk
S11464,Female,IT,51,55,51,6.66,2,1.5,1,At Risk
S11472,Male,IT,90,100,86,8.16,0,5.0,0,Not At Risk
S11478,Female,Computer,78,76,95,7.65,0,4.8,0,Not At Risk
S11480,Female,Computer,73,91,62,6.99,0,4.2,0,Not At Risk
S11482,Male,AI,91,88,91,8.66,0,7.0,0,Not At Risk
S11489,Male,IT,100,88,55,7.91,1,7.3,0,Not At Risk
S11490,Male,IT,65,80,91,7.61,0,6.2,0,Not At Risk
S11494,Female,Computer,74,72,60,9.84,0,7.7,0,Not At Risk
S11502,Female,Computer,96,90,90,7.81,0,3.1,0,Not At Risk
S11504,Female,AI,70,56,42,5.85,3,3.6,1,At Risk
S11506,Male,AI,75,91,85,7.55,0,5.4,0,Not At Risk
S11511,Male,IT,82,67,91,8.19,0,7.4,0,Not At Risk
S11513,Male,Computer,86,88,87,9.5,1,3.6,0,Not At Risk
S11524,Male,IT,54,46,65,6.48,1,2.7,1,At Risk
S11536,Male,Computer,67,91,62,8.9,1,3.6,0,Not At Risk
S11544,Male,AI,87,64,95,9.69,0,3.3,0,Not At Risk
S11552,Female,Computer,51,37,42,6.05,3,2.7,1,At Risk
S11560,Male,Computer,91,82,96,8.08,0,4.4,0,Not At Risk
S11561,Male,AI,91,63,74,8.36,0,6.1,0,Not At Risk
S11565,Female,AI,66,54,39,5.36,2,3.8,1,At Risk
S11570,Female,IT,68,96,67,8.05,1,6.3,0,Not At Risk
S11576,Male,IT,57,37,46,6.52,3,3.1,1,At Risk
S11580,Female,IT,70,62,87,8.39,0,6.2,0,Not At Risk
S11595,Female,Computer,69,57,72,8.41,0,6.8,0,Not At Risk
S11599,Female,IT,89,56,81,7.48,1,6.2,0,Not At Risk
S11602,Male,AI,96,85,66,9.14,0,8.0,0,Not At Risk
S11612,Male,AI,72,100,95,7.66,0,6.8,0,Not At Risk
S11618,Female,Computer,78,97,66,9.73,0,4.4,0,Not At Risk
S11629,Female,AI,69,61,68,7.15,1,7.2,0,Not At Risk
S11632,Female,AI,83,94,96,8.4,1,7.1,0,Not At Risk
S11640,Male,Computer,82,90,84,8.69,0,4.7,0,Not At Risk
S11642,Male,IT,82,61,90,8.04,1,6.9,0,Not At Risk
S11644,Female,Computer,53,49,58,5.77,2,1.6,1,At Risk
S11648,Female,IT,49,58,45,6.24,2,2.8,1,At Risk
S11665,Male,IT,56,63,44,6.65,1,2.6,1,At Risk
S11666,Male,Computer,71,74,59,9.06,0,4.4,0,Not At Risk
S11670,Female,Computer,94,63,68,7.82,0,7.8,0,Not At Risk
S11673,Male,AI,75,72,89,8.43,0,5.7,0,Not At Risk
S11683,Female,Computer,72,94,81,9.62,0,4.1,0,Not At Risk
S11685,Female,AI,51,58,59,6.69,1,1.4,1,At Risk
S11692,Male,IT,76,59,88,6.91,1,7.0,0,Not At Risk
S11695,Female,AI,88,94,69,7.69,1,3.6,0,Not At Risk
S11698,Female,IT,46,61,64,6.44,3,2.2,1,At Risk
S11709,Female,IT,51,50,40,6.13,1,2.5,1,At Risk
S11711,Female,IT,66,59,74,6.54,0,3.7,0,Not At Risk
S11712,Female,AI,46,65,38,6.25,3,4.0,1,At Risk
S11713,Female,IT,96,70,61,8.85,0,5.7,0,Not At Risk
S11714,Female,AI,89,85,95,7.07,1,5.6,0,Not At Risk
S11716,Female,AI,53,59,62,5.2,3,3.5,1,At Risk
S11720,Male,IT,77,84,93,6.92,0,7.9,0,Not At Risk
S11721,Female,Computer,73,97,64,8.0,0,3.7,0,Not At Risk
S11735,Male,Computer,54,59,58,5.69,1,3.8,1,At Risk
S11749,Male,IT,67,88,67,6.66,0,7.0,0,Not At Risk
S11751,Male,Computer,63,58,43,5.25,2,4.0,1,At Risk
S11754,Male,Computer,79,88,78,8.98,1,5.9,0,Not At Risk
S11768,Female,AI,74,90,84,9.42,0,7.4,0,Not At Risk
S11772,Male,Computer,80,67,70,9.28,0,6.9,0,Not At Risk
S11778,Male,IT,47,43,58,5.47,2,1.9,1,At Risk
S11782,Male,IT,100,71,92,8.04,1,5.1,0,Not At Risk
S11792,Male,AI,86,88,88,8.02,0,4.7,0,Not At Risk
S11793,Male,Computer,70,95,70,8.14,0,5.7,0,Not At Risk
S11798,Female,AI,76,85,72,9.06,0,3.3,0,Not At Risk
S11799,Male,IT,98,70,84,9.35,0,4.1,0,Not At Risk
S11802,Male,IT,88,56,96,7.77,1,3.3,0,Not At Risk
S11815,Male,Computer,70,82,90,6.66,0,5.4,0,Not At Risk
S11816,Female,Computer,83,99,79,9.78,0,4.8,0,Not At Risk
S11826,Female,IT,67,49,41,6.24,1,1.0,1,At Risk
S11830,Female,IT,81,83,79,8.94,1,3.5,0,Not At Risk
S11831,Male,Computer,76,59,56,8.64,0,6.6,0,Not At Risk
S11837,Male,IT,63,56,69,6.55,2,2.0,1,At Risk
S11840,Female,IT,93,60,73,7.75,0,4.5,0,Not At Risk
S11843,Male,IT,79,76,58,8.44,0,6.5,0,Not At Risk
S11846,Female,AI,74,93,57,9.59,1,4.4,0,Not At Risk
S11848,Male,AI,97,95,87,8.05,0,3.7,0,Not At Risk
S11856,Female,Computer,88,73,86,7.44,0,4.9,0,Not At Risk
S11859,Male,AI,46,51,50,5.25,1,1.9,1,At Risk
S11864,Male,AI,70,64,64,5.87,1,3.9,1,At Risk
S11865,Female,AI,52,60,40,5.34,2,1.4,1,At Risk
S11866,Female,Computer,79,93,84,9.51,1,5.6,0,Not At Risk
S11867,Female,AI,45,47,37,6.06,1,1.4,1,At Risk
S11868,Male,AI,89,92,90,8.65,0,6.5,0,Not At Risk
S11872,Female,Computer,85,81,79,7.13,0,7.4,0,Not At Risk
S11877,Male,AI,98,90,100,9.75,1,7.3,0,Not At Risk
S11880,Male,Computer,98,61,62,8.69,0,6.3,0,Not At Risk
S11884,Female,AI,72,70,55,6.84,0,4.4,0,Not At Risk
S11885,Female,Computer,84,90,81,8.36,0,5.1,0,Not At Risk
S11886,Female,IT,81,71,99,9.52,0,4.9,0,Not At Risk
S11900,Female,IT,79,73,88,7.13,0,5.2,0,Not At Risk
S11904,Female,IT,51,40,43,4.92,2,3.2,1,At Risk
S11906,Female,AI,87,99,77,6.7,0,7.6,0,Not At Risk
S11907,Male,Computer,96,97,96,8.71,0,3.1,0,Not At Risk
S11912,Male,AI,61,62,38,5.12,1,1.5,1,At Risk
S11918,Male,AI,97,78,64,7.7,0,5.1,0,Not At Risk
S11919,Male,AI,92,74,82,8.51,0,7.3,0,Not At Risk
S11921,Female,AI,76,90,94,9.29,0,5.1,0,Not At Risk
S11932,Female,AI,66,55,59,6.44,3,3.6,1,At Risk
S11940,Male,IT,71,76,63,7.8,1,7.4,0,Not At Risk
S11944,Male,IT,77,62,99,9.6,0,6.7,0,Not At Risk
S11945,Female,AI,68,38,40,4.89,3,3.3,1,At Risk
S11948,Male,IT,69,66,65,6.59,0,5.3,0,Not At Risk
S11952,Male,IT,71,55,90,8.9,1,6.7,0,Not At Risk
S11959,Male,Computer,65,52,55,5.02,1,1.3,1,At Risk
S11960,Female,IT,68,55,58,8.62,0,7.9,0,Not At Risk
S11963,Male,Computer,81,85,81,8.57,0,6.0,0,Not At Risk
S11964,Male,IT,65,94,86,7.5,0,4.2,0,Not At Risk
S11965,Female,Computer,48,41,49,6.1,1,1.6,1,At Risk
S11970,Male,IT,99,95,80,8.52,0,3.8,0,Not At Risk
S11973,Female,AI,83,99,90,7.1,0,6.1,0,Not At Risk
S11984,Female,AI,69,76,87,7.38,0,4.7,0,Not At Risk
S11986,Female,AI,96,77,99,9.82,0,3.2,0,Not At Risk
S11996,Female,IT,77,94,91,9.53,0,6.8,0,Not At Risk
S12005,Male,IT,76,83,72,7.12,0,5.8,0,Not At Risk
S12006,Male,AI,86,56,64,10.0,0,6.4,0,Not At Risk
S12008,Female,IT,85,63,88,7.9,0,6.4,0,Not At Risk
S12017,Male,IT,67,63,100,7.8,0,6.9,0,Not At Risk
S12022,Female,IT,50,61,65,6.56,1,1.8,1,At Risk
S12023,Female,IT,90,55,66,8.94,0,3.4,0,Not At Risk
S12027,Male,IT,68,56,45,5.01,1,3.5,1,At Risk
S12036,Female,Computer,79,56,69,8.98,0,3.2,0,Not At Risk
S12037,Male,Computer,96,57,97,7.6,0,6.4,0,Not At Risk
S12047,Male,Computer,94,71,57,9.56,0,5.8,0,Not At Risk
S12053,Female,Computer,65,36,55,5.12,1,2.3,1,At Risk
S12057,Male,AI,71,96,68,8.48,0,5.2,0,Not At Risk
S12058,Male,AI,80,65,64,9.67,0,7.3,0,Not At Risk
S12059,Male,AI,81,57,93,9.38,0,5.1,0,Not At Risk
S12060,Female,AI,60,59,43,6.13,2,3.5,1,At Risk
S12061,Female,IT,90,66,83,9.24,0,4.3,0,Not At Risk
S12067,Male,IT,83,69,71,6.94,0,7.5,0,Not At Risk
S12069,Male,IT,66,52,64,5.03,1,4.0,1,At Risk
S12071,Female,Computer,76,56,66,7.75,0,4.2,0,Not At Risk
S12073,Female,AI,91,57,86,7.47,1,5.7,0,Not At Risk
S12077,Male,AI,51,54,52,5.21,3,1.7,1,At Risk
S12080,Female,IT,76,100,82,9.03,0,7.3,0,Not At Risk
S12096,Male,IT,71,94,63,8.57,0,5.1,0,Not At Risk
S12097,Female,IT,89,95,86,6.86,0,3.2,0,Not At Risk
S12100,Male,Computer,88,64,69,9.93,0,6.6,0,Not At Risk
S12104,Female,Computer,73,90,72,6.61,0,7.8,0,Not At Risk
S12105,Female,Computer,88,56,68,7.3,1,4.6,0,Not At Risk
S12115,Male,IT,49,38,70,4.99,1,2.8,1,At Risk
S12117,Male,IT,66,83,68,8.63,1,6.2,0,Not At Risk
S12119,Male,Computer,100,87,99,8.66,1,7.5,0,Not At Risk
S12124,Female,AI,87,92,92,9.5,0,5.5,0,Not At Risk
S12126,Male,Computer,89,61,99,7.27,1,5.6,0,Not At Risk
S12127,Female,AI,100,67,65,8.52,0,3.4,0,Not At Risk
S12129,Male,IT,68,74,56,7.7,0,6.5,0,Not At Risk
S12132,Female,AI,89,74,72,7.41,0,4.1,0,Not At Risk
S12139,Female,AI,96,78,95,8.72,1,5.8,0,Not At Risk
S12142,Female,AI,97,61,67,8.01,0,5.2,0,Not At Risk
S12143,Female,IT,93,100,91,6.66,0,7.7,0,Not At Risk
S12144,Male,Computer,72,83,92,9.09,1,3.8,0,Not At Risk
S12145,Male,AI,78,81,91,9.49,0,3.0,0,Not At Risk
S12148,Female,Computer,97,55,88,9.59,1,4.1,0,Not At Risk
S12151,Male,Computer,99,57,99,9.58,1,6.1,0,Not At Risk
S12152,Male,IT,96,70,78,8.08,0,3.1,0,Not At Risk
S12162,Female,Computer,78,99,91,9.65,0,5.4,0,Not At Risk
S12165,Female,IT,98,80,67,8.6,1,5.4,0,Not At Risk
S12166,Male,IT,72,58,57,9.58,0,5.6,0,Not At Risk
S12171,Female,AI,98,59,93,8.62,0,4.8,0,Not At Risk
S12177,Female,AI,78,64,77,8.89,1,4.0,0,Not At Risk
S12180,Male,Computer,89,96,84,8.66,0,3.1,0,Not At Risk
S12181,Male,AI,85,86,94,9.98,1,4.0,0,Not At Risk
S12182,Male,Computer,90,64,90,7.12,0,6.9,0,Not At Risk
S12184,Male,Computer,79,82,71,7.85,1,3.3,0,Not At Risk
S12200,Male,IT,63,44,59,6.16,2,1.6,1,At Risk
S12212,Male,Computer,66,40,66,6.24,2,3.3,1,At Risk
S12215,Female,AI,85,100,76,6.62,0,5.2,0,Not At Risk
S12216,Female,AI,65,99,81,8.05,1,4.1,0,Not At Risk
S12221,Male,AI,75,91,71,8.8,0,7.9,0,Not At Risk
S12226,Male,AI,95,87,82,9.8,0,5.7,0,Not At Risk
S12230,Female,AI,62,58,66,6.14,1,2.4,1,At Risk
S12232,Male,Computer,95,87,55,9.5,0,3.9,0,Not At Risk
S12237,Female,Computer,67,95,98,8.64,0,6.7,0,Not At Risk
S12238,Female,AI,67,60,90,8.07,0,3.3,0,Not At Risk
S12244,Male,Computer,79,60,79,7.18,0,6.2,0,Not At Risk
S12248,Male,AI,97,63,82,8.78,0,3.9,0,Not At Risk
S12252,Male,Computer,69,76,86,8.17,0,7.2,0,Not At Risk
S12253,Male,Computer,82,62,81,8.48,0,3.2,0,Not At Risk
S12258,Male,Computer,67,52,41,6.51,2,2.5,1,At Risk
S12259,Male,AI,66,100,87,6.51,1,4.3,0,Not At Risk
S12264,Female,Computer,79,70,91,6.97,1,3.7,0,Not At Risk
S12265,Male,AI,77,85,89,9.05,0,3.9,0,Not At Risk
S12275,Male,Computer,68,61,59,8.43,0,3.8,0,Not At Risk
S12276,Female,IT,80,87,63,7.66,0,5.4,0,Not At Risk
S12279,Female,AI,77,81,85,6.57,0,7.8,0,Not At Risk
S12283,Female,Computer,48,49,46,5.47,1,2.8,1,At Risk
S12285,Female,AI,92,56,58,9.78,0,7.3,0,Not At Risk
S12296,Female,AI,67,49,48,6.58,1,2.4,1,At Risk
S12297,Female,AI,54,59,43,4.86,3,2.0,1,At Risk
S12304,Male,IT,88,87,99,7.05,0,8.0,0,Not At Risk
S12315,Female,IT,99,98,88,7.0,1,8.0,0,Not At Risk
S12316,Male,AI,79,71,67,9.84,0,3.9,0,Not At Risk
S12321,Female,AI,93,96,84,7.8,1,4.4,0,Not At Risk
S12332,Female,AI,89,87,69,6.75,1,4.4,0,Not At Risk
S12341,Male,Computer,67,70,98,9.09,0,3.0,0,Not At Risk
S12346,Male,IT,80,80,67,8.98,0,7.9,0,Not At Risk
S12351,Male,Computer,68,61,65,5.48,3,1.7,1,At Risk
S12353,Female,AI,89,88,74,7.57,0,3.4,0,Not At Risk
S12395,Male,IT,69,39,49,6.75,1,1.6,1,At Risk
S12398,Male,IT,73,69,72,8.28,0,6.5,0,Not At Risk
S12401,Female,IT,85,72,94,9.26,1,5.4,0,Not At Risk
S12402,Female,Computer,66,80,72,8.16,0,7.2,0,Not At Risk
S12406,Male,IT,100,94,80,7.56,0,3.8,0,Not At Risk
S12411,Female,IT,68,85,90,7.42,0,3.7,0,Not At Risk
S12419,Male,IT,71,64,97,9.07,0,7.3,0,Not At Risk
S12421,Male,Computer,86,65,98,7.85,0,3.7,0,Not At Risk
S12423,Male,AI,96,83,55,8.93,1,6.1,0,Not At Risk
S12427,Male,AI,78,64,65,7.32,0,7.4,0,Not At Risk
S12441,Male,IT,68,57,45,5.92,3,1.6,1,At Risk
S12443,Female,Computer,94,72,70,7.28,0,7.0,0,Not At Risk
S12444,Female,AI,77,62,92,7.2,0,6.7,0,Not At Risk
S12453,Male,IT,58,45,56,5.87,3,2.6,1,At Risk
S12458,Male,AI,73,88,58,9.57,0,5.8,0,Not At Risk
S12462,Male,IT,83,88,100,7.22,0,4.1,0,Not At Risk
S12465,Male,AI,86,82,78,8.7,0,5.6,0,Not At Risk
S12468,Male,IT,62,38,41,4.8,3,3.6,1,At Risk
S12473,Female,Computer,83,67,90,7.41,1,3.6,0,Not At Risk
S12476,Male,AI,47,40,63,5.1,1,2.7,1,At Risk
S12482,Male,Computer,69,96,57,7.88,0,6.0,0,Not At Risk
S12483,Female,AI,70,45,70,5.23,3,1.4,1,At Risk
S12487,Female,Computer,95,74,65,7.22,0,4.9,0,Not At Risk
S12489,Male,AI,87,66,59,7.59,0,6.7,0,Not At Risk
S12509,Female,Computer,80,98,70,7.9,0,4.2,0,Not At Risk
S12510,Male,Computer,75,93,80,9.68,0,4.5,0,Not At Risk
S12511,Male,Computer,79,79,65,6.88,1,6.8,0,Not At Risk
S12514,Female,IT,87,86,68,9.02,1,5.8,0,Not At Risk
S12520,Male,AI,71,61,72,8.07,1,5.1,0,Not At Risk
S12521,Female,AI,86,71,97,8.74,1,5.3,0,Not At Risk
S12524,Male,AI,78,63,89,8.66,0,4.6,0,Not At Risk
S12528,Female,IT,69,44,54,4.93,1,1.3,1,At Risk
S12529,Female,IT,50,60,43,4.98,2,2.3,1,At Risk
S12533,Female,AI,97,69,75,9.91,0,5.3,0,Not At Risk
S12535,Male,IT,97,82,79,8.48,0,3.5,0,Not At Risk
S12536,Female,AI,63,50,45,5.51,1,2.9,1,At Risk
S12543,Female,AI,80,69,64,7.9,0,3.1,0,Not At Risk
S12546,Female,IT,49,52,57,6.13,3,3.2,1,At Risk
S12547,Male,AI,91,64,95,8.26,0,6.9,0,Not At Risk
S12551,Male,IT,72,84,80,7.23,0,5.2,0,Not At Risk
S12552,Female,Computer,69,78,59,7.68,0,5.4,0,Not At Risk
S12553,Female,Computer,55,63,68,5.52,3,1.6,1,At Risk
S12557,Female,Computer,87,77,71,8.19,1,4.7,0,Not At Risk
S12558,Female,AI,69,92,86,8.34,0,3.5,0,Not At Risk
S12561,Female,AI,80,100,69,7.88,1,3.4,0,Not At Risk
S12573,Female,Computer,46,42,50,6.71,3,2.7,1,At Risk
S12575,Female,Computer,45,56,70,4.97,3,2.0,1,At Risk
S12576,Female,Computer,92,83,79,7.91,1,7.9,0,Not At Risk
S12577,Female,Computer,100,76,94,8.37,0,5.3,0,Not At Risk
S12578,Male,Computer,93,81,98,8.95,0,7.4,0,Not At Risk
S12579,Female,AI,90,66,62,8.99,0,4.9,0,Not At Risk
S12580,Male,Computer,86,55,96,9.48,0,4.7,0,Not At Risk
S12581,Female,Computer,92,84,85,7.5,1,4.6,0,Not At Risk
S12583,Female,AI,75,69,67,7.99,1,7.7,0,Not At Risk
S12586,Female,IT,46,45,61,6.49,1,2.1,1,At Risk
S12617,Male,Computer,68,64,58,6.61,2,3.6,1,At Risk
S12619,Male,Computer,90,62,90,9.49,0,5.6,0,Not At Risk
S12628,Male,Computer,70,95,82,6.93,1,3.5,0,Not At Risk
S12632,Male,IT,67,51,42,5.24,2,2.9,1,At Risk
S12636,Female,AI,77,67,88,9.19,0,3.6,0,Not At Risk
S12637,Female,AI,91,68,86,9.75,0,5.3,0,Not At Risk
S12640,Male,Computer,89,80,76,9.86,1,3.5,0,Not At Risk
S12642,Male,Computer,61,39,39,6.38,1,1.7,1,At Risk
S12643,Male,AI,95,98,86,7.74,1,6.0,0,Not At Risk
S12658,Male,IT,80,56,55,6.56,0,6.3,0,Not At Risk
S12664,Female,AI,80,56,85,7.47,0,5.4,0,Not At Risk
S12678,Male,AI,66,70,88,8.53,1,4.1,0,Not At Risk
S12682,Female,Computer,56,55,57,6.45,3,2.9,1,At Risk
S12685,Male,IT,62,64,47,5.02,3,2.3,1,At Risk
S12686,Male,AI,68,100,67,9.26,1,6.5,0,Not At Risk
S12690,Female,Computer,66,36,69,5.6,2,3.1,1,At Risk
S12693,Female,AI,68,85,87,9.27,0,3.5,0,Not At Risk
S12694,Male,AI,85,84,85,7.46,0,3.1,0,Not At Risk
S12701,Male,Computer,79,92,99,6.56,0,5.0,0,Not At Risk
S12705,Male,IT,83,83,93,6.64,0,7.3,0,Not At Risk
S12707,Male,Computer,70,39,40,4.81,1,1.8,1,At Risk
S12708,Male,IT,99,86,75,8.69,1,4.3,0,Not At Risk
S12713,Female,AI,97,88,63,9.37,1,7.7,0,Not At Risk
S12716,Male,Computer,75,86,80,9.75,1,6.3,0,Not At Risk
S12719,Male,IT,94,59,70,8.73,0,6.1,0,Not At Risk
S12721,Female,Computer,99,93,79,8.94,1,7.9,0,Not At Risk
S12726,Male,AI,80,71,98,9.26,0,7.8,0,Not At Risk
S12733,Male,AI,50,58,50,6.42,1,3.9,1,At Risk
S12735,Female,AI,97,78,80,6.93,0,5.8,0,Not At Risk
S12742,Male,IT,93,97,72,9.57,0,6.5,0,Not At Risk
S12747,Male,IT,69,73,78,8.6,0,6.1,0,Not At Risk
S12748,Female,AI,97,65,71,7.02,0,6.7,0,Not At Risk
S12756,Male,IT,95,87,93,9.8,0,3.9,0,Not At Risk
S12761,Male,AI,95,66,69,8.83,0,5.5,0,Not At Risk
S12772,Female,AI,98,61,66,6.99,0,5.3,0,Not At Risk
S12773,Female,IT,93,79,67,9.53,0,6.9,0,Not At Risk
S12774,Male,AI,96,74,94,7.34,0,5.3,0,Not At Risk
S12786,Female,AI,98,85,55,8.48,0,6.6,0,Not At Risk
S12791,Male,Computer,67,99,95,8.15,1,3.5,0,Not At Risk
S12792,Female,AI,98,63,66,7.23,1,3.2,0,Not At Risk
S12809,Male,Computer,72,66,63,8.93,1,3.5,0,Not At Risk
S12822,Female,Computer,92,56,76,6.52,0,3.4,0,Not At Risk
S12836,Male,Computer,87,55,57,8.14,1,6.5,0,Not At Risk
S12837,Female,Computer,45,43,46,5.56,3,2.0,1,At Risk
S12841,Male,Computer,66,72,80,7.94,0,7.5,0,Not At Risk
S12842,Male,AI,95,92,56,7.01,0,4.3,0,Not At Risk
S12844,Male,Computer,90,65,89,7.27,0,6.1,0,Not At Risk
S12846,Male,AI,69,92,84,8.65,0,3.1,0,Not At Risk
S12850,Female,Computer,79,77,84,7.14,0,5.2,0,Not At Risk
S12867,Male,IT,72,93,81,7.94,0,6.6,0,Not At Risk
S12883,Female,AI,78,91,63,8.88,0,8.0,0,Not At Risk
S12885,Male,IT,75,83,91,6.73,1,3.2,0,Not At Risk
S12889,Male,IT,55,62,46,5.94,3,2.3,1,At Risk
S12897,Male,IT,92,74,80,8.44,0,5.8,0,Not At Risk
S12909,Male,IT,99,89,66,9.52,1,3.7,0,Not At Risk
S12915,Male,IT,73,96,83,8.27,1,3.8,0,Not At Risk
S12919,Female,Computer,73,57,96,7.68,0,5.7,0,Not At Risk
S12922,Female,AI,68,70,81,7.21,1,3.1,0,Not At Risk
S12923,Male,AI,70,82,64,7.0,0,5.9,0,Not At Risk
S12925,Male,Computer,67,87,76,9.91,0,4.9,0,Not At Risk
S12929,Female,IT,80,74,63,6.78,0,7.3,0,Not At Risk
S12930,Female,IT,98,97,83,6.86,0,6.3,0,Not At Risk
S12933,Male,AI,54,41,60,6.52,3,2.4,1,At Risk
S12935,Female,Computer,49,40,40,5.26,1,2.0,1,At Risk
S12948,Female,IT,92,97,58,9.79,1,4.3,0,Not At Risk
S12956,Male,AI,70,81,95,7.85,0,3.3,0,Not At Risk
S12967,Male,Computer,73,72,82,7.53,1,4.1,0,Not At Risk
S12975,Male,IT,72,85,91,6.96,1,3.0,0,Not At Risk
S12987,Male,AI,96,86,87,6.78,0,5.0,0,Not At Risk
S12990,Male,IT,99,87,82,7.26,0,3.5,0,Not At Risk
S12993,Male,AI,57,65,53,5.76,1,2.7,1,At Risk
S13002,Female,IT,73,86,100,6.61,1,6.9,0,Not At Risk
S13009,Male,AI,67,71,88,6.61,1,7.2,0,Not At Risk
S13014,Male,AI,65,100,69,7.1,0,7.4,0,Not At Risk
S13018,Male,IT,59,60,54,5.15,2,2.0,1,At Risk
S13025,Female,IT,97,88,59,7.24,0,3.9,0,Not At Risk
S13031,Male,IT,75,100,96,6.92,0,4.2,0,Not At Risk
S13037,Female,IT,71,58,84,6.87,1,3.8,0,Not At Risk
S13040,Male,IT,98,86,88,9.33,1,6.3,0,Not At Risk
S13049,Male,IT,74,71,92,6.77,0,4.9,0,Not At Risk
S13051,Female,IT,75,96,96,8.7,0,6.0,0,Not At Risk
S13056,Male,IT,92,61,66,8.75,0,3.8,0,Not At Risk
S13077,Female,AI,77,61,77,7.61,0,3.1,0,Not At Risk
S13082,Female,Computer,76,98,73,7.5,0,6.1,0,Not At Risk
S13083,Male,IT,85,71,81,7.07,1,6.4,0,Not At Risk
S13088,Female,AI,77,64,59,6.84,0,4.2,0,Not At Risk
S13093,Male,IT,98,94,60,9.07,0,6.2,0,Not At Risk
S13107,Male,Computer,67,80,80,8.65,0,7.8,0,Not At Risk
S13113,Female,IT,67,60,78,8.94,0,7.7,0,Not At Risk
S13114,Male,AI,78,62,95,8.65,0,5.6,0,Not At Risk
S13126,Female,IT,92,94,64,7.14,1,4.5,0,Not At Risk
S13128,Male,Computer,63,35,39,5.96,3,3.0,1,At Risk
S13141,Male,IT,95,72,82,7.61,0,6.9,0,Not At Risk
S13143,Male,Computer,88,85,82,6.77,0,7.3,0,Not At Risk
S13152,Male,Computer,92,81,93,9.45,0,7.0,0,Not At Risk
S13154,Male,IT,70,66,83,7.34,1,4.3,0,Not At Risk
S13156,Male,IT,77,89,85,7.91,0,7.1,0,Not At Risk
S13164,Female,IT,72,57,79,9.71,0,7.0,0,Not At Risk
S13167,Female,AI,91,58,70,8.5,1,7.9,0,Not At Risk
S13172,Male,AI,85,84,90,7.82,0,5.7,0,Not At Risk
S13174,Female,AI,46,45,64,6.01,2,2.6,1,At Risk
S13179,Female,Computer,67,73,72,6.7,0,7.3,0,Not At Risk
S13187,Male,Computer,88,91,74,6.89,0,3.2,0,Not At Risk
S13188,Female,IT,87,100,75,8.58,0,3.5,0,Not At Risk
S13194,Female,Computer,96,76,81,8.75,0,6.1,0,Not At Risk
S13198,Female,AI,82,92,62,7.3,0,7.6,0,Not At Risk
S13199,Female,Computer,83,77,67,9.02,1,4.3,0,Not At Risk
S13203,Female,Computer,73,77,59,7.33,0,5.3,0,Not At Risk
S13218,Male,Computer,94,96,64,7.17,0,7.5,0,Not At Risk
S13220,Female,AI,75,83,65,7.14,0,5.1,0,Not At Risk
S13224,Male,AI,79,72,62,7.3,0,7.3,0,Not At Risk
S13229,Female,Computer,100,71,68,9.98,0,3.5,0,Not At Risk
S13231,Female,Computer,90,71,72,7.14,0,3.6,0,Not At Risk
S13237,Female,IT,99,60,98,7.37,0,6.2,0,Not At Risk
S13239,Female,Computer,95,99,76,8.84,0,7.4,0,Not At Risk
S13249,Female,IT,59,46,39,5.32,2,1.4,1,At Risk
S13253,Female,IT,83,70,55,8.77,0,6.9,0,Not At Risk
S13272,Male,IT,53,58,41,5.16,3,1.7,1,At Risk
S13277,Male,AI,66,62,44,5.84,3,1.9,1,At Risk
S13279,Female,Computer,94,70,58,7.0,0,4.7,0,Not At Risk
S13287,Male,IT,79,83,74,9.63,0,4.2,0,Not At Risk
S13303,Male,IT,89,90,86,8.29,0,6.3,0,Not At Risk
S13307,Female,AI,100,87,97,6.84,0,3.6,0,Not At Risk
S13311,Female,AI,63,56,54,5.32,2,3.4,1,At Risk
S13317,Male,IT,91,79,76,8.47,0,3.9,0,Not At Risk
S13324,Female,IT,68,67,93,6.5,0,5.0,0,Not At Risk
S13327,Female,AI,55,54,55,6.77,2,2.9,1,At Risk
S13332,Female,AI,99,84,81,7.53,1,3.5,0,Not At Risk
S13341,Male,AI,72,86,74,7.07,0,7.7,0,Not At Risk
S13348,Female,IT,82,80,69,8.23,0,3.7,0,Not At Risk
S13353,Male,IT,70,58,65,5.79,1,2.6,1,At Risk
S13360,Male,Computer,95,79,96,8.82,0,4.0,0,Not At Risk
S13363,Male,AI,68,64,45,4.9,3,1.2,1,At Risk
S13365,Female,Computer,85,68,92,8.92,0,3.4,0,Not At Risk
S13369,Female,AI,80,55,78,8.88,0,6.3,0,Not At Risk
S13377,Male,IT,70,71,93,8.63,0,3.8,0,Not At Risk
S13378,Male,IT,100,92,57,9.47,0,6.3,0,Not At Risk
S13384,Male,AI,91,74,59,8.04,0,4.4,0,Not At Risk
S13385,Female,IT,82,84,75,6.82,0,3.7,0,Not At Risk
S13386,Male,Computer,76,97,91,8.5,0,7.0,0,Not At Risk
S13399,Female,IT,93,96,61,8.64,0,3.2,0,Not At Risk
S13406,Male,Computer,92,78,83,7.13,1,6.7,0,Not At Risk
S13435,Male,Computer,51,63,47,5.29,3,3.9,1,At Risk
S13447,Female,Computer,99,90,90,7.18,0,7.9,0,Not At Risk
S13452,Female,Computer,98,68,73,9.24,0,4.4,0,Not At Risk
S13456,Female,IT,85,70,72,7.54,0,4.9,0,Not At Risk
S13459,Male,IT,96,85,78,7.24,0,5.9,0,Not At Risk
S13466,Male,Computer,75,68,89,9.63,0,6.7,0,Not At Risk
S13477,Female,AI,78,85,76,9.45,1,4.6,0,Not At Risk
S13480,Female,IT,89,77,95,9.34,0,4.4,0,Not At Risk
S13486,Female,AI,95,83,96,7.99,1,7.1,0,Not At Risk
S13491,Female,IT,91,60,56,8.43,0,5.6,0,Not At Risk
S13494,Male,Computer,83,70,59,9.26,0,6.7,0,Not At Risk
S13496,Female,Computer,95,82,91,7.0,0,7.9,0,Not At Risk
S13502,Female,Computer,67,51,70,5.12,1,1.8,1,At Risk
S13503,Female,IT,97,58,62,7.29,0,6.7,0,Not At Risk
S13504,Female,IT,97,100,72,6.9,1,6.1,0,Not At Risk
S13509,Female,AI,93,100,87,9.16,0,4.3,0,Not At Risk
S13511,Male,Computer,67,100,72,9.47,0,4.7,0,Not At Risk
S13514,Female,IT,87,61,85,8.43,0,7.9,0,Not At Risk
S13517,Male,AI,56,53,57,6.17,2,3.9,1,At Risk
S13518,Female,Computer,48,38,62,5.09,3,3.9,1,At Risk
S13522,Female,Computer,93,74,98,9.77,0,7.1,0,Not At Risk
S13527,Female,IT,89,55,60,6.86,0,6.8,0,Not At Risk
S13528,Female,IT,73,56,65,6.54,0,6.7,0,Not At Risk
S13542,Female,AI,74,74,57,9.53,0,3.4,0,Not At Risk
S13543,Male,Computer,47,46,42,6.34,3,1.8,1,At Risk
S13555,Male,AI,55,57,51,5.27,2,2.9,1,At Risk
S13558,Female,Computer,46,43,46,5.13,1,1.4,1,At Risk
S13559,Female,Computer,81,71,68,7.66,0,7.4,0,Not At Risk
S13564,Female,Computer,74,81,67,6.62,0,5.2,0,Not At Risk
S13565,Female,AI,65,75,95,8.47,1,6.0,0,Not At Risk
S13580,Female,AI,69,86,71,9.99,1,6.8,0,Not At Risk
S13581,Male,IT,85,66,75,9.46,0,6.3,0,Not At Risk
S13583,Male,AI,67,62,84,7.83,1,7.9,0,Not At Risk
S13594,Male,IT,67,41,50,5.85,3,1.8,1,At Risk
S13597,Female,IT,94,72,86,6.93,0,7.1,0,Not At Risk
S13598,Male,Computer,75,72,71,9.65,0,3.4,0,Not At Risk
S13600,Female,AI,94,99,76,8.19,0,6.4,0,Not At Risk
S13601,Female,Computer,73,86,58,9.2,0,3.6,0,Not At Risk
S13623,Male,IT,80,81,62,9.36,0,4.9,0,Not At Risk
S13627,Male,IT,67,96,97,9.16,0,6.1,0,Not At Risk
S13631,Male,AI,84,88,66,9.63,0,7.5,0,Not At Risk
S13637,Male,Computer,63,65,64,6.38,2,3.7,1,At Risk
S13642,Male,AI,89,69,82,9.68,1,6.2,0,Not At Risk
S13650,Male,Computer,66,66,60,7.25,0,3.7,0,Not At Risk
S13656,Female,Computer,45,51,68,5.84,2,2.5,1,At Risk
S13687,Male,IT,90,95,60,6.88,0,6.1,0,Not At Risk
S13689,Male,IT,85,69,71,9.21,0,6.2,0,Not At Risk
S13699,Female,IT,97,71,94,7.82,0,3.2,0,Not At Risk
S13703,Female,IT,55,44,62,6.2,3,2.7,1,At Risk
S13704,Male,IT,66,58,38,5.51,1,1.4,1,At Risk
S13712,Male,IT,85,61,76,7.31,0,4.1,0,Not At Risk
S13714,Female,IT,62,63,52,5.16,3,3.4,1,At Risk
S13720,Female,AI,88,68,83,7.17,0,4.0,0,Not At Risk
S13725,Male,Computer,96,59,56,8.17,0,5.3,0,Not At Risk
S13729,Female,IT,87,58,87,9.91,0,5.3,0,Not At Risk
S13740,Female,Computer,49,40,43,5.45,1,1.9,1,At Risk
S13741,Male,Computer,85,81,97,9.07,0,5.0,0,Not At Risk
S13744,Male,AI,84,90,68,8.14,0,7.7,0,Not At Risk
S13747,Female,IT,47,42,44,6.38,3,3.8,1,At Risk
S13753,Male,AI,71,78,91,6.61,1,4.9,0,Not At Risk
S13754,Male,AI,89,70,82,9.94,1,3.7,0,Not At Risk
S13757,Male,AI,47,54,42,5.19,1,2.4,1,At Risk
S13758,Male,AI,81,87,69,9.57,0,3.9,0,Not At Risk
S13768,Male,AI,95,95,60,9.96,0,5.6,0,Not At Risk
S13772,Male,AI,95,86,83,7.62,1,5.9,0,Not At Risk
S13777,Female,AI,50,50,65,5.82,3,1.2,1,At Risk
S13779,Male,Computer,65,66,67,6.95,1,3.5,0,Not At Risk
S13782,Female,AI,88,71,78,7.74,0,6.1,0,Not At Risk
S13783,Female,IT,70,84,82,7.61,0,6.2,0,Not At Risk
S13784,Female,AI,93,92,95,7.27,1,5.6,0,Not At Risk
S13794,Female,Computer,77,60,85,9.36,0,3.0,0,Not At Risk
S13798,Female,IT,65,51,57,5.17,2,3.2,1,At Risk
S13805,Female,IT,82,99,89,8.71,0,6.7,0,Not At Risk
S13808,Female,AI,65,91,97,9.54,0,3.1,0,Not At Risk
S13813,Male,AI,81,79,70,8.15,1,4.9,0,Not At Risk
S13820,Female,AI,68,72,68,9.45,0,3.9,0,Not At Risk
S13823,Male,AI,73,77,88,8.8,0,4.6,0,Not At Risk
S13824,Female,AI,53,41,49,6.0,1,4.0,1,At Risk
S13828,Male,Computer,71,89,63,6.54,0,6.8,0,Not At Risk
S13830,Female,IT,85,85,76,8.49,0,5.9,0,Not At Risk
S13837,Male,IT,63,43,60,5.97,2,3.7,1,At Risk
S13840,Male,IT,94,86,84,9.87,0,3.5,0,Not At Risk
S13844,Male,Computer,87,95,63,9.5,0,5.3,0,Not At Risk
S13848,Male,AI,96,85,75,7.84,1,8.0,0,Not At Risk
S13852,Female,IT,71,91,92,9.25,1,6.6,0,Not At Risk
S13853,Female,IT,76,76,91,8.06,1,7.2,0,Not At Risk
S13858,Male,IT,69,98,63,7.91,1,7.0,0,Not At Risk
S13868,Male,Computer,70,65,76,6.8,0,6.3,0,Not At Risk
S13870,Male,AI,80,60,67,8.28,1,7.4,0,Not At Risk
S13871,Male,IT,72,75,99,6.68,0,7.0,0,Not At Risk
S13886,Female,IT,99,65,90,8.45,0,4.8,0,Not At Risk
S13895,Male,Computer,97,93,98,9.11,0,6.9,0,Not At Risk
S13896,Male,AI,98,80,80,8.82,0,4.3,0,Not At Risk
S13897,Male,IT,61,38,55,6.73,3,2.6,1,At Risk
S13901,Female,AI,96,63,83,7.92,0,6.0,0,Not At Risk
S13903,Female,AI,82,77,98,7.78,0,3.8,0,Not At Risk
S13904,Male,Computer,89,70,81,9.74,0,3.5,0,Not At Risk
S13905,Female,IT,75,57,57,9.28,0,4.1,0,Not At Risk
S13919,Male,IT,87,95,93,6.59,0,5.4,0,Not At Risk
S13920,Male,IT,85,59,87,9.12,1,3.6,0,Not At Risk
S13921,Female,AI,95,92,63,8.57,1,3.4,0,Not At Risk
S13922,Male,Computer,68,91,62,9.77,1,4.6,0,Not At Risk
S13928,Male,Computer,72,63,60,9.42,0,4.5,0,Not At Risk
S13930,Female,AI,56,58,61,4.97,1,4.0,1,At Risk
S13932,Female,IT,86,81,61,9.9,1,7.9,0,Not At Risk
S13944,Male,AI,82,74,55,9.46,0,4.2,0,Not At Risk
S13958,Female,IT,97,83,83,6.79,0,4.4,0,Not At Risk
S13964,Female,AI,64,57,38,5.41,1,1.9,1,At Risk
S13965,Male,IT,76,65,89,6.54,1,4.3,0,Not At Risk
S13968,Male,IT,65,51,38,5.34,3,3.0,1,At Risk
S13974,Male,Computer,71,72,70,8.85,0,7.4,0,Not At Risk
S13976,Female,Computer,74,75,58,9.77,0,4.6,0,Not At Risk
S13977,Female,Computer,96,59,88,6.62,0,7.2,0,Not At Risk
S13980,Male,AI,85,75,88,6.79,1,4.4,0,Not At Risk
S13983,Male,IT,77,58,59,7.57,0,5.8,0,Not At Risk
S13985,Male,IT,82,77,91,9.43,0,4.0,0,Not At Risk
S13991,Male,Computer,73,88,67,9.26,0,4.5,0,Not At Risk
S13992,Female,AI,83,64,78,9.23,0,3.6,0,Not At Risk
S13996,Male,Computer,77,58,81,8.4,0,5.4,0,Not At Risk
S13997,Male,Computer,86,89,89,9.38,1,6.3,0,Not At Risk
S14001,Female,IT,82,68,57,7.5,0,4.8,0,Not At Risk
S14013,Female,Computer,84,63,97,6.52,0,3.9,0,Not At Risk
S14014,Male,IT,73,65,100,8.52,0,7.6,0,Not At Risk
S14018,Male,Computer,69,89,76,8.19,0,7.3,0,Not At Risk
S14020,Male,Computer,72,78,92,8.52,0,6.5,0,Not At Risk
S14024,Male,Computer,69,73,63,9.01,1,7.2,0,Not At Risk
S14025,Male,AI,87,81,62,8.52,1,7.4,0,Not At Risk
S14026,Female,IT,81,92,76,8.4,0,6.4,0,Not At Risk
S14042,Male,IT,79,56,56,7.43,0,5.8,0,Not At Risk
S14043,Female,IT,98,56,80,7.63,1,5.2,0,Not At Risk
S14050,Male,AI,46,50,59,4.99,2,3.7,1,At Risk
S14059,Male,Computer,93,61,91,6.59,0,5.9,0,Not At Risk
S14061,Female,AI,75,94,98,8.33,0,5.5,0,Not At Risk
S14066,Male,IT,46,65,65,5.31,1,1.6,1,At Risk
S14068,Male,Computer,87,63,94,7.84,0,3.1,0,Not At Risk
S14071,Female,AI,50,46,64,4.94,3,2.2,1,At Risk
S14087,Female,AI,66,74,71,9.67,1,7.8,0,Not At Risk
S14098,Female,IT,79,95,61,9.17,0,6.1,0,Not At Risk
S14105,Female,Computer,57,54,70,5.68,2,2.2,1,At Risk
S14125,Female,IT,72,85,82,8.1,1,7.6,0,Not At Risk
S14130,Female,IT,69,56,69,6.78,1,1.1,1,At Risk
S14138,Male,Computer,79,77,60,7.0,1,5.1,0,Not At Risk
S14143,Male,Computer,89,73,60,8.38,0,5.6,0,Not At Risk
S14149,Female,Computer,96,85,73,9.19,0,4.4,0,Not At Risk
S14150,Male,AI,100,72,96,9.95,0,4.1,0,Not At Risk
S14155,Male,IT,67,61,60,4.96,3,3.0,1,At Risk
S14161,Female,Computer,63,45,63,6.23,2,1.2,1,At Risk
S14171,Female,AI,69,73,91,7.52,1,6.8,0,Not At Risk
S14173,Male,AI,78,87,67,9.85,0,4.4,0,Not At Risk
S14181,Female,Computer,99,86,83,8.53,0,3.3,0,Not At Risk
S14189,Female,Computer,73,65,59,7.17,0,7.0,0,Not At Risk
S14199,Male,Computer,65,65,96,9.91,0,5.6,0,Not At Risk
S14209,Female,IT,93,86,80,9.86,0,5.4,0,Not At Risk
S14212,Female,Computer,58,51,60,6.39,3,2.0,1,At Risk
S14214,Male,IT,80,88,84,7.05,1,4.8,0,Not At Risk
S14215,Male,AI,48,63,44,6.45,2,3.4,1,At Risk
S14218,Male,IT,93,89,88,8.23,0,5.0,0,Not At Risk
S14221,Female,Computer,66,65,56,8.44,0,4.0,0,Not At Risk
S14234,Male,Computer,79,55,93,7.54,0,6.3,0,Not At Risk
S14239,Male,Computer,80,85,82,7.24,0,3.0,0,Not At Risk
S14240,Male,Computer,96,95,90,7.08,1,4.4,0,Not At Risk
S14248,Female,Computer,70,82,89,9.3,0,4.8,0,Not At Risk
S14253,Male,IT,71,70,55,8.48,1,4.5,0,Not At Risk
S14255,Male,IT,81,87,80,7.98,1,5.8,0,Not At Risk
S14271,Female,IT,67,92,59,7.38,1,4.9,0,Not At Risk
S14281,Male,Computer,98,72,61,8.48,0,4.5,0,Not At Risk
S14283,Male,IT,52,50,66,5.78,2,2.6,1,At Risk
S14284,Male,AI,89,82,80,7.6,0,4.4,0,Not At Risk
S14285,Female,AI,73,97,60,7.69,0,4.2,0,Not At Risk
S14287,Female,AI,51,58,47,6.52,3,1.5,1,At Risk
S14298,Male,IT,92,78,96,6.72,1,5.0,0,Not At Risk
S14300,Female,Computer,81,88,100,8.98,0,6.5,0,Not At Risk
S14309,Female,IT,67,68,99,8.66,0,3.6,0,Not At Risk
S14311,Male,AI,80,96,63,7.94,1,7.4,0,Not At Risk
S14313,Female,IT,86,100,100,9.22,0,6.3,0,Not At Risk
S14325,Female,AI,76,86,86,9.8,1,5.3,0,Not At Risk
S14326,Female,IT,89,95,55,6.74,1,7.1,0,Not At Risk
S14334,Male,IT,72,84,77,9.69,0,4.2,0,Not At Risk
S14336,Male,Computer,70,96,83,8.25,0,3.9,0,Not At Risk
S14343,Female,AI,98,93,73,7.56,0,4.1,0,Not At Risk
S14345,Female,IT,88,69,90,8.08,1,4.3,0,Not At Risk
S14348,Male,IT,67,90,55,7.96,1,4.4,0,Not At Risk
S14349,Male,IT,78,57,95,8.18,0,7.1,0,Not At Risk
S14354,Male,IT,78,66,90,6.54,0,4.7,0,Not At Risk
S14356,Male,AI,84,100,70,9.31,1,5.8,0,Not At Risk
S14364,Male,Computer,81,84,78,8.33,0,5.1,0,Not At Risk
S14367,Female,IT,80,90,77,8.6,0,4.4,0,Not At Risk
S14390,Female,AI,87,100,64,7.94,0,4.1,0,Not At Risk
S14391,Male,IT,96,99,74,8.4,0,7.2,0,Not At Risk
S14412,Female,AI,68,73,69,7.85,0,4.1,0,Not At Risk
S14414,Male,Computer,85,92,92,6.78,1,3.8,0,Not At Risk
S14415,Female,IT,89,63,93,7.01,0,3.6,0,Not At Risk
S14418,Male,IT,80,93,72,9.21,0,6.2,0,Not At Risk
S14419,Male,Computer,100,94,59,8.81,1,4.6,0,Not At Risk
S14440,Male,Computer,51,44,45,6.46,2,1.2,1,At Risk
S14443,Male,Computer,92,61,95,6.72,0,3.1,0,Not At Risk
S14445,Male,AI,62,57,47,6.44,1,3.6,1,At Risk
S14452,Male,IT,68,86,80,9.47,0,3.5,0,Not At Risk
S14454,Female,AI,63,50,61,4.82,1,1.5,1,At Risk
S14457,Male,AI,73,55,60,9.75,0,6.8,0,Not At Risk
S14476,Male,IT,49,54,43,5.09,2,3.3,1,At Risk
S14478,Male,Computer,73,82,85,6.93,0,6.4,0,Not At Risk
S14482,Male,Computer,96,62,66,8.61,0,6.6,0,Not At Risk
S14486,Female,AI,90,94,75,9.19,0,5.9,0,Not At Risk
S14489,Male,IT,66,46,38,5.92,2,3.5,1,At Risk
S14490,Female,IT,66,65,65,6.44,3,1.2,1,At Risk
S14493,Male,Computer,74,89,76,9.32,1,4.4,0,Not At Risk
S14495,Female,AI,62,63,51,6.05,2,1.6,1,At Risk
S14509,Female,Computer,56,51,69,6.0,1,2.7,1,At Risk
S14513,Female,AI,81,66,56,8.87,1,6.1,0,Not At Risk
S14514,Male,AI,63,36,41,5.94,2,3.8,1,At Risk
S14517,Female,Computer,75,63,89,8.48,0,4.4,0,Not At Risk
S14518,Female,IT,78,65,91,8.38,1,3.8,0,Not At Risk
S14519,Male,Computer,98,70,55,7.26,1,3.1,0,Not At Risk
S14520,Male,AI,90,99,99,9.5,0,7.2,0,Not At Risk
S14521,Male,Computer,73,65,96,7.07,1,7.2,0,Not At Risk
S14525,Male,Computer,93,94,92,7.4,1,7.7,0,Not At Risk
S14527,Male,Computer,99,62,88,7.09,0,6.4,0,Not At Risk
S14530,Male,IT,66,90,63,9.86,1,6.4,0,Not At Risk
S14531,Female,Computer,84,58,70,9.07,0,7.0,0,Not At Risk
S14534,Male,AI,68,98,88,8.22,0,3.8,0,Not At Risk
S14538,Male,AI,99,72,85,6.8,0,3.5,0,Not At Risk
S14550,Male,IT,64,53,60,5.75,1,1.8,1,At Risk
S14553,Male,Computer,67,97,99,7.99,0,8.0,0,Not At Risk
S14555,Male,IT,74,63,77,9.23,0,5.2,0,Not At Risk
S14557,Female,IT,97,72,87,7.22,0,3.0,0,Not At Risk
S14558,Male,Computer,70,87,80,8.28,0,4.6,0,Not At Risk
S14559,Female,AI,91,64,100,6.79,1,6.9,0,Not At Risk
S14560,Female,Computer,92,74,69,7.63,0,7.4,0,Not At Risk
S14561,Female,AI,66,96,59,8.73,1,4.1,0,Not At Risk
S14562,Male,AI,66,41,51,5.55,1,3.1,1,At Risk
S14564,Male,AI,88,94,62,6.68,1,3.0,0,Not At Risk
S14589,Male,IT,73,58,73,8.89,1,6.8,0,Not At Risk
S14594,Male,AI,59,65,64,6.49,3,1.0,1,At Risk
S14599,Male,Computer,69,62,64,6.8,2,1.2,1,At Risk
S14603,Male,IT,85,58,73,7.32,0,6.7,0,Not At Risk
S14608,Male,IT,46,63,60,6.0,2,1.3,1,At Risk
S14616,Female,AI,67,77,64,8.57,1,7.0,0,Not At Risk
S14619,Female,Computer,98,100,88,7.17,1,4.4,0,Not At Risk
S14625,Female,IT,83,99,76,8.81,1,6.4,0,Not At Risk
S14629,Female,AI,76,68,69,7.27,0,4.9,0,Not At Risk
S14632,Male,Computer,92,80,71,6.78,0,5.0,0,Not At Risk
S14637,Female,IT,95,79,55,8.41,0,7.8,0,Not At Risk
S14641,Female,AI,98,87,73,7.33,1,6.0,0,Not At Risk
S14642,Male,AI,91,89,86,8.18,0,4.6,0,Not At Risk
S14645,Female,IT,96,69,77,7.93,0,5.4,0,Not At Risk
S14650,Female,IT,89,99,83,7.57,0,6.8,0,Not At Risk
S14660,Male,Computer,85,71,67,7.72,0,5.4,0,Not At Risk
S14662,Female,IT,72,82,70,9.49,0,6.8,0,Not At Risk
S14667,Male,IT,72,57,78,9.55,0,5.6,0,Not At Risk
S14668,Female,AI,46,65,61,5.89,1,2.9,1,At Risk
S14687,Male,IT,73,89,56,9.12,0,5.7,0,Not At Risk
S14689,Male,AI,86,60,83,8.01,0,6.2,0,Not At Risk
S14692,Female,AI,99,70,78,7.47,0,7.7,0,Not At Risk
S14701,Female,IT,56,54,67,5.79,2,1.9,1,At Risk
S14705,Female,IT,91,92,82,8.39,0,3.3,0,Not At Risk
S14711,Male,IT,72,78,73,8.63,1,3.6,0,Not At Risk
S14712,Male,AI,91,94,83,8.15,1,5.8,0,Not At Risk
S14716,Male,IT,60,58,54,6.0,3,3.8,1,At Risk
S14718,Male,AI,69,86,81,8.76,0,7.0,0,Not At Risk
S14722,Female,IT,84,64,83,6.55,0,3.4,0,Not At Risk
S14727,Male,IT,95,87,98,7.68,1,6.7,0,Not At Risk
S14730,Male,IT,71,64,70,7.57,0,7.4,0,Not At Risk
S14732,Male,AI,65,85,75,6.52,0,3.0,0,Not At Risk
S14736,Male,Computer,68,60,66,9.63,0,3.9,0,Not At Risk
S14737,Female,Computer,97,89,75,8.37,0,5.2,0,Not At Risk
S14739,Male,AI,91,63,95,8.93,0,3.5,0,Not At Risk
S14743,Female,IT,57,63,46,5.37,1,1.5,1,At Risk
S14745,Female,AI,91,84,58,6.66,0,3.8,0,Not At Risk
S14746,Male,IT,98,69,61,9.35,0,5.9,0,Not At Risk
S14751,Female,Computer,67,64,99,6.62,0,5.2,0,Not At Risk
S14755,Male,IT,94,62,97,6.96,0,4.3,0,Not At Risk
S14757,Male,Computer,46,48,68,5.09,1,2.3,1,At Risk
S14761,Female,IT,71,95,76,9.34,0,4.8,0,Not At Risk
S14764,Female,AI,68,79,70,9.04,0,5.0,0,Not At Risk
S14771,Female,Computer,70,100,92,6.78,0,5.7,0,Not At Risk
S14773,Male,AI,71,90,89,8.57,0,7.1,0,Not At Risk
S14776,Male,IT,78,99,86,8.69,0,3.8,0,Not At Risk
S14780,Male,Computer,96,61,90,7.61,1,3.8,0,Not At Risk
S14797,Male,AI,86,90,86,6.72,1,3.1,0,Not At Risk
S14806,Female,IT,52,53,63,5.15,1,2.1,1,At Risk
S14816,Male,Computer,88,65,91,8.18,0,4.5,0,Not At Risk
S14819,Male,IT,72,72,76,9.5,0,4.8,0,Not At Risk
S14821,Female,AI,75,57,68,9.05,1,4.0,0,Not At Risk
S14824,Female,IT,98,90,61,9.41,0,5.7,0,Not At Risk
S14832,Male,AI,96,59,74,7.02,1,6.9,0,Not At Risk
S14839,Male,Computer,86,97,89,9.96,1,5.5,0,Not At Risk
S14840,Male,IT,80,77,100,9.95,0,3.3,0,Not At Risk
S14850,Female,IT,76,80,92,6.63,0,7.5,0,Not At Risk
S14854,Female,IT,71,91,93,7.52,0,5.8,0,Not At Risk
S14859,Female,AI,78,74,98,9.85,1,5.1,0,Not At Risk
S14862,Male,Computer,87,71,63,7.29,0,4.9,0,Not At Risk
S14864,Male,AI,96,84,67,6.52,0,3.9,0,Not At Risk
S14871,Female,AI,76,72,95,9.53,0,6.4,0,Not At Risk
S14873,Male,AI,90,61,75,7.99,0,6.3,0,Not At Risk
S14876,Female,Computer,67,62,60,5.98,3,3.3,1,At Risk
S14884,Female,Computer,72,80,87,7.54,0,4.1,0,Not At Risk
S14885,Female,AI,67,60,72,6.71,0,4.4,0,Not At Risk
S14887,Male,IT,67,62,62,8.48,1,7.5,0,Not At Risk
S14890,Male,AI,79,83,55,8.96,1,4.7,0,Not At Risk
S14899,Female,IT,71,71,82,9.7,0,4.4,0,Not At Risk
S14900,Male,AI,82,80,82,7.25,1,6.6,0,Not At Risk
S14904,Male,Computer,85,56,98,7.46,0,5.8,0,Not At Risk
S14906,Female,IT,81,77,86,6.8,0,6.8,0,Not At Risk
S14910,Male,IT,75,89,57,7.72,0,7.0,0,Not At Risk
S14911,Male,AI,85,98,93,6.94,0,7.0,0,Not At Risk
S14917,Female,IT,73,78,80,8.6,0,5.1,0,Not At Risk
S14918,Female,Computer,61,44,36,5.38,1,3.6,1,At Risk
S14929,Male,AI,92,60,62,8.76,0,5.2,0,Not At Risk
S14933,Male,IT,59,46,52,6.23,2,3.1,1,At Risk
S14938,Female,Computer,76,72,69,7.9,0,7.3,0,Not At Risk
S14943,Female,Computer,81,93,68,7.3,0,4.0,0,Not At Risk
S14947,Female,AI,50,63,44,6.57,1,3.7,1,At Risk
S14954,Male,Computer,67,67,84,8.01,1,5.7,0,Not At Risk
S14957,Female,AI,52,50,68,5.07,2,3.8,1,At Risk
S14958,Female,AI,61,42,40,5.8,3,1.7,1,At Risk
S14964,Female,IT,66,93,70,7.89,0,4.9,0,Not At Risk
S14972,Male,Computer,83,82,86,7.92,1,7.9,0,Not At Risk
S14979,Female,Computer,78,55,71,9.05,1,4.4,0,Not At Risk
S14987,Female,AI,63,58,41,5.05,1,2.7,1,At Risk
S14988,Male,IT,51,65,54,5.68,2,3.6,1,At Risk
S14989,Female,IT,76,96,91,8.76,0,4.7,0,Not At Risk
S15005,Female,IT,79,69,60,7.88,0,5.4,0,Not At Risk
S15009,Female,Computer,97,92,86,7.95,1,7.5,0,Not At Risk
S15013,Male,AI,69,64,56,4.87,3,2.5,1,At Risk
S15024,Male,Computer,53,63,70,5.67,1,2.8,1,At Risk
S15028,Female,IT,96,63,95,8.73,0,6.0,0,Not At Risk
S15029,Male,IT,77,94,70,8.22,1,6.5,0,Not At Risk
S15032,Female,AI,78,85,59,9.96,0,6.8,0,Not At Risk
S15033,Female,AI,83,60,67,9.06,1,6.6,0,Not At Risk
S15038,Female,IT,92,87,69,8.45,0,6.0,0,Not At Risk
S15041,Male,AI,96,56,73,7.72,0,4.3,0,Not At Risk
S15053,Female,AI,77,66,60,7.95,0,5.5,0,Not At Risk
S15056,Male,AI,97,87,59,8.23,1,4.3,0,Not At Risk
S15061,Female,AI,45,56,45,6.38,1,3.3,1,At Risk
S15063,Male,AI,99,67,87,8.77,0,4.3,0,Not At Risk
S15073,Male,IT,65,88,86,9.42,0,7.8,0,Not At Risk
S15080,Female,Computer,97,89,71,7.02,0,7.7,0,Not At Risk
S15081,Female,Computer,69,69,74,7.76,0,4.3,0,Not At Risk
S15086,Male,AI,92,77,66,9.45,0,3.9,0,Not At Risk
S15091,Female,IT,68,95,91,7.34,0,5.7,0,Not At Risk
S15096,Female,AI,65,64,59,8.51,0,7.7,0,Not At Risk
S15101,Male,Computer,100,89,83,7.72,1,7.9,0,Not At Risk
S15106,Male,Computer,92,94,68,8.73,0,3.4,0,Not At Risk
S15110,Male,IT,75,94,73,7.56,1,5.2,0,Not At Risk
S15118,Male,AI,67,65,40,4.9,2,3.4,1,At Risk
S15124,Female,IT,95,97,84,8.62,0,3.7,0,Not At Risk
S15126,Male,Computer,45,43,35,6.45,2,1.2,1,At Risk
S15127,Female,Computer,65,59,99,9.94,0,5.3,0,Not At Risk
S15128,Female,Computer,96,94,84,8.38,0,7.2,0,Not At Risk
S15132,Female,AI,92,84,80,8.84,0,7.1,0,Not At Risk
S15133,Female,IT,58,64,69,5.06,3,1.6,1,At Risk
S15134,Female,Computer,70,85,64,7.43,0,5.5,0,Not At Risk
S15139,Male,IT,67,65,73,7.11,0,5.7,0,Not At Risk
S15143,Female,Computer,71,80,65,7.34,0,5.2,0,Not At Risk
S15147,Female,Computer,70,91,86,7.23,0,3.7,0,Not At Risk
S15150,Female,IT,68,66,67,8.03,0,5.4,0,Not At Risk
S15155,Male,IT,71,87,60,6.79,0,7.9,0,Not At Risk
S15161,Male,Computer,98,89,78,9.41,0,7.8,0,Not At Risk
S15163,Male,AI,66,80,74,6.7,0,6.4,0,Not At Risk
S15167,Male,IT,93,76,87,9.08,0,5.5,0,Not At Risk
S15168,Male,Computer,96,58,69,8.61,0,3.9,0,Not At Risk
S15176,Female,IT,93,91,72,9.03,1,7.8,0,Not At Risk
S15189,Male,IT,73,70,68,9.77,1,6.6,0,Not At Risk
S15195,Male,Computer,96,92,69,8.7,0,3.0,0,Not At Risk
S15206,Male,Computer,81,55,55,8.06,0,5.5,0,Not At Risk
S15217,Male,IT,64,35,70,6.43,3,1.6,1,At Risk
S15222,Female,IT,54,35,51,5.75,2,2.5,1,At Risk
S15223,Female,IT,72,87,57,8.93,0,4.2,0,Not At Risk
S15224,Male,Computer,83,97,70,7.28,1,6.2,0,Not At Risk
S15229,Male,AI,94,74,70,8.8,1,6.4,0,Not At Risk
S15239,Female,Computer,75,62,72,9.93,0,5.1,0,Not At Risk
S15244,Male,AI,78,74,65,9.88,0,4.8,0,Not At Risk
S15246,Female,Computer,82,69,55,9.84,0,6.1,0,Not At Risk
S15250,Male,Computer,92,55,85,9.13,0,4.8,0,Not At Risk
S15260,Male,Computer,67,61,79,9.68,1,7.9,0,Not At Risk
S15264,Female,AI,89,88,71,9.03,0,3.3,0,Not At Risk
S15277,Male,IT,91,60,95,8.33,0,7.8,0,Not At Risk
S15285,Female,AI,56,52,64,6.19,2,2.1,1,At Risk
S15295,Male,Computer,94,67,99,9.6,0,5.9,0,Not At Risk
S15312,Male,IT,78,96,80,6.98,0,3.1,0,Not At Risk
S15315,Female,Computer,63,50,56,6.41,2,2.7,1,At Risk
S15316,Male,IT,89,57,95,7.37,0,7.0,0,Not At Risk
S15321,Male,Computer,66,91,88,9.47,0,4.2,0,Not At Risk
S15325,Male,AI,99,97,57,6.69,0,7.5,0,Not At Risk
S15331,Female,AI,97,96,66,7.25,1,5.2,0,Not At Risk
S15338,Male,Computer,82,95,96,7.54,1,7.7,0,Not At Risk
S15339,Female,Computer,59,62,60,5.55,2,1.9,1,At Risk
S15343,Male,Computer,77,68,72,7.83,0,7.4,0,Not At Risk
S15347,Female,Computer,75,82,71,6.7,0,6.9,0,Not At Risk
S15363,Male,Computer,79,93,83,8.65,0,6.0,0,Not At Risk
S15365,Male,AI,72,71,89,6.76,1,7.3,0,Not At Risk
S15369,Female,Computer,71,59,87,8.09,1,4.9,0,Not At Risk
S15373,Female,AI,87,91,86,6.57,0,3.8,0,Not At Risk
S15376,Male,IT,98,75,100,9.43,0,6.2,0,Not At Risk
S15388,Male,Computer,84,77,90,9.94,0,6.1,0,Not At Risk
S15391,Male,Computer,86,56,86,7.64,1,6.8,0,Not At Risk
S15394,Male,IT,92,65,71,6.53,0,5.4,0,Not At Risk
S15395,Male,AI,54,35,52,5.79,1,3.7,1,At Risk
S15401,Female,IT,66,54,49,5.22,1,2.2,1,At Risk
S15411,Male,Computer,95,95,74,9.85,0,3.2,0,Not At Risk
S15412,Female,Computer,64,55,48,6.16,2,3.0,1,At Risk
S15416,Female,AI,76,83,98,9.88,0,5.8,0,Not At Risk
S15418,Male,AI,87,99,64,7.77,1,5.9,0,Not At Risk
S15425,Female,Computer,88,98,66,8.62,1,4.6,0,Not At Risk
S15438,Female,IT,68,62,91,7.05,0,7.0,0,Not At Risk
S15440,Male,AI,96,67,90,7.76,0,7.9,0,Not At Risk
S15441,Female,AI,55,48,42,4.84,2,1.9,1,At Risk
S15446,Female,Computer,78,81,98,8.51,0,4.6,0,Not At Risk
S15452,Male,AI,93,76,99,7.85,0,3.7,0,Not At Risk
S15458,Male,IT,71,55,94,7.0,0,4.8,0,Not At Risk
S15459,Male,IT,99,69,87,8.67,0,3.2,0,Not At Risk
S15460,Female,AI,55,46,49,5.32,3,3.9,1,At Risk
S15465,Male,AI,78,56,94,8.06,0,5.0,0,Not At Risk
S15466,Male,IT,59,60,39,5.96,3,3.5,1,At Risk
S15469,Male,IT,79,87,79,7.0,0,3.9,0,Not At Risk
S15470,Female,AI,56,37,44,5.95,3,3.1,1,At Risk
S15480,Male,Computer,47,45,68,6.11,2,3.9,1,At Risk
S15481,Female,IT,68,94,61,8.35,0,5.2,0,Not At Risk
S15486,Female,IT,66,83,61,8.93,0,3.3,0,Not At Risk
S15498,Male,AI,64,39,59,5.71,2,3.2,1,At Risk
S15500,Female,Computer,95,99,72,9.41,0,7.7,0,Not At Risk
S15502,Male,AI,59,45,57,5.96,2,2.2,1,At Risk
S15515,Female,AI,67,56,62,5.82,2,1.5,1,At Risk
S15522,Male,AI,83,69,61,9.89,0,7.7,0,Not At Risk
S15523,Male,AI,91,70,61,8.25,0,4.1,0,Not At Risk
S15525,Male,IT,58,49,45,6.26,2,2.6,1,At Risk
S15537,Male,IT,66,48,48,6.77,1,2.0,1,At Risk
S15548,Female,IT,67,93,68,9.98,0,3.3,0,Not At Risk
S15549,Male,AI,70,59,63,5.96,2,1.6,1,At Risk
S15550,Female,IT,96,81,69,9.23,0,7.0,0,Not At Risk
S15559,Female,AI,99,69,100,7.73,1,5.9,0,Not At Risk
S15560,Male,Computer,85,78,71,9.03,0,3.7,0,Not At Risk
S15565,Male,AI,88,88,86,8.05,0,7.2,0,Not At Risk
S15567,Female,AI,99,69,80,9.74,0,7.0,0,Not At Risk
S15569,Female,AI,79,94,77,9.05,1,5.5,0,Not At Risk
S15575,Male,Computer,69,88,96,7.82,0,3.7,0,Not At Risk
S15579,Female,AI,95,87,97,9.62,0,3.4,0,Not At Risk
S15582,Male,Computer,53,57,37,5.53,1,2.2,1,At Risk
S15587,Male,IT,94,68,98,8.7,1,7.2,0,Not At Risk
S15593,Female,IT,54,46,43,6.06,2,2.0,1,At Risk
S15598,Male,AI,85,89,81,8.25,0,5.9,0,Not At Risk
S15602,Female,IT,69,73,76,9.75,0,7.4,0,Not At Risk
S15614,Male,AI,78,64,88,6.87,1,6.9,0,Not At Risk
S15618,Male,IT,86,67,73,6.64,1,7.6,0,Not At Risk
S15625,Female,AI,66,74,98,9.84,0,4.6,0,Not At Risk
S15629,Male,AI,69,75,97,9.83,0,7.8,0,Not At Risk
S15647,Female,AI,68,54,61,6.05,3,3.9,1,At Risk
S15653,Female,IT,84,90,95,7.43,0,3.2,0,Not At Risk
S15658,Female,Computer,67,97,74,9.31,0,7.5,0,Not At Risk
S15663,Female,Computer,56,60,44,5.92,1,2.4,1,At Risk
S15669,Male,IT,66,72,56,8.07,0,7.9,0,Not At Risk
S15676,Male,Computer,96,74,93,7.42,0,5.8,0,Not At Risk
S15677,Male,Computer,71,65,86,9.98,0,3.7,0,Not At Risk
S15679,Female,IT,66,75,87,7.09,0,4.6,0,Not At Risk
S15686,Female,AI,78,86,63,6.69,1,6.7,0,Not At Risk
S15692,Female,Computer,85,60,83,6.77,1,6.6,0,Not At Risk
S15696,Female,AI,76,95,94,8.5,0,4.1,0,Not At Risk
S15697,Female,AI,86,59,76,8.35,0,8.0,0,Not At Risk
S15700,Male,AI,91,93,94,8.02,0,5.8,0,Not At Risk
S15709,Female,Computer,65,92,81,7.51,0,5.3,0,Not At Risk
S15716,Female,AI,97,94,72,7.57,1,5.0,0,Not At Risk
S15722,Male,Computer,51,41,70,5.36,3,3.2,1,At Risk
S15727,Male,Computer,95,80,57,8.81,0,6.1,0,Not At Risk
S15729,Male,IT,67,98,85,6.79,0,4.5,0,Not At Risk
S15734,Female,AI,95,93,72,9.37,1,4.6,0,Not At Risk
S15740,Female,IT,71,62,97,8.14,1,6.1,0,Not At Risk
S15748,Female,IT,97,67,65,9.5,1,6.1,0,Not At Risk
S15757,Male,AI,46,63,46,5.47,1,2.8,1,At Risk
S15758,Female,IT,83,66,100,9.95,0,4.3,0,Not At Risk
S15759,Male,Computer,91,94,72,7.64,1,3.2,0,Not At Risk
S15763,Male,Computer,97,76,79,8.94,0,6.3,0,Not At Risk
S15765,Female,Computer,93,97,93,7.91,0,3.3,0,Not At Risk
S15776,Female,AI,99,74,83,9.53,0,4.2,0,Not At Risk
S15780,Male,IT,68,68,91,8.93,1,6.2,0,Not At Risk
S15787,Female,Computer,50,57,64,6.37,3,2.9,1,At Risk
S15797,Female,IT,50,35,42,4.86,1,4.0,1,At Risk
S15799,Female,Computer,86,73,93,9.41,0,5.7,0,Not At Risk
S15801,Male,IT,88,75,63,7.61,0,6.0,0,Not At Risk
S15803,Male,IT,70,68,84,9.28,0,7.1,0,Not At Risk
S15804,Female,IT,70,35,70,6.29,1,1.0,1,At Risk
S15805,Female,Computer,94,91,74,7.1,0,7.7,0,Not At Risk
S15807,Female,IT,89,91,64,8.62,0,4.0,0,Not At Risk
S15809,Male,AI,95,67,65,9.87,0,7.2,0,Not At Risk
S15813,Female,Computer,87,93,84,8.05,0,3.2,0,Not At Risk
S15815,Male,IT,65,56,66,9.77,0,4.2,0,Not At Risk
S15819,Female,Computer,90,62,74,7.15,0,5.4,0,Not At Risk
S15823,Female,AI,86,61,86,8.09,0,3.0,0,Not At Risk
S15825,Female,Computer,96,81,91,7.04,1,7.8,0,Not At Risk
S15831,Female,IT,90,55,55,9.41,1,3.5,0,Not At Risk
S15837,Female,AI,54,35,67,5.23,2,4.0,1,At Risk
S15839,Male,Computer,60,46,48,5.31,3,2.6,1,At Risk
S15858,Male,Computer,74,95,77,7.87,0,3.1,0,Not At Risk
S15859,Female,Computer,90,63,95,8.32,0,7.3,0,Not At Risk
S15861,Male,IT,88,81,62,9.44,0,7.7,0,Not At Risk
S15873,Female,IT,71,64,58,7.41,0,5.1,0,Not At Risk
S15875,Male,Computer,55,39,54,5.23,3,1.5,1,At Risk
S15883,Male,AI,94,77,73,6.72,0,7.5,0,Not At Risk
S15887,Male,IT,99,57,97,6.73,0,4.7,0,Not At Risk
S15897,Female,Computer,50,58,44,4.94,2,2.2,1,At Risk
S15913,Female,AI,65,66,70,7.88,0,7.7,0,Not At Risk
S15944,Male,AI,77,55,68,7.53,0,7.9,0,Not At Risk
S15945,Male,IT,72,65,98,7.33,1,6.2,0,Not At Risk
S15949,Male,Computer,95,96,98,9.23,0,6.7,0,Not At Risk
S15966,Female,IT,71,59,77,9.53,1,7.1,0,Not At Risk
S15979,Female,AI,95,80,56,9.04,0,3.9,0,Not At Risk
S15981,Male,Computer,71,66,58,8.46,1,4.1,0,Not At Risk
S15982,Male,IT,99,58,95,7.62,1,3.6,0,Not At Risk
S15984,Female,IT,70,99,60,7.01,0,7.3,0,Not At Risk
S15989,Male,Computer,62,62,64,5.51,1,3.6,1,At Risk
S16000,Male,IT,86,78,88,6.94,0,5.9,0,Not At Risk
S16006,Female,Computer,89,57,74,8.32,0,6.7,0,Not At Risk
S16008,Male,Computer,79,70,58,8.49,0,3.4,0,Not At Risk
S16012,Female,IT,84,58,96,6.78,1,4.9,0,Not At Risk
S16021,Male,IT,67,87,77,9.8,0,5.4,0,Not At Risk
S16023,Male,AI,67,54,48,5.77,2,1.5,1,At Risk
S16031,Female,Computer,55,37,65,5.42,2,1.8,1,At Risk
S16039,Female,IT,81,84,71,8.55,1,5.9,0,Not At Risk
S16040,Male,IT,69,71,85,9.84,0,4.7,0,Not At Risk
S16055,Male,IT,70,75,76,8.93,0,4.3,0,Not At Risk
S16057,Female,AI,68,56,63,7.7,0,6.9,0,Not At Risk
S16058,Male,IT,96,94,87,7.95,0,5.8,0,Not At Risk
S16064,Female,AI,88,89,89,9.85,1,5.2,0,Not At Risk
S16066,Male,Computer,59,49,38,4.96,1,2.8,1,At Risk
S16080,Male,AI,49,36,47,6.59,2,3.1,1,At Risk
S16084,Male,Computer,73,94,84,9.46,0,5.6,0,Not At Risk
S16088,Male,AI,99,98,99,9.48,1,4.4,0,Not At Risk
S16106,Male,Computer,85,63,69,9.45,0,4.0,0,Not At Risk
S16112,Female,IT,69,67,60,6.52,0,4.8,0,Not At Risk
S16113,Male,Computer,73,75,59,8.84,1,4.9,0,Not At Risk
S16121,Female,Computer,85,73,66,8.49,1,4.8,0,Not At Risk
S16127,Male,Computer,46,41,57,6.62,3,2.6,1,At Risk
S16128,Female,Computer,70,58,98,9.99,0,4.5,0,Not At Risk
S16129,Female,AI,76,89,100,8.93,0,3.5,0,Not At Risk
S16130,Male,IT,82,67,82,7.18,0,6.9,0,Not At Risk
S16138,Male,IT,83,78,91,8.15,0,4.9,0,Not At Risk
S16141,Male,Computer,76,68,90,9.45,0,7.6,0,Not At Risk
S16142,Male,Computer,78,69,76,8.51,0,7.7,0,Not At Risk
S16144,Male,Computer,54,58,36,5.71,3,1.8,1,At Risk
S16148,Male,IT,97,55,94,8.83,0,6.3,0,Not At Risk
S16150,Female,IT,99,55,95,9.5,0,4.6,0,Not At Risk
S16156,Male,Computer,65,71,59,7.77,0,7.6,0,Not At Risk
S16157,Female,Computer,66,76,80,8.88,0,3.4,0,Not At Risk
S16160,Male,Computer,85,64,90,7.56,0,7.8,0,Not At Risk
S16164,Male,Computer,89,56,67,7.62,1,5.5,0,Not At Risk
S16166,Male,Computer,94,85,62,9.53,0,4.0,0,Not At Risk
S16179,Female,Computer,76,57,69,8.15,0,3.1,0,Not At Risk
S16181,Male,AI,46,51,58,6.44,1,3.2,1,At Risk
S16190,Female,AI,62,55,60,5.14,3,3.7,1,At Risk
S16213,Female,IT,80,55,96,9.37,0,3.4,0,Not At Risk
S16216,Female,Computer,69,59,73,7.27,1,6.1,0,Not At Risk
S16217,Female,IT,78,66,58,8.8,0,7.9,0,Not At Risk
S16220,Female,IT,66,85,57,7.96,0,6.4,0,Not At Risk
S16227,Male,Computer,77,92,90,8.61,0,6.9,0,Not At Risk
S16228,Female,AI,69,63,71,8.42,0,5.6,0,Not At Risk
S16242,Female,IT,65,95,64,8.51,0,6.5,0,Not At Risk
S16248,Male,AI,94,82,81,9.15,0,4.8,0,Not At Risk
S16251,Female,AI,65,67,97,9.05,0,6.3,0,Not At Risk
S16254,Male,Computer,96,74,86,7.64,0,7.5,0,Not At Risk
S16265,Female,IT,97,59,69,8.39,0,3.7,0,Not At Risk
S16266,Male,AI,100,99,87,9.25,1,7.9,0,Not At Risk
S16273,Male,IT,95,85,94,7.66,0,6.7,0,Not At Risk
S16274,Male,Computer,96,55,63,8.08,0,5.3,0,Not At Risk
S16275,Female,AI,62,37,61,5.31,3,1.9,1,At Risk
S16277,Male,IT,100,55,70,9.32,0,3.7,0,Not At Risk
S16282,Male,AI,81,71,61,8.94,1,5.4,0,Not At Risk
S16284,Female,IT,87,62,56,9.5,0,7.3,0,Not At Risk
S16285,Male,IT,98,66,87,6.78,0,5.1,0,Not At Risk
S16287,Female,IT,81,70,90,7.72,0,3.8,0,Not At Risk
S16295,Male,Computer,68,100,60,9.68,0,6.0,0,Not At Risk
S16304,Female,Computer,62,53,69,5.21,3,3.4,1,At Risk
S16341,Male,AI,91,71,97,7.12,0,6.5,0,Not At Risk
S16342,Female,AI,73,96,55,7.26,0,7.9,0,Not At Risk
S16346,Male,AI,69,68,87,7.07,1,7.6,0,Not At Risk
S16347,Female,Computer,97,83,70,6.93,0,5.5,0,Not At Risk
S16350,Male,AI,86,66,61,8.91,0,7.6,0,Not At Risk
S16351,Male,AI,75,92,100,9.55,0,4.3,0,Not At Risk
S16365,Female,IT,61,35,49,5.59,3,2.6,1,At Risk
S16366,Male,Computer,87,68,67,8.13,1,6.7,0,Not At Risk
S16367,Female,AI,97,92,60,7.82,0,3.1,0,Not At Risk
S16368,Male,Computer,80,58,97,7.22,0,7.6,0,Not At Risk
S16375,Male,IT,60,52,53,6.18,3,2.7,1,At Risk
S16378,Female,Computer,66,64,62,9.23,1,4.0,0,Not At Risk
S16380,Male,IT,92,63,80,8.5,0,6.4,0,Not At Risk
S16383,Male,IT,75,66,77,7.4,0,7.7,0,Not At Risk
S16387,Female,IT,89,79,71,8.75,0,6.0,0,Not At Risk
S16389,Female,IT,93,93,68,7.03,1,6.1,0,Not At Risk
S16393,Male,Computer,97,94,84,7.06,0,6.2,0,Not At Risk
S16396,Male,AI,75,89,68,9.35,0,6.6,0,Not At Risk
S16408,Male,AI,48,53,60,5.74,1,2.4,1,At Risk
S16410,Male,IT,58,51,58,5.14,1,2.0,1,At Risk
S16413,Male,AI,71,98,84,6.89,0,3.4,0,Not At Risk
S16425,Male,AI,61,53,63,5.11,1,3.6,1,At Risk
S16434,Male,IT,66,36,44,4.97,2,3.7,1,At Risk
S16435,Male,Computer,65,55,59,7.12,1,6.5,0,Not At Risk
S16438,Female,IT,84,89,84,8.32,1,4.4,0,Not At Risk
S16443,Female,IT,90,82,60,9.88,0,4.8,0,Not At Risk
S16451,Male,AI,57,47,53,6.41,1,1.8,1,At Risk
S16452,Male,Computer,89,86,95,8.83,0,6.1,0,Not At Risk
S16454,Male,Computer,86,74,67,7.87,1,4.2,0,Not At Risk
S16463,Female,Computer,100,91,77,7.98,0,6.4,0,Not At Risk
S16467,Female,IT,91,63,97,6.82,1,7.3,0,Not At Risk
S16474,Female,IT,76,58,60,8.1,0,7.6,0,Not At Risk
S16480,Female,Computer,48,56,55,6.27,3,1.6,1,At Risk
S16489,Male,IT,83,68,96,7.17,0,3.6,0,Not At Risk
S16495,Female,IT,80,65,89,8.89,0,4.9,0,Not At Risk
S16505,Male,IT,58,54,44,5.08,3,2.0,1,At Risk
S16507,Male,AI,59,45,58,5.26,3,1.7,1,At Risk
S16510,Male,IT,56,54,47,5.92,2,2.4,1,At Risk
S16511,Male,Computer,73,77,92,6.87,0,7.6,0,Not At Risk
S16512,Male,Computer,66,100,85,7.47,0,5.0,0,Not At Risk
S16520,Female,IT,86,95,62,7.77,0,6.1,0,Not At Risk
S16522,Female,AI,75,87,66,7.13,0,5.0,0,Not At Risk
S16524,Male,Computer,69,97,56,7.91,1,3.3,0,Not At Risk
S16529,Male,Computer,87,80,100,6.58,0,5.5,0,Not At Risk
S16530,Female,AI,80,56,89,8.15,0,3.1,0,Not At Risk
S16537,Male,AI,95,77,75,7.23,0,5.5,0,Not At Risk
S16548,Male,AI,56,51,36,5.07,2,1.0,1,At Risk
S16551,Female,IT,67,68,82,6.68,0,6.5,0,Not At Risk
S16552,Female,Computer,83,61,67,8.9,1,7.7,0,Not At Risk
S16555,Male,AI,82,74,73,8.81,0,6.0,0,Not At Risk
S16561,Male,IT,77,77,92,8.53,0,7.7,0,Not At Risk
S16562,Male,IT,77,88,60,7.99,0,7.1,0,Not At Risk
S16577,Male,IT,85,90,75,6.72,0,3.1,0,Not At Risk
S16579,Female,Computer,78,75,71,7.46,0,5.3,0,Not At Risk
S16582,Female,Computer,97,91,97,7.21,0,7.8,0,Not At Risk
S16596,Female,IT,67,97,87,8.44,1,5.1,0,Not At Risk
S16605,Female,IT,81,86,79,7.67,0,5.7,0,Not At Risk
S16607,Female,AI,88,65,67,6.76,1,6.6,0,Not At Risk
S16622,Female,Computer,93,64,55,8.6,0,5.4,0,Not At Risk
S16625,Female,AI,89,91,60,7.2,0,4.3,0,Not At Risk
S16630,Male,Computer,75,63,73,8.49,0,4.5,0,Not At Risk
S16633,Female,IT,81,96,89,9.45,0,6.5,0,Not At Risk
S16636,Male,AI,69,57,79,9.61,1,6.5,0,Not At Risk
S16643,Female,IT,57,60,64,5.64,2,3.0,1,At Risk
S16647,Female,Computer,90,98,87,9.24,0,5.7,0,Not At Risk
S16650,Male,AI,79,73,95,7.27,0,4.9,0,Not At Risk
S16651,Male,AI,89,89,88,7.88,0,5.1,0,Not At Risk
S16654,Female,AI,96,59,93,9.41,0,4.2,0,Not At Risk
S16656,Male,Computer,75,64,91,9.36,1,5.8,0,Not At Risk
S16658,Female,AI,80,87,70,7.72,0,7.4,0,Not At Risk
S16675,Female,AI,82,92,83,6.79,1,6.8,0,Not At Risk
S16680,Female,IT,67,83,83,8.36,0,7.6,0,Not At Risk
S16683,Male,Computer,81,84,96,9.55,1,4.8,0,Not At Risk
S16691,Female,AI,73,95,72,9.01,0,3.4,0,Not At Risk
S16693,Female,IT,97,82,61,8.0,0,3.7,0,Not At Risk
S16699,Male,IT,80,63,66,8.36,1,6.7,0,Not At Risk
S16705,Male,AI,75,59,94,7.9,0,7.6,0,Not At Risk
S16707,Male,IT,68,57,85,9.66,0,4.3,0,Not At Risk
S16710,Male,Computer,87,59,64,8.46,0,4.5,0,Not At Risk
S16712,Female,IT,77,59,69,6.51,1,3.3,0,Not At Risk
S16721,Male,Computer,88,85,65,9.41,0,4.7,0,Not At Risk
S16726,Female,IT,67,74,61,8.6,0,4.7,0,Not At Risk
S16729,Male,Computer,71,78,84,8.29,0,3.1,0,Not At Risk
S16731,Female,AI,96,78,71,9.01,1,4.7,0,Not At Risk
S16744,Female,IT,65,72,93,9.39,0,6.8,0,Not At Risk
S16745,Male,Computer,97,61,81,9.4,0,6.1,0,Not At Risk
S16747,Male,Computer,83,81,68,9.42,0,6.7,0,Not At Risk
S16759,Male,Computer,93,92,93,8.47,0,5.4,0,Not At Risk
S16763,Female,AI,66,91,55,9.16,1,6.2,0,Not At Risk
S16765,Male,IT,56,63,65,5.18,3,1.1,1,At Risk
S16767,Female,Computer,77,87,74,9.95,0,6.6,0,Not At Risk
S16768,Male,IT,87,56,87,9.28,0,3.3,0,Not At Risk
S16771,Female,Computer,72,77,91,8.49,1,7.4,0,Not At Risk
S16779,Male,AI,86,62,66,9.14,1,5.8,0,Not At Risk
S16794,Female,AI,71,82,75,7.96,0,7.4,0,Not At Risk
S16800,Male,IT,76,70,77,8.62,1,7.8,0,Not At Risk
S16801,Male,AI,84,67,93,9.58,0,3.4,0,Not At Risk
S16802,Female,IT,54,52,52,6.7,3,2.9,1,At Risk
S16803,Female,IT,99,92,68,6.9,0,5.6,0,Not At Risk
S16806,Female,AI,59,35,68,4.81,1,2.0,1,At Risk
S16812,Male,Computer,88,86,66,7.23,1,6.3,0,Not At Risk
S16816,Male,AI,67,45,54,5.77,2,4.0,1,At Risk
S16827,Male,Computer,100,87,91,7.15,0,6.5,0,Not At Risk
S16828,Male,Computer,55,41,63,6.21,1,2.8,1,At Risk
S16830,Female,Computer,96,62,82,10.0,0,4.2,0,Not At Risk
S16833,Female,AI,73,95,74,7.87,0,4.5,0,Not At Risk
S16835,Female,IT,71,98,78,8.68,1,3.5,0,Not At Risk
S16837,Female,Computer,58,51,50,5.63,3,3.8,1,At Risk
S16842,Female,AI,99,85,77,7.03,0,5.3,0,Not At Risk
S16846,Female,Computer,78,91,91,7.81,0,7.9,0,Not At Risk
S16847,Male,Computer,76,77,88,9.51,0,6.0,0,Not At Risk
S16886,Male,IT,100,60,83,9.91,1,7.8,0,Not At Risk
S16890,Female,Computer,92,78,75,8.62,0,3.8,0,Not At Risk
S16898,Female,Computer,78,95,94,8.3,0,7.0,0,Not At Risk
S16899,Female,IT,67,64,95,8.11,0,7.4,0,Not At Risk
S16900,Male,Computer,69,96,55,7.62,0,7.5,0,Not At Risk
S16901,Female,Computer,99,89,56,8.43,0,6.6,0,Not At Risk
S16903,Male,AI,88,59,98,6.59,0,5.7,0,Not At Risk
S16906,Female,AI,89,80,64,9.45,1,7.7,0,Not At Risk
S16907,Male,IT,77,68,94,7.07,0,7.0,0,Not At Risk
S16920,Male,Computer,69,87,96,9.54,0,7.0,0,Not At Risk
S16922,Female,AI,77,64,74,8.25,0,4.8,0,Not At Risk
S16923,Female,IT,92,88,98,8.53,0,4.7,0,Not At Risk
S16924,Male,Computer,67,89,66,8.9,0,4.5,0,Not At Risk
S16929,Female,AI,99,73,100,6.87,0,3.0,0,Not At Risk
S16931,Male,Computer,76,98,99,6.76,0,6.4,0,Not At Risk
S16939,Female,AI,84,94,65,7.86,1,4.2,0,Not At Risk
S16943,Female,AI,52,54,37,4.97,3,2.7,1,At Risk
S16950,Male,AI,82,56,79,7.73,0,3.3,0,Not At Risk
S16957,Female,Computer,94,63,76,7.47,1,3.3,0,Not At Risk
S16959,Male,IT,96,84,84,8.05,0,6.8,0,Not At Risk
S16975,Female,Computer,72,73,62,6.7,0,3.0,0,Not At Risk
S16980,Male,IT,66,80,98,8.41,0,3.3,0,Not At Risk
S16984,Male,AI,54,38,44,5.57,2,1.2,1,At Risk
S16987,Female,Computer,71,80,88,7.28,0,3.8,0,Not At Risk
S16993,Female,Computer,61,47,66,5.42,1,3.9,1,At Risk
S16997,Male,IT,99,65,99,8.4,0,4.3,0,Not At Risk
S17000,Female,IT,58,60,55,6.55,2,3.6,1,At Risk
S17002,Female,IT,70,79,58,7.57,0,3.7,0,Not At Risk
S17003,Female,IT,71,70,99,9.65,0,6.2,0,Not At Risk
S17007,Male,Computer,96,61,87,9.56,0,4.4,0,Not At Risk
S17010,Male,AI,91,57,99,7.93,1,3.5,0,Not At Risk
S17011,Female,AI,81,61,97,9.39,0,7.2,0,Not At Risk
S17016,Female,IT,56,58,55,6.38,3,2.6,1,At Risk
S17028,Female,Computer,94,98,97,8.53,0,4.6,0,Not At Risk
S17030,Female,Computer,81,60,72,7.52,0,5.4,0,Not At Risk
S17032,Male,IT,77,57,88,7.12,0,5.6,0,Not At Risk
S17033,Male,IT,69,58,57,8.85,1,5.9,0,Not At Risk
S17038,Female,IT,60,38,60,5.82,3,2.3,1,At Risk
S17039,Male,IT,66,79,74,9.75,0,7.7,0,Not At Risk
S17045,Female,IT,98,76,98,7.71,0,5.4,0,Not At Risk
S17048,Female,IT,91,95,71,7.51,1,4.7,0,Not At Risk
S17049,Female,Computer,68,90,57,8.38,0,4.0,0,Not At Risk
S17051,Female,AI,81,91,67,9.02,1,6.1,0,Not At Risk
S17056,Female,Computer,67,92,85,8.98,0,4.8,0,Not At Risk
S17062,Female,IT,94,67,100,8.12,0,4.4,0,Not At Risk
S17063,Male,Computer,89,76,84,8.5,0,5.5,0,Not At Risk
S17073,Male,AI,95,65,77,7.94,0,6.1,0,Not At Risk
S17074,Male,Computer,95,81,57,7.12,0,4.5,0,Not At Risk
S17076,Female,AI,90,98,69,8.07,0,4.9,0,Not At Risk
S17077,Male,AI,89,93,83,7.13,1,4.0,0,Not At Risk
S17079,Male,IT,72,59,87,7.45,1,7.6,0,Not At Risk
S17090,Female,Computer,92,55,56,6.78,0,3.9,0,Not At Risk
S17098,Female,Computer,80,57,99,7.06,0,5.7,0,Not At Risk
S17100,Male,IT,66,61,80,8.42,1,7.5,0,Not At Risk
S17111,Female,IT,79,57,84,7.84,1,7.0,0,Not At Risk
S17114,Female,AI,80,84,97,8.59,1,7.3,0,Not At Risk
S17116,Male,AI,99,88,55,9.41,1,7.1,0,Not At Risk
S17117,Male,IT,78,66,82,9.54,1,7.2,0,Not At Risk
S17123,Female,AI,68,57,53,5.99,1,3.4,1,At Risk
S17127,Male,IT,53,36,63,5.35,1,2.0,1,At Risk
S17135,Male,IT,88,91,65,9.31,0,5.8,0,Not At Risk
S17140,Female,AI,53,44,70,5.34,2,2.0,1,At Risk
S17141,Female,Computer,87,56,94,7.54,0,7.8,0,Not At Risk
S17151,Female,IT,67,94,99,6.76,0,4.6,0,Not At Risk
S17154,Female,Computer,89,61,66,9.06,1,6.6,0,Not At Risk
S17158,Female,AI,90,65,75,7.51,0,4.2,0,Not At Risk
S17161,Female,AI,45,50,47,5.78,1,2.1,1,At Risk
S17169,Male,IT,67,88,72,7.37,0,5.2,0,Not At Risk
S17170,Female,Computer,78,55,94,7.55,0,6.9,0,Not At Risk
S17172,Male,Computer,89,65,79,7.46,1,3.9,0,Not At Risk
S17173,Female,Computer,86,84,82,7.11,1,4.6,0,Not At Risk
S17175,Female,Computer,66,36,46,5.05,3,2.7,1,At Risk
S17182,Female,Computer,65,58,68,5.46,2,2.1,1,At Risk
S17185,Male,AI,62,38,40,5.51,3,2.7,1,At Risk
S17201,Female,IT,50,43,46,5.21,2,1.7,1,At Risk
S17204,Female,AI,80,74,58,9.05,0,5.0,0,Not At Risk
S17213,Male,AI,87,68,76,8.55,0,5.2,0,Not At Risk
S17222,Male,AI,69,54,64,5.99,1,4.0,1,At Risk
S17223,Female,IT,90,97,57,6.74,0,4.0,0,Not At Risk
S17230,Male,IT,95,60,96,7.66,1,5.0,0,Not At Risk
S17234,Female,Computer,92,57,67,9.2,1,4.6,0,Not At Risk
S17236,Male,IT,81,95,72,6.74,0,3.1,0,Not At Risk
S17243,Female,AI,60,57,42,5.62,1,2.8,1,At Risk
S17249,Male,Computer,49,51,68,6.15,2,2.9,1,At Risk
S17255,Male,IT,93,80,91,8.73,0,4.9,0,Not At Risk
S17268,Female,Computer,84,61,73,10.0,1,4.8,0,Not At Risk
S17269,Female,Computer,57,52,65,5.1,3,1.6,1,At Risk
S17271,Male,AI,65,82,69,9.04,0,4.1,0,Not At Risk
S17277,Male,IT,82,97,94,7.52,1,3.9,0,Not At Risk
S17279,Female,IT,86,92,77,6.75,0,7.3,0,Not At Risk
S17283,Male,AI,81,82,96,8.12,0,6.9,0,Not At Risk
S17285,Male,Computer,81,58,55,9.02,0,4.1,0,Not At Risk
S17288,Female,AI,85,81,63,9.67,0,3.3,0,Not At Risk
S17292,Female,AI,72,88,56,6.5,0,6.8,0,Not At Risk
S17295,Male,IT,92,77,90,9.87,0,7.6,0,Not At Risk
S17301,Male,Computer,100,72,58,8.58,0,7.5,0,Not At Risk
S17302,Female,IT,95,64,63,9.6,0,6.1,0,Not At Risk
S17304,Male,AI,69,56,35,5.25,2,3.3,1,At Risk
S17305,Female,Computer,85,58,87,7.02,0,3.3,0,Not At Risk
S17308,Male,IT,93,55,65,7.5,0,5.5,0,Not At Risk
S17311,Female,AI,96,69,56,9.64,0,3.3,0,Not At Risk
S17313,Female,Computer,75,98,69,9.46,0,6.1,0,Not At Risk
S17315,Female,IT,94,81,76,7.74,0,5.4,0,Not At Risk
S17317,Male,Computer,77,97,70,6.98,0,3.0,0,Not At Risk
S17323,Female,IT,77,55,71,6.88,0,3.8,0,Not At Risk
S17339,Female,IT,65,66,84,9.11,0,3.5,0,Not At Risk
S17344,Female,Computer,78,96,74,6.64,0,7.0,0,Not At Risk
S17356,Male,Computer,71,57,86,8.38,0,7.9,0,Not At Risk
S17358,Male,AI,68,66,85,8.81,0,6.6,0,Not At Risk
S17362,Female,AI,99,88,69,8.67,0,7.1,0,Not At Risk
S17367,Male,IT,67,72,83,6.76,0,5.4,0,Not At Risk
S17372,Female,Computer,69,77,74,6.99,1,3.5,0,Not At Risk
S17373,Male,IT,92,59,57,9.63,1,5.1,0,Not At Risk
S17376,Male,AI,95,81,87,7.06,0,7.6,0,Not At Risk
S17377,Female,Computer,78,98,69,7.06,0,6.6,0,Not At Risk
S17379,Male,Computer,84,90,77,7.75,0,4.5,0,Not At Risk
S17380,Male,Computer,69,77,100,9.05,0,6.0,0,Not At Risk
S17384,Female,AI,93,60,92,9.25,0,5.1,0,Not At Risk
S17386,Male,IT,81,74,75,9.04,0,3.1,0,Not At Risk
S17389,Female,Computer,70,89,93,8.96,1,7.1,0,Not At Risk
S17393,Female,IT,67,79,82,9.4,1,6.3,0,Not At Risk
S17394,Male,Computer,62,40,48,5.23,2,1.4,1,At Risk
S17408,Male,IT,95,83,81,9.09,0,4.3,0,Not At Risk
S17415,Male,IT,65,64,93,9.85,0,7.1,0,Not At Risk
S17433,Female,IT,86,76,76,7.01,0,6.8,0,Not At Risk
S17435,Male,AI,80,59,74,7.84,0,3.5,0,Not At Risk
S17446,Female,AI,76,62,92,9.41,1,6.7,0,Not At Risk
S17450,Female,Computer,66,65,75,8.45,1,3.5,0,Not At Risk
S17451,Female,Computer,91,92,85,9.7,0,5.3,0,Not At Risk
S17459,Male,Computer,83,98,69,7.33,0,7.3,0,Not At Risk
S17461,Male,IT,91,88,84,6.84,0,6.0,0,Not At Risk
S17464,Male,Computer,79,98,99,8.99,0,3.2,0,Not At Risk
S17465,Male,IT,97,99,84,8.73,0,6.7,0,Not At Risk
S17470,Female,Computer,59,36,55,5.25,1,1.8,1,At Risk
S17471,Male,AI,87,100,97,7.32,0,6.2,0,Not At Risk
S17474,Female,AI,93,81,85,7.73,0,7.7,0,Not At Risk
S17480,Female,AI,83,75,58,8.46,0,5.9,0,Not At Risk
S17482,Female,AI,77,82,86,8.7,1,3.1,0,Not At Risk
S17483,Male,IT,76,95,96,8.63,0,6.9,0,Not At Risk
S17490,Male,AI,48,39,69,4.82,1,1.1,1,At Risk
S17492,Female,AI,96,79,65,9.13,0,5.2,0,Not At Risk
S17493,Female,IT,58,62,61,6.43,2,4.0,1,At Risk
S17494,Female,AI,49,35,40,5.74,2,2.7,1,At Risk
S17496,Female,AI,68,59,84,6.61,0,6.6,0,Not At Risk
S17507,Male,IT,82,60,59,7.16,0,5.5,0,Not At Risk
S17508,Female,IT,91,70,85,7.17,0,4.7,0,Not At Risk
S17510,Male,Computer,84,70,58,7.49,0,3.3,0,Not At Risk
S17514,Female,Computer,70,74,86,7.51,0,6.7,0,Not At Risk
S17518,Female,AI,75,90,94,8.54,0,5.1,0,Not At Risk
S17519,Female,Computer,92,63,77,6.73,1,6.2,0,Not At Risk
S17524,Female,Computer,46,63,44,6.43,1,1.4,1,At Risk
S17533,Female,AI,67,92,76,7.53,1,7.2,0,Not At Risk
S17535,Female,AI,78,86,87,6.89,0,6.1,0,Not At Risk
S17538,Female,IT,57,43,42,6.02,1,1.3,1,At Risk
S17546,Male,IT,71,83,74,7.71,0,6.9,0,Not At Risk
S17547,Male,Computer,75,94,84,7.45,0,6.9,0,Not At Risk
S17548,Female,IT,57,39,40,5.09,3,3.3,1,At Risk
S17553,Male,IT,70,70,55,7.93,0,3.4,0,Not At Risk
S17556,Female,Computer,69,97,82,8.93,0,7.1,0,Not At Risk
S17563,Female,AI,74,66,99,6.86,0,6.8,0,Not At Risk
S17569,Female,AI,80,87,97,9.56,0,7.8,0,Not At Risk
S17570,Female,Computer,97,56,86,8.16,0,5.6,0,Not At Risk
S17572,Male,Computer,100,98,81,8.43,0,4.3,0,Not At Risk
S17585,Female,AI,100,85,59,8.33,0,4.2,0,Not At Risk
S17590,Male,Computer,77,79,73,9.15,0,7.3,0,Not At Risk
S17596,Male,AI,53,53,39,6.24,1,3.0,1,At Risk
S17606,Female,IT,65,45,48,5.22,2,1.2,1,At Risk
S17610,Female,IT,66,64,66,8.72,0,5.0,0,Not At Risk
S17614,Male,AI,70,57,54,6.75,1,3.6,1,Not At Risk
S17618,Female,AI,58,37,66,5.83,2,1.0,1,At Risk
S17620,Female,AI,88,72,62,6.87,1,7.3,0,Not At Risk
S17626,Female,AI,93,80,90,7.19,1,5.0,0,Not At Risk
S17631,Female,IT,62,47,58,6.45,3,2.2,1,At Risk
S17639,Female,IT,84,96,77,9.74,0,4.5,0,Not At Risk
S17641,Female,IT,86,85,75,8.37,0,6.7,0,Not At Risk
S17643,Male,Computer,90,97,97,9.49,1,5.3,0,Not At Risk
S17645,Female,Computer,72,94,61,8.23,1,7.2,0,Not At Risk
S17646,Male,Computer,79,97,62,8.91,0,4.4,0,Not At Risk
S17659,Female,Computer,91,100,65,9.57,0,7.0,0,Not At Risk
S17677,Male,Computer,78,57,89,9.4,0,6.0,0,Not At Risk
S17679,Female,AI,75,97,99,8.71,1,3.1,0,Not At Risk
S17680,Female,Computer,62,61,65,5.06,3,2.2,1,At Risk
S17686,Female,AI,71,66,100,7.13,1,3.2,0,Not At Risk
S17688,Female,IT,79,99,72,9.36,0,3.6,0,Not At Risk
S17689,Female,AI,97,92,70,8.36,1,4.4,0,Not At Risk
S17696,Male,Computer,73,100,55,6.65,0,4.7,0,Not At Risk
S17703,Female,IT,99,80,76,8.16,0,4.3,0,Not At Risk
S17711,Female,IT,79,65,70,8.31,0,7.3,0,Not At Risk
S17726,Male,AI,62,40,62,4.82,1,3.0,1,At Risk
S17731,Female,AI,66,61,94,8.25,0,5.1,0,Not At Risk
S17735,Female,AI,98,96,55,9.1,0,4.3,0,Not At Risk
S17748,Male,Computer,55,56,51,5.89,1,3.5,1,At Risk
S17756,Male,AI,90,69,71,6.87,0,5.4,0,Not At Risk
S17763,Female,IT,94,76,80,6.75,1,8.0,0,Not At Risk
S17764,Male,AI,65,98,76,8.27,1,5.8,0,Not At Risk
S17779,Male,IT,68,88,77,8.9,0,5.5,0,Not At Risk
S17780,Female,Computer,57,44,65,6.74,1,3.1,1,At Risk
S17782,Male,IT,92,71,80,8.99,1,7.6,0,Not At Risk
S17783,Female,AI,78,96,88,8.07,0,4.6,0,Not At Risk
S17784,Male,IT,47,60,49,6.46,2,2.6,1,At Risk
S17797,Male,Computer,65,57,68,5.71,3,3.2,1,At Risk
S17799,Female,Computer,60,61,52,5.86,3,3.9,1,At Risk
S17801,Male,IT,95,60,72,6.64,1,6.6,0,Not At Risk
S17803,Male,AI,82,68,79,8.1,0,5.3,0,Not At Risk
S17804,Female,Computer,90,63,77,8.39,0,3.4,0,Not At Risk
S17807,Female,AI,98,89,59,9.89,0,5.4,0,Not At Risk
S17813,Male,IT,86,79,82,7.15,0,7.3,0,Not At Risk
S17814,Male,Computer,73,89,81,7.29,0,3.7,0,Not At Risk
S17822,Male,IT,85,78,61,9.22,0,6.3,0,Not At Risk
S17842,Male,Computer,70,49,62,5.05,3,2.2,1,At Risk
S17843,Female,Computer,74,91,100,9.82,0,7.3,0,Not At Risk
S17861,Male,IT,93,62,92,6.94,0,6.2,0,Not At Risk
S17862,Male,Computer,56,40,69,5.94,3,3.4,1,At Risk
S17866,Female,IT,81,90,75,9.69,0,5.1,0,Not At Risk
S17867,Female,IT,95,81,62,9.45,0,6.9,0,Not At Risk
S17868,Male,IT,94,88,88,9.31,0,4.2,0,Not At Risk
S17872,Male,AI,66,83,89,6.9,0,4.6,0,Not At Risk
S17876,Female,IT,78,86,81,9.52,1,7.4,0,Not At Risk
S17877,Female,Computer,65,64,81,9.45,0,5.8,0,Not At Risk
S17883,Male,Computer,80,89,66,9.27,0,4.1,0,Not At Risk
S17884,Female,Computer,69,93,56,9.46,1,4.6,0,Not At Risk
S17893,Male,IT,55,37,63,5.94,3,3.1,1,At Risk
S17894,Female,IT,55,48,58,5.26,3,3.7,1,At Risk
S17896,Female,IT,81,60,93,8.27,0,4.5,0,Not At Risk
S17898,Female,Computer,88,76,86,8.82,0,8.0,0,Not At Risk
S17901,Male,Computer,96,60,60,8.13,0,5.3,0,Not At Risk
S17906,Female,Computer,58,35,41,6.74,1,3.6,1,At Risk
S17907,Male,Computer,66,55,69,6.5,3,1.7,1,At Risk
S17911,Female,IT,55,38,39,5.37,2,2.9,1,At Risk
S17913,Male,IT,75,65,75,8.47,0,3.1,0,Not At Risk
S17928,Male,Computer,87,58,63,9.46,0,3.5,0,Not At Risk
S17930,Male,IT,70,60,84,6.82,0,3.1,0,Not At Risk
S17936,Male,Computer,74,65,79,7.83,0,4.4,0,Not At Risk
S17965,Female,IT,97,94,91,7.21,0,7.6,0,Not At Risk
S17966,Female,Computer,69,43,63,5.94,1,3.0,1,At Risk
S17967,Female,IT,47,60,54,5.38,3,2.0,1,At Risk
S17976,Female,AI,68,65,83,7.34,1,4.0,0,Not At Risk
S17995,Female,AI,77,78,55,9.66,0,6.0,0,Not At Risk
S17997,Male,Computer,96,99,74,8.52,0,4.8,0,Not At Risk
S17999,Male,IT,94,68,66,8.05,1,7.4,0,Not At Risk
S18003,Female,Computer,85,59,65,7.5,1,4.7,0,Not At Risk
S18011,Female,Computer,98,62,78,8.5,0,5.1,0,Not At Risk
S18012,Male,Computer,99,63,97,9.6,0,4.9,0,Not At Risk
S18022,Male,IT,99,67,93,9.13,1,5.2,0,Not At Risk
S18025,Male,IT,80,71,79,9.84,0,5.9,0,Not At Risk
S18028,Male,Computer,68,62,70,7.08,0,5.1,0,Not At Risk
S18030,Female,AI,90,71,58,7.06,0,4.0,0,Not At Risk
S18034,Male,IT,66,58,60,5.55,2,3.3,1,At Risk
S18045,Male,IT,65,70,64,8.91,1,5.5,0,Not At Risk
S18046,Male,Computer,54,50,60,4.9,2,1.9,1,At Risk
S18048,Male,Computer,70,98,100,7.88,0,7.8,0,Not At Risk
S18059,Male,IT,90,56,86,6.89,0,5.3,0,Not At Risk
S18067,Male,IT,49,41,41,6.32,3,3.7,1,At Risk
S18073,Male,Computer,77,80,94,7.72,0,5.5,0,Not At Risk
S18075,Female,AI,91,90,77,8.79,0,3.2,0,Not At Risk
S18076,Male,AI,90,81,67,9.16,0,5.0,0,Not At Risk
S18085,Male,Computer,89,81,81,8.18,0,7.6,0,Not At Risk
S18087,Male,Computer,93,64,61,9.51,0,7.7,0,Not At Risk
S18090,Female,Computer,71,61,91,7.24,0,5.2,0,Not At Risk
S18095,Male,Computer,68,96,98,8.45,0,3.4,0,Not At Risk
S18105,Male,AI,69,60,78,8.0,1,7.2,0,Not At Risk
S18112,Male,Computer,99,62,66,9.65,0,7.9,0,Not At Risk
S18116,Male,Computer,93,79,95,7.36,0,5.6,0,Not At Risk
S18123,Female,Computer,70,91,68,8.18,0,6.2,0,Not At Risk
S18129,Male,IT,82,98,84,9.58,0,6.1,0,Not At Risk
S18134,Female,IT,70,54,37,5.62,2,3.5,1,At Risk
S18136,Male,AI,90,76,76,9.29,0,6.9,0,Not At Risk
S18137,Female,IT,84,84,68,9.54,0,5.6,0,Not At Risk
S18138,Female,Computer,79,92,78,8.43,0,3.8,0,Not At Risk
S18144,Male,AI,82,96,90,8.58,1,5.8,0,Not At Risk
S18153,Male,Computer,75,88,55,9.86,0,3.2,0,Not At Risk
S18154,Male,AI,65,58,67,5.37,3,3.7,1,At Risk
S18165,Female,Computer,68,90,95,6.64,0,7.8,0,Not At Risk
S18170,Female,Computer,77,79,94,7.11,0,4.0,0,Not At Risk
S18177,Male,AI,73,64,74,9.99,1,3.4,0,Not At Risk
S18180,Female,AI,82,86,58,8.41,0,6.0,0,Not At Risk
S18181,Male,AI,68,78,58,9.3,1,3.5,0,Not At Risk
S18182,Male,AI,82,60,56,8.01,0,7.4,0,Not At Risk
S18185,Female,AI,86,98,56,9.58,1,5.0,0,Not At Risk
S18188,Male,IT,48,45,49,5.46,2,1.5,1,At Risk
S18192,Male,Computer,73,80,58,6.68,0,3.8,0,Not At Risk
S18201,Female,IT,67,43,69,5.69,1,3.4,1,At Risk
S18203,Female,Computer,84,64,91,9.4,1,3.0,0,Not At Risk
S18207,Male,Computer,63,50,56,5.51,2,3.8,1,At Risk
S18221,Female,Computer,79,85,81,8.2,1,6.8,0,Not At Risk
S18230,Male,IT,86,62,65,9.24,0,6.0,0,Not At Risk
S18245,Male,AI,97,55,91,7.97,0,3.9,0,Not At Risk
S18246,Male,AI,82,100,57,9.23,0,6.0,0,Not At Risk
S18254,Male,Computer,72,77,60,7.06,0,7.8,0,Not At Risk
S18258,Female,IT,95,71,85,7.6,0,4.2,0,Not At Risk
S18259,Female,AI,46,45,65,4.99,3,3.2,1,At Risk
S18267,Male,Computer,46,37,62,6.5,3,1.2,1,At Risk
S18273,Female,Computer,95,98,97,7.39,0,6.4,0,Not At Risk
S18277,Female,AI,89,68,63,7.95,0,3.4,0,Not At Risk
S18284,Male,IT,99,57,85,8.22,1,4.7,0,Not At Risk
S18287,Female,IT,72,94,76,8.37,1,4.0,0,Not At Risk
S18290,Male,Computer,92,69,94,9.69,0,4.0,0,Not At Risk
S18293,Male,IT,68,58,70,9.46,0,4.1,0,Not At Risk
S18295,Male,IT,66,64,60,5.27,1,3.2,1,At Risk
S18307,Female,Computer,89,60,99,6.94,0,6.6,0,Not At Risk
S18314,Male,IT,96,62,56,7.2,0,4.2,0,Not At Risk
S18315,Male,IT,66,52,55,5.13,3,3.1,1,At Risk
S18320,Male,Computer,45,44,65,5.78,1,3.4,1,At Risk
S18325,Female,Computer,77,99,76,7.95,0,6.2,0,Not At Risk
S18326,Male,AI,53,45,47,6.18,2,3.5,1,At Risk
S18330,Male,AI,74,77,68,8.26,1,6.3,0,Not At Risk
S18344,Male,AI,66,89,87,9.5,0,5.7,0,Not At Risk
S18346,Female,AI,69,35,41,5.72,2,1.9,1,At Risk
S18348,Female,IT,68,35,58,6.61,3,3.7,1,At Risk
S18353,Female,AI,74,94,66,7.55,0,5.1,0,Not At Risk
S18358,Male,IT,79,68,82,7.03,0,6.6,0,Not At Risk
S18373,Male,Computer,89,78,76,8.37,0,3.5,0,Not At Risk
S18379,Male,IT,94,68,78,7.27,0,4.3,0,Not At Risk
S18383,Female,IT,54,42,62,4.85,1,1.7,1,At Risk
S18399,Female,IT,79,69,72,7.31,1,5.0,0,Not At Risk
S18400,Male,Computer,96,76,96,7.03,0,5.3,0,Not At Risk
S18401,Male,IT,91,90,77,9.31,0,5.9,0,Not At Risk
S18406,Female,Computer,98,86,76,9.83,1,6.7,0,Not At Risk
S18410,Male,AI,97,55,55,9.91,1,5.4,0,Not At Risk
S18415,Female,AI,89,93,72,7.76,0,3.1,0,Not At Risk
S18416,Male,IT,82,63,99,9.34,1,3.1,0,Not At Risk
S18419,Male,AI,58,56,56,6.49,3,3.5,1,At Risk
S18422,Female,AI,86,95,77,8.81,0,4.7,0,Not At Risk
S18425,Male,AI,58,50,46,5.91,2,1.8,1,At Risk
S18430,Male,IT,81,79,95,8.34,0,7.9,0,Not At Risk
S18437,Male,IT,91,68,74,6.64,1,3.4,0,Not At Risk
S18440,Female,Computer,65,100,93,6.57,1,6.4,0,Not At Risk
S18447,Male,AI,66,75,87,7.09,0,3.9,0,Not At Risk
S18452,Female,Computer,69,95,84,9.39,1,5.7,0,Not At Risk
S18456,Female,IT,58,54,36,6.68,1,3.9,1,At Risk
S18459,Male,IT,74,76,71,9.34,0,4.3,0,Not At Risk
S18463,Female,IT,50,47,62,5.77,2,2.8,1,At Risk
S18464,Female,Computer,86,90,94,8.47,0,3.1,0,Not At Risk
S18478,Female,Computer,93,71,86,7.41,0,6.1,0,Not At Risk
S18483,Male,Computer,96,65,92,8.62,0,7.4,0,Not At Risk
S18484,Male,IT,86,90,92,6.91,0,5.2,0,Not At Risk
S18500,Male,Computer,65,55,44,5.44,1,3.9,1,At Risk
S18501,Female,Computer,67,80,86,9.13,0,5.4,0,Not At Risk
S18503,Female,AI,71,61,65,8.47,1,5.3,0,Not At Risk
S18506,Female,Computer,65,85,85,9.25,0,7.4,0,Not At Risk
S18513,Female,IT,68,89,93,7.11,0,4.9,0,Not At Risk
S18526,Male,Computer,77,61,72,9.21,0,4.3,0,Not At Risk
S18534,Male,Computer,52,59,68,5.96,2,3.3,1,At Risk
S18536,Male,IT,86,90,70,9.87,0,7.1,0,Not At Risk
S18537,Male,IT,90,74,66,7.08,0,5.1,0,Not At Risk
S18548,Male,AI,78,86,80,7.38,0,6.0,0,Not At Risk
S18555,Male,AI,92,55,63,7.63,0,7.6,0,Not At Risk
S18558,Female,IT,79,61,58,6.58,0,6.9,0,Not At Risk
S18560,Female,AI,86,100,92,8.21,0,7.2,0,Not At Risk
S18562,Female,Computer,58,42,68,6.02,3,2.1,1,At Risk
S18563,Male,IT,79,91,99,8.64,1,8.0,0,Not At Risk
S18574,Female,Computer,75,66,57,6.75,0,6.4,0,Not At Risk
S18581,Female,Computer,68,47,47,5.01,3,3.4,1,At Risk
S18582,Male,Computer,94,94,72,8.71,0,4.1,0,Not At Risk
S18594,Female,Computer,78,86,84,6.7,0,3.8,0,Not At Risk
S18596,Male,IT,46,65,54,4.83,1,3.3,1,At Risk
S18602,Female,IT,77,99,70,8.3,0,4.4,0,Not At Risk
S18604,Female,IT,96,85,81,8.75,1,7.9,0,Not At Risk
S18615,Male,IT,85,97,61,8.54,0,7.5,0,Not At Risk
S18617,Female,Computer,96,59,71,8.99,0,7.1,0,Not At Risk
S18621,Female,IT,91,81,80,9.81,1,5.4,0,Not At Risk
S18623,Male,IT,73,87,56,6.63,1,4.6,0,Not At Risk
S18629,Female,IT,65,62,72,8.02,0,5.7,0,Not At Risk
S18637,Female,IT,100,56,55,8.23,0,7.2,0,Not At Risk
S18639,Female,IT,74,88,87,9.92,0,3.1,0,Not At Risk
S18650,Male,Computer,75,99,85,9.65,0,8.0,0,Not At Risk
S18652,Male,Computer,60,40,45,5.99,1,1.3,1,At Risk
S18656,Male,AI,75,69,64,9.2,0,3.1,0,Not At Risk
S18663,Male,IT,93,98,82,8.36,1,6.4,0,Not At Risk
S18665,Male,AI,72,96,91,9.94,0,5.2,0,Not At Risk
S18670,Male,IT,65,88,89,7.3,1,6.9,0,Not At Risk
S18679,Female,Computer,51,38,58,5.61,2,3.6,1,At Risk
S18683,Male,IT,79,79,99,9.68,0,5.7,0,Not At Risk
S18693,Male,IT,53,40,35,6.04,1,3.9,1,At Risk
S18698,Male,IT,52,44,57,6.18,3,1.3,1,At Risk
S18699,Male,IT,75,94,57,9.55,0,7.8,0,Not At Risk
S18705,Female,IT,69,93,55,7.38,0,7.2,0,Not At Risk
S18711,Male,AI,54,39,62,5.07,2,3.0,1,At Risk
S18725,Male,Computer,66,98,60,7.63,0,7.5,0,Not At Risk
S18733,Female,Computer,53,54,51,6.52,3,3.5,1,At Risk
S18738,Female,AI,94,87,90,9.74,0,3.3,0,Not At Risk
S18739,Male,Computer,70,59,58,6.87,0,5.3,0,Not At Risk
S18741,Male,AI,87,100,77,7.16,0,5.7,0,Not At Risk
S18742,Female,AI,69,64,56,7.58,0,5.4,0,Not At Risk
S18744,Male,Computer,58,49,54,5.99,1,3.5,1,At Risk
S18747,Female,IT,75,93,78,9.61,1,7.4,0,Not At Risk
S18749,Male,AI,76,100,87,7.45,0,4.0,0,Not At Risk
S18754,Male,AI,77,64,60,8.94,1,6.0,0,Not At Risk
S18760,Male,Computer,94,56,78,9.85,0,5.5,0,Not At Risk
S18774,Female,IT,92,67,74,6.99,1,6.5,0,Not At Risk
S18786,Male,IT,98,73,58,9.18,0,4.9,0,Not At Risk
S18787,Male,AI,92,92,95,8.66,1,5.3,0,Not At Risk
S18793,Male,IT,67,57,68,7.61,0,5.7,0,Not At Risk
S18798,Female,Computer,85,73,89,7.11,0,7.4,0,Not At Risk
S18802,Female,IT,45,61,69,4.94,2,2.6,1,At Risk
S18809,Female,IT,80,89,97,7.02,0,6.8,0,Not At Risk
S18813,Male,AI,79,99,84,9.12,0,7.6,0,Not At Risk
S18816,Female,IT,46,38,57,5.95,3,1.4,1,At Risk
S18821,Male,IT,81,69,56,6.71,1,6.0,0,Not At Risk
S18822,Female,Computer,57,41,37,6.22,3,1.3,1,At Risk
S18825,Female,IT,69,65,97,9.31,0,5.4,0,Not At Risk
S18826,Male,IT,50,44,50,4.98,2,3.4,1,At Risk
S18827,Male,AI,70,58,56,4.9,2,2.1,1,At Risk
S18830,Male,IT,89,78,94,7.36,0,5.3,0,Not At Risk
S18844,Female,Computer,76,93,61,7.43,0,6.9,0,Not At Risk
S18856,Female,IT,97,87,63,7.29,0,3.5,0,Not At Risk
S18858,Male,Computer,85,57,77,8.11,0,6.1,0,Not At Risk
S18859,Male,Computer,79,57,55,8.55,0,3.9,0,Not At Risk
S18866,Male,AI,84,69,83,8.96,0,6.3,0,Not At Risk
S18874,Male,Computer,97,85,60,9.86,0,5.0,0,Not At Risk
S18875,Female,Computer,68,87,55,7.16,0,6.7,0,Not At Risk
S18880,Male,Computer,86,83,83,7.43,0,7.3,0,Not At Risk
S18883,Female,IT,72,56,72,8.38,0,7.4,0,Not At Risk
S18886,Female,IT,100,92,56,8.99,0,3.6,0,Not At Risk
S18892,Female,IT,51,50,36,4.99,2,1.1,1,At Risk
S18895,Female,Computer,83,66,67,7.87,0,4.1,0,Not At Risk
S18903,Female,AI,80,64,75,7.06,0,7.4,0,Not At Risk
S18906,Male,AI,93,85,95,6.65,0,4.6,0,Not At Risk
S18916,Male,AI,77,63,65,8.27,0,3.2,0,Not At Risk
S18917,Male,IT,54,64,60,5.33,3,2.5,1,At Risk
S18920,Male,AI,83,55,93,9.72,0,3.9,0,Not At Risk
S18925,Female,Computer,99,95,93,7.23,0,4.7,0,Not At Risk
S18926,Female,AI,77,87,89,7.87,0,6.5,0,Not At Risk
S18937,Male,Computer,85,72,60,8.4,0,5.4,0,Not At Risk
S18941,Female,AI,80,74,79,6.53,0,3.6,0,Not At Risk
S18954,Male,AI,71,97,55,7.02,0,7.1,0,Not At Risk
S18959,Female,IT,89,64,98,9.97,0,5.6,0,Not At Risk
S18962,Male,IT,91,91,83,6.97,0,4.5,0,Not At Risk
S18966,Male,IT,85,66,80,9.5,0,3.4,0,Not At Risk
S18973,Male,AI,80,72,61,6.63,0,4.8,0,Not At Risk
S18976,Male,AI,74,83,79,8.07,0,4.4,0,Not At Risk
S18982,Female,Computer,99,74,95,9.66,0,3.1,0,Not At Risk
S18987,Female,IT,85,58,98,7.18,1,3.2,0,Not At Risk
S18991,Female,IT,46,45,57,4.89,3,3.8,1,At Risk
S18992,Male,Computer,72,89,81,9.46,1,5.6,0,Not At Risk
S18993,Male,Computer,84,98,94,7.65,0,6.7,0,Not At Risk
S18995,Male,AI,59,48,56,5.07,2,2.1,1,At Risk
S19002,Female,Computer,81,92,59,6.65,0,5.4,0,Not At Risk
S19006,Female,AI,85,73,86,9.6,1,5.2,0,Not At Risk
S19012,Female,IT,54,53,50,5.3,2,1.0,1,At Risk
S19033,Female,IT,93,64,78,8.34,1,5.0,0,Not At Risk
S19036,Male,AI,94,77,59,7.13,0,7.7,0,Not At Risk
S19037,Male,Computer,74,72,56,6.91,1,7.3,0,Not At Risk
S19038,Female,IT,87,69,76,7.3,0,7.2,0,Not At Risk
S19041,Male,AI,95,67,55,7.97,0,3.2,0,Not At Risk
S19044,Male,Computer,46,38,70,5.81,2,1.4,1,At Risk
S19048,Female,IT,68,59,63,9.01,0,3.9,0,Not At Risk
S19054,Male,IT,46,40,65,5.7,2,3.8,1,At Risk
S19058,Female,IT,93,70,57,7.63,0,5.2,0,Not At Risk
S19062,Male,Computer,87,65,74,8.83,0,7.7,0,Not At Risk
S19063,Female,AI,65,57,58,8.68,0,3.1,0,Not At Risk
S19067,Male,Computer,87,68,67,7.57,0,5.3,0,Not At Risk
S19069,Male,IT,93,88,97,8.16,1,7.1,0,Not At Risk
S19072,Female,IT,87,68,83,8.63,1,3.5,0,Not At Risk
S19076,Female,AI,45,39,66,5.42,1,2.1,1,At Risk
S19078,Female,Computer,95,82,70,9.65,0,7.5,0,Not At Risk
S19081,Male,IT,84,75,71,8.77,0,4.1,0,Not At Risk
S19082,Female,IT,57,57,51,6.46,3,1.6,1,At Risk
S19090,Male,Computer,57,51,41,5.29,3,4.0,1,At Risk
S19092,Male,Computer,87,83,81,8.94,0,4.8,0,Not At Risk
S19102,Female,IT,76,97,68,8.67,0,3.6,0,Not At Risk
S19110,Male,Computer,64,43,60,6.76,2,1.6,1,At Risk
S19116,Female,IT,70,88,85,9.91,0,7.4,0,Not At Risk
S19124,Male,Computer,94,57,98,9.14,1,3.7,0,Not At Risk
S19130,Male,IT,82,60,71,6.55,0,3.2,0,Not At Risk
S19131,Male,AI,92,76,79,9.42,1,3.0,0,Not At Risk
S19135,Male,AI,55,41,53,5.64,2,2.7,1,At Risk
S19143,Male,IT,62,52,45,5.5,3,2.0,1,At Risk
S19146,Male,IT,90,77,75,7.41,0,4.4,0,Not At Risk
S19147,Female,IT,80,63,61,9.69,0,3.5,0,Not At Risk
S19149,Female,AI,96,82,77,7.85,0,6.3,0,Not At Risk
S19151,Female,IT,93,93,69,8.78,0,5.6,0,Not At Risk
S19158,Female,AI,100,91,76,8.32,0,3.8,0,Not At Risk
S19164,Male,IT,82,74,71,6.61,0,4.6,0,Not At Risk
S19171,Female,AI,98,78,64,8.47,0,3.0,0,Not At Risk
S19177,Female,Computer,96,63,72,7.43,0,5.0,0,Not At Risk
S19180,Male,AI,71,67,71,7.15,0,4.2,0,Not At Risk
S19192,Female,AI,86,60,55,9.06,0,3.6,0,Not At Risk
S19199,Male,AI,87,92,66,9.5,1,5.3,0,Not At Risk
S19207,Female,Computer,62,45,49,5.28,3,3.2,1,At Risk
S19208,Male,Computer,72,82,78,7.59,1,3.3,0,Not At Risk
S19215,Female,IT,91,86,58,9.42,1,7.0,0,Not At Risk
S19218,Female,IT,76,100,89,7.78,1,5.0,0,Not At Risk
S19227,Female,IT,78,90,94,7.44,1,4.1,0,Not At Risk
S19237,Female,IT,50,43,51,6.65,1,3.6,1,At Risk
S19239,Female,IT,86,83,55,9.76,0,6.5,0,Not At Risk
S19241,Male,AI,61,45,61,5.95,1,3.9,1,At Risk
S19242,Male,IT,72,67,88,9.49,1,7.0,0,Not At Risk
S19253,Female,Computer,85,67,55,9.07,0,4.7,0,Not At Risk
S19258,Male,AI,86,58,62,7.07,0,4.5,0,Not At Risk
S19259,Female,Computer,75,80,69,7.52,0,3.2,0,Not At Risk
S19260,Male,AI,53,39,64,6.38,2,1.4,1,At Risk
S19262,Female,Computer,78,62,74,9.68,0,4.6,0,Not At Risk
S19265,Male,AI,100,77,71,7.48,1,3.5,0,Not At Risk
S19279,Female,IT,71,87,58,9.11,0,4.2,0,Not At Risk
S19280,Male,Computer,90,76,99,9.39,0,8.0,0,Not At Risk
S19294,Female,IT,86,61,85,7.08,0,3.4,0,Not At Risk
S19302,Male,Computer,96,69,71,9.46,0,3.8,0,Not At Risk
S19304,Female,Computer,94,87,77,7.1,0,3.3,0,Not At Risk
S19305,Male,Computer,81,65,90,9.96,0,4.8,0,Not At Risk
S19311,Male,AI,92,78,87,7.73,0,4.4,0,Not At Risk
S19319,Female,IT,70,78,79,8.2,1,6.4,0,Not At Risk
S19323,Male,AI,76,98,67,7.21,0,6.0,0,Not At Risk
S19324,Male,IT,45,40,38,5.34,1,2.2,1,At Risk
S19332,Female,IT,71,56,97,8.52,0,3.8,0,Not At Risk
S19340,Male,AI,85,98,79,6.8,0,5.3,0,Not At Risk
S19344,Male,Computer,85,78,73,7.79,0,5.3,0,Not At Risk
S19355,Male,IT,64,53,69,5.91,2,2.1,1,At Risk
S19358,Female,AI,80,96,82,8.98,1,5.8,0,Not At Risk
S19371,Female,Computer,72,56,67,7.9,0,5.8,0,Not At Risk
S19376,Male,Computer,65,63,64,9.92,0,6.2,0,Not At Risk
S19387,Female,IT,84,56,59,9.94,0,7.4,0,Not At Risk
S19392,Female,IT,65,98,75,7.93,1,6.5,0,Not At Risk
S19400,Male,Computer,60,57,54,4.9,3,2.0,1,At Risk
S19404,Male,IT,49,47,66,4.87,1,3.2,1,At Risk
S19405,Female,Computer,98,97,86,7.13,0,5.0,0,Not At Risk
S19406,Male,IT,87,75,86,6.96,0,3.5,0,Not At Risk
S19414,Male,IT,69,37,48,5.3,1,2.0,1,At Risk
S19418,Male,AI,76,77,58,7.09,1,5.0,0,Not At Risk
S19428,Male,IT,66,49,58,6.69,2,1.1,1,At Risk
S19431,Male,IT,94,100,100,9.94,1,4.5,0,Not At Risk
S19433,Male,IT,70,69,77,8.4,0,4.0,0,Not At Risk
S19437,Male,Computer,85,88,62,9.97,0,6.5,0,Not At Risk
S19444,Female,IT,60,49,62,5.87,2,1.3,1,At Risk
S19454,Male,AI,66,74,91,9.52,0,6.4,0,Not At Risk
S19470,Female,IT,70,56,93,9.79,0,6.9,0,Not At Risk
S19471,Male,Computer,83,98,69,9.69,0,5.2,0,Not At Risk
S19480,Male,IT,64,40,57,5.18,3,1.6,1,At Risk
S19481,Female,Computer,48,61,39,5.8,2,2.2,1,At Risk
S19482,Female,Computer,67,63,46,6.54,3,2.6,1,At Risk
S19487,Female,IT,81,73,82,8.41,1,3.9,0,Not At Risk
S19489,Female,AI,99,62,93,9.83,0,5.3,0,Not At Risk
S19490,Female,IT,95,91,72,7.56,0,3.0,0,Not At Risk
S19492,Female,Computer,85,93,64,7.43,0,6.6,0,Not At Risk
S19497,Female,Computer,66,56,84,6.8,0,7.5,0,Not At Risk
S19498,Male,Computer,90,63,60,9.09,1,6.4,0,Not At Risk
S19505,Female,AI,68,48,60,5.78,3,3.9,1,At Risk
S19511,Female,IT,87,70,56,9.26,0,7.9,0,Not At Risk
S19512,Female,IT,77,64,76,6.92,0,5.1,0,Not At Risk
S19514,Female,AI,86,55,99,9.5,0,6.6,0,Not At Risk
S19516,Female,AI,77,94,65,9.75,0,7.1,0,Not At Risk
S19517,Male,IT,100,86,76,9.76,0,4.7,0,Not At Risk
S19527,Female,AI,94,90,67,6.77,0,4.9,0,Not At Risk
S19530,Female,IT,76,57,61,9.59,0,4.1,0,Not At Risk
S19531,Female,AI,79,61,94,9.65,0,7.7,0,Not At Risk
S19532,Female,Computer,97,79,73,7.87,1,5.2,0,Not At Risk
S19533,Male,IT,98,76,69,7.77,0,3.7,0,Not At Risk
S19535,Male,AI,47,62,47,4.81,1,3.5,1,At Risk
S19537,Male,IT,84,100,93,7.98,0,3.1,0,Not At Risk
S19542,Female,IT,67,50,38,5.63,3,3.2,1,At Risk
S19545,Female,AI,91,58,85,8.47,0,6.9,0,Not At Risk
S19553,Female,IT,98,71,80,7.24,0,4.8,0,Not At Risk
S19558,Male,AI,83,62,68,9.8,0,5.0,0,Not At Risk
S19567,Female,IT,53,46,59,6.12,3,3.3,1,At Risk
S19569,Female,IT,73,63,78,8.89,0,7.2,0,Not At Risk
S19571,Male,IT,97,94,72,9.75,0,6.2,0,Not At Risk
S19572,Male,Computer,93,97,58,9.33,1,6.9,0,Not At Risk
S19585,Female,AI,67,72,65,9.41,0,3.9,0,Not At Risk
S19592,Male,AI,92,98,72,6.57,1,3.8,0,Not At Risk
S19595,Male,IT,71,66,89,8.62,1,4.2,0,Not At Risk
S19596,Female,Computer,84,86,88,8.08,0,3.8,0,Not At Risk
S19598,Male,IT,99,73,95,8.67,0,6.2,0,Not At Risk
S19601,Male,AI,75,61,81,9.82,1,6.6,0,Not At Risk
S19606,Female,IT,74,89,90,9.86,0,8.0,0,Not At Risk
S19608,Female,IT,91,88,63,9.42,0,5.6,0,Not At Risk
S19612,Male,Computer,89,71,70,9.42,0,5.7,0,Not At Risk
S19614,Female,IT,91,80,70,8.3,0,5.2,0,Not At Risk
S19615,Male,Computer,52,36,48,5.88,2,3.5,1,At Risk
S19621,Male,Computer,95,91,71,8.06,0,7.5,0,Not At Risk
S19622,Male,AI,67,71,67,9.74,1,3.8,0,Not At Risk
S19625,Male,AI,92,80,93,7.76,0,6.5,0,Not At Risk
S19631,Female,AI,47,43,35,6.74,2,3.4,1,At Risk
S19635,Male,Computer,65,85,74,6.56,1,4.3,0,Not At Risk
S19643,Female,AI,99,60,92,9.73,0,4.9,0,Not At Risk
S19651,Male,Computer,48,37,47,5.25,3,1.4,1,At Risk
S19653,Female,AI,100,85,63,7.59,0,4.0,0,Not At Risk
S19654,Female,AI,67,91,80,6.71,0,5.8,0,Not At Risk
S19664,Male,Computer,80,87,58,8.88,1,6.3,0,Not At Risk
S19666,Female,AI,81,81,79,6.67,0,5.8,0,Not At Risk
S19677,Female,AI,81,79,69,6.82,0,3.5,0,Not At Risk
S19685,Female,Computer,99,79,84,8.13,0,7.7,0,Not At Risk
S19690,Male,Computer,85,61,66,9.7,0,3.0,0,Not At Risk
S19694,Male,Computer,70,55,87,7.91,0,5.6,0,Not At Risk
S19698,Male,AI,68,92,58,6.62,0,6.5,0,Not At Risk
S19700,Male,IT,71,71,78,9.52,1,7.6,0,Not At Risk
S19709,Male,IT,89,98,68,9.61,0,5.2,0,Not At Risk
S19718,Female,Computer,79,67,82,8.77,0,4.9,0,Not At Risk
S19726,Female,AI,74,70,61,7.07,0,4.6,0,Not At Risk
S19731,Male,AI,70,63,36,5.8,3,2.7,1,At Risk
S19734,Female,IT,88,71,55,8.97,0,5.2,0,Not At Risk
S19737,Male,AI,67,69,59,9.29,1,6.1,0,Not At Risk
S19749,Male,AI,66,79,92,7.44,0,6.8,0,Not At Risk
S19753,Male,Computer,77,55,82,7.76,1,3.0,0,Not At Risk
S19754,Female,IT,99,65,88,9.17,0,3.2,0,Not At Risk
S19756,Female,AI,73,64,100,7.99,0,3.8,0,Not At Risk
S19757,Male,IT,99,80,80,7.93,0,4.4,0,Not At Risk
S19768,Male,IT,65,38,36,6.17,2,1.9,1,At Risk
S19786,Female,AI,58,60,70,5.32,1,2.2,1,At Risk
S19795,Male,Computer,65,77,81,6.69,1,6.9,0,Not At Risk
S19799,Female,IT,69,38,68,5.25,3,3.2,1,At Risk
S19803,Male,AI,72,87,68,9.7,0,6.0,0,Not At Risk
S19805,Female,Computer,90,70,65,8.39,0,4.6,0,Not At Risk
S19814,Male,IT,61,36,46,6.45,2,1.0,1,At Risk
S19817,Female,Computer,100,88,67,8.42,0,6.3,0,Not At Risk
S19821,Male,Computer,71,99,90,6.96,0,7.0,0,Not At Risk
S19822,Female,AI,96,87,72,8.05,0,3.4,0,Not At Risk
S19824,Male,Computer,79,99,69,6.84,0,7.8,0,Not At Risk
S19830,Female,AI,99,95,74,7.18,0,7.9,0,Not At Risk
S19832,Female,AI,59,41,37,6.63,2,2.2,1,At Risk
S19834,Female,Computer,75,67,89,8.09,0,5.5,0,Not At Risk
S19835,Female,AI,66,62,81,8.1,0,7.6,0,Not At Risk
S19838,Male,IT,85,76,75,7.82,1,4.4,0,Not At Risk
S19839,Male,AI,87,87,96,7.53,0,3.2,0,Not At Risk
S19844,Female,Computer,85,64,92,8.05,0,4.7,0,Not At Risk
S19851,Male,AI,68,70,69,7.91,0,7.9,0,Not At Risk
S19852,Female,IT,74,69,70,6.62,0,5.5,0,Not At Risk
S19854,Female,IT,79,81,91,7.91,0,7.2,0,Not At Risk
S19859,Female,Computer,86,92,85,7.76,0,7.0,0,Not At Risk
S19862,Female,IT,45,38,58,6.58,2,1.0,1,At Risk
S19866,Male,Computer,71,62,75,9.15,1,4.2,0,Not At Risk
S19867,Female,Computer,70,56,94,9.17,0,5.3,0,Not At Risk
S19871,Female,Computer,77,58,87,7.68,0,7.2,0,Not At Risk
S19873,Male,AI,51,53,64,5.33,1,1.9,1,At Risk
S19876,Female,Computer,55,52,65,5.32,3,3.9,1,At Risk
S19879,Female,IT,74,93,62,9.37,0,3.4,0,Not At Risk
S19889,Female,AI,80,55,81,7.86,0,5.3,0,Not At Risk
S19903,Male,IT,86,83,95,8.27,0,8.0,0,Not At Risk
S19905,Female,Computer,65,50,58,6.35,2,3.7,1,At Risk
S19907,Male,IT,67,95,72,8.12,1,4.5,0,Not At Risk
S19921,Male,Computer,91,61,97,9.5,0,7.7,0,Not At Risk
S19927,Female,Computer,47,61,63,5.31,3,1.5,1,At Risk
S19941,Male,IT,80,66,72,8.02,0,3.9,0,Not At Risk
S19948,Female,Computer,66,38,42,6.22,2,3.9,1,At Risk
S19950,Male,Computer,86,57,58,6.75,0,7.6,0,Not At Risk
S19952,Female,AI,88,80,70,9.56,1,4.9,0,Not At Risk
S19955,Male,AI,65,55,63,7.21,0,5.1,0,Not At Risk
S19958,Male,IT,78,89,86,9.45,0,5.7,0,Not At Risk
S19966,Male,AI,68,65,96,9.87,1,5.8,0,Not At Risk
S19969,Male,Computer,71,78,92,9.75,0,4.4,0,Not At Risk
S19971,Male,AI,92,86,57,8.55,1,8.0,0,Not At Risk
S19974,Male,Computer,95,70,92,9.84,0,6.0,0,Not At Risk
S19979,Male,AI,77,76,95,9.66,0,5.7,0,Not At Risk
S19981,Female,Computer,73,72,97,9.4,0,5.9,0,Not At Risk
S19986,Male,IT,59,56,53,6.44,2,3.1,1,At Risk
S19999,Female,IT,67,95,63,8.88,1,3.3,0,Not At Risk
S20000,Male,AI,90,68,94,7.67,0,7.1,0,Not At Risk
S20014,Female,IT,74,76,100,8.3,0,6.6,0,Not At Risk
S20022,Male,IT,76,67,77,9.6,1,7.3,0,Not At Risk
S20041,Male,AI,99,68,96,9.42,0,4.6,0,Not At Risk
S20042,Male,IT,94,55,64,7.68,0,4.5,0,Not At Risk
S20052,Female,AI,75,90,89,8.54,0,4.2,0,Not At Risk
S20058,Female,AI,50,61,46,5.5,2,3.8,1,At Risk
S20059,Female,Computer,78,96,93,9.18,1,3.1,0,Not At Risk
S20069,Male,AI,72,68,100,6.54,0,7.4,0,Not At Risk
S20074,Male,IT,74,60,88,7.59,0,4.1,0,Not At Risk
S20077,Female,AI,80,82,78,7.44,1,5.4,0,Not At Risk
S20081,Male,IT,84,76,87,7.68,0,6.1,0,Not At Risk
S20082,Female,Computer,80,76,100,9.43,1,3.7,0,Not At Risk
S20085,Female,IT,65,92,60,8.92,0,6.0,0,Not At Risk
S20097,Male,Computer,88,78,64,7.41,1,7.8,0,Not At Risk
S20098,Male,Computer,89,84,63,8.15,0,4.4,0,Not At Risk
S20104,Female,Computer,49,43,54,5.79,3,3.5,1,At Risk
S20105,Male,IT,62,40,68,5.47,3,1.1,1,At Risk
S20106,Male,IT,80,59,100,9.48,0,3.5,0,Not At Risk
S20108,Female,AI,69,35,70,6.7,1,2.4,1,At Risk
S20112,Female,AI,100,63,66,8.25,0,6.9,0,Not At Risk
S20115,Female,AI,81,62,69,7.31,0,4.0,0,Not At Risk
S20122,Female,AI,72,99,67,8.1,0,7.8,0,Not At Risk
S20123,Female,AI,69,57,64,7.78,0,7.1,0,Not At Risk
S20135,Male,Computer,89,66,74,9.0,1,6.0,0,Not At Risk
S20138,Male,AI,75,89,77,6.79,0,5.9,0,Not At Risk
S20142,Male,IT,93,56,87,8.63,1,3.2,0,Not At Risk
S20144,Female,Computer,74,99,60,8.24,0,5.5,0,Not At Risk
S20154,Male,AI,88,60,92,8.16,0,3.1,0,Not At Risk
S20156,Male,Computer,78,89,66,8.51,0,4.7,0,Not At Risk
S20161,Female,IT,83,91,76,7.92,1,6.6,0,Not At Risk
S20162,Female,IT,77,64,56,7.75,1,3.8,0,Not At Risk
S20163,Female,Computer,92,67,87,8.69,1,3.9,0,Not At Risk
S20168,Female,Computer,74,83,61,6.91,0,4.6,0,Not At Risk
S20169,Male,IT,73,89,77,8.07,0,4.3,0,Not At Risk
S20171,Female,Computer,73,66,74,7.63,0,4.1,0,Not At Risk
S20172,Male,IT,98,61,82,6.63,0,6.8,0,Not At Risk
S20174,Male,Computer,86,76,60,7.12,1,4.2,0,Not At Risk
S20182,Female,Computer,95,82,69,9.23,0,4.6,0,Not At Risk
S20190,Male,AI,69,71,88,8.2,0,4.6,0,Not At Risk
S20191,Female,AI,100,57,94,9.84,1,7.7,0,Not At Risk
S20196,Male,AI,48,60,66,5.64,1,2.5,1,At Risk
S20198,Male,AI,73,100,69,8.93,0,5.3,0,Not At Risk
S20200,Female,AI,54,63,36,6.4,3,3.4,1,At Risk
S20208,Female,Computer,86,92,56,7.9,1,7.2,0,Not At Risk
S20217,Male,Computer,69,84,100,8.21,1,4.1,0,Not At Risk
S20228,Male,Computer,70,60,63,7.99,1,4.5,0,Not At Risk
S20231,Male,AI,97,63,58,9.37,0,5.9,0,Not At Risk
S20232,Female,Computer,52,61,40,5.9,2,3.7,1,At Risk
S20233,Male,AI,85,75,94,7.15,0,5.7,0,Not At Risk
S20239,Male,IT,68,59,98,8.61,0,4.4,0,Not At Risk
S20243,Male,IT,93,78,89,9.06,1,3.5,0,Not At Risk
S20246,Female,IT,67,48,56,6.16,3,2.4,1,At Risk
S20249,Male,Computer,79,59,63,8.52,0,6.0,0,Not At Risk
S20254,Female,IT,91,78,86,8.36,0,6.6,0,Not At Risk
S20262,Male,AI,99,77,89,9.89,0,7.9,0,Not At Risk
S20267,Female,AI,93,75,64,7.53,0,3.2,0,Not At Risk
S20272,Female,Computer,77,71,64,9.41,0,4.7,0,Not At Risk
S20276,Female,IT,80,96,86,7.15,0,4.2,0,Not At Risk
S20282,Female,IT,93,62,75,9.76,0,5.4,0,Not At Risk
S20283,Female,Computer,83,83,61,9.71,0,8.0,0,Not At Risk
S20285,Male,IT,84,69,97,7.99,0,3.1,0,Not At Risk
S20288,Male,AI,71,98,63,7.06,0,3.1,0,Not At Risk
S20290,Male,IT,66,60,86,7.12,0,6.0,0,Not At Risk
S20291,Male,AI,93,63,94,7.75,1,5.0,0,Not At Risk
S20292,Male,AI,94,91,62,7.8,0,3.7,0,Not At Risk
S20299,Male,AI,46,45,66,5.26,3,3.8,1,At Risk
S20308,Male,AI,91,91,72,8.65,1,3.0,0,Not At Risk
S20309,Male,AI,96,96,93,6.79,0,7.8,0,Not At Risk
S20311,Female,AI,88,66,86,8.45,0,7.1,0,Not At Risk
S20313,Female,IT,65,97,76,6.68,0,7.1,0,Not At Risk
S20317,Male,IT,98,58,88,7.29,0,7.8,0,Not At Risk
S20328,Female,AI,92,57,96,9.65,1,4.0,0,Not At Risk
S20336,Female,AI,68,54,39,5.44,2,3.1,1,At Risk
S20343,Male,AI,75,93,69,8.4,1,5.5,0,Not At Risk
S20347,Female,Computer,63,57,62,4.86,1,3.3,1,At Risk
S20351,Female,IT,98,88,92,8.55,1,3.1,0,Not At Risk
S20360,Male,AI,79,57,58,9.82,1,4.1,0,Not At Risk
S20362,Female,Computer,91,63,62,7.09,0,3.6,0,Not At Risk
S20371,Male,AI,74,67,91,9.32,0,7.0,0,Not At Risk
S20374,Female,Computer,57,60,54,5.3,1,2.5,1,At Risk
S20375,Male,Computer,71,90,88,9.79,0,4.7,0,Not At Risk
S20376,Male,AI,68,71,97,7.76,0,4.5,0,Not At Risk
S20380,Female,Computer,48,50,64,6.63,2,3.9,1,At Risk
S20385,Female,Computer,74,95,85,9.19,0,7.7,0,Not At Risk
S20401,Female,IT,60,35,50,6.1,3,1.8,1,At Risk
S20409,Male,AI,74,74,64,9.0,0,5.7,0,Not At Risk
S20411,Male,Computer,78,93,58,7.97,0,4.0,0,Not At Risk
S20416,Female,AI,72,91,97,7.56,0,6.7,0,Not At Risk
S20422,Male,Computer,83,87,71,7.43,0,7.8,0,Not At Risk
S20432,Male,Computer,74,94,97,8.08,0,7.8,0,Not At Risk
S20436,Male,Computer,83,84,86,9.74,0,3.5,0,Not At Risk
S20441,Male,Computer,65,79,82,6.64,0,4.8,0,Not At Risk
S20443,Female,IT,64,42,50,4.92,1,3.7,1,At Risk
S20446,Female,AI,68,74,69,8.06,0,5.4,0,Not At Risk
S20451,Female,AI,72,66,90,8.49,0,6.5,0,Not At Risk
S20454,Female,Computer,88,62,93,8.04,1,5.8,0,Not At Risk
S20466,Male,AI,75,87,68,6.97,0,5.3,0,Not At Risk
S20467,Male,IT,45,46,48,6.02,1,1.2,1,At Risk
S20469,Female,AI,92,57,91,9.77,1,3.1,0,Not At Risk
S20473,Male,IT,47,54,54,6.78,3,3.3,1,At Risk
S20474,Female,IT,74,64,80,9.25,1,6.6,0,Not At Risk
S20476,Female,AI,78,82,55,8.53,0,3.7,0,Not At Risk
S20477,Male,Computer,99,80,74,9.53,0,7.5,0,Not At Risk
S20485,Female,IT,88,94,63,9.79,0,3.7,0,Not At Risk
S20486,Male,Computer,91,93,56,9.15,1,4.3,0,Not At Risk
S20493,Male,AI,89,97,59,7.22,0,5.8,0,Not At Risk
S20509,Female,IT,66,71,68,7.36,0,4.5,0,Not At Risk
S20517,Female,Computer,79,75,58,9.18,0,4.3,0,Not At Risk
S20524,Male,IT,85,95,82,7.39,0,4.9,0,Not At Risk
S20529,Female,AI,69,67,74,7.21,1,5.7,0,Not At Risk
S20532,Female,Computer,81,74,58,7.47,1,6.6,0,Not At Risk
S20535,Female,AI,73,65,69,7.55,1,6.0,0,Not At Risk
S20544,Female,Computer,78,56,87,6.82,1,6.1,0,Not At Risk
S20559,Female,Computer,88,88,85,8.06,0,3.5,0,Not At Risk
S20565,Male,IT,67,65,78,7.0,0,5.5,0,Not At Risk
S20566,Female,AI,50,37,41,6.8,3,1.7,1,At Risk
S20570,Male,AI,53,38,44,5.68,1,1.0,1,At Risk
S20575,Male,AI,93,99,97,6.61,0,3.2,0,Not At Risk
S20576,Male,IT,66,72,56,9.63,1,3.1,0,Not At Risk
S20583,Male,AI,86,83,55,6.67,1,4.2,0,Not At Risk
S20588,Male,Computer,72,65,82,8.14,0,5.1,0,Not At Risk
S20592,Male,IT,81,84,70,8.1,1,5.1,0,Not At Risk
S20594,Female,IT,84,76,95,9.14,1,6.1,0,Not At Risk
S20605,Female,Computer,92,86,68,7.73,0,6.0,0,Not At Risk
S20610,Male,Computer,69,88,70,9.86,0,5.4,0,Not At Risk
S20611,Female,IT,77,95,92,6.74,0,7.4,0,Not At Risk
S20620,Female,AI,55,38,50,6.49,3,2.5,1,At Risk
S20624,Female,AI,93,95,76,8.83,0,5.0,0,Not At Risk
S20627,Male,Computer,75,91,92,8.13,0,7.2,0,Not At Risk
S20632,Female,AI,51,37,35,6.28,3,4.0,1,At Risk
S20638,Male,IT,94,99,82,9.8,0,5.4,0,Not At Risk
S20639,Male,Computer,56,61,65,5.63,2,3.4,1,At Risk
S20643,Female,IT,72,88,94,6.97,1,3.9,0,Not At Risk
S20650,Male,AI,88,75,68,9.89,0,3.4,0,Not At Risk
S20652,Female,IT,97,78,84,7.55,1,6.8,0,Not At Risk
S20662,Female,IT,81,66,91,9.3,0,3.1,0,Not At Risk
S20668,Male,Computer,54,64,39,5.2,3,2.3,1,At Risk
S20670,Male,AI,86,65,95,6.77,0,5.0,0,Not At Risk
S20672,Male,IT,89,59,73,7.03,0,4.6,0,Not At Risk
S20681,Male,IT,74,71,57,8.79,1,7.5,0,Not At Risk
S20690,Female,Computer,74,67,75,8.77,0,5.3,0,Not At Risk
S20691,Female,Computer,82,87,85,8.79,0,3.8,0,Not At Risk
S20695,Female,Computer,71,70,99,6.96,0,7.4,0,Not At Risk
S20699,Female,Computer,73,94,64,9.26,1,7.3,0,Not At Risk
S20706,Female,IT,100,80,68,7.18,1,3.3,0,Not At Risk
S20710,Female,Computer,78,96,77,9.46,0,4.6,0,Not At Risk
S20715,Male,AI,82,58,99,7.41,0,7.7,0,Not At Risk
S20730,Female,AI,79,82,73,8.0,1,6.3,0,Not At Risk
S20733,Female,IT,69,58,62,6.9,0,4.9,0,Not At Risk
S20744,Male,Computer,71,88,88,6.89,0,7.6,0,Not At Risk
S20747,Male,AI,61,62,41,6.44,2,2.5,1,At Risk
S20749,Female,IT,91,100,87,9.85,1,4.9,0,Not At Risk
S20754,Female,Computer,94,69,71,9.11,0,6.9,0,Not At Risk
S20755,Female,AI,95,64,61,9.17,0,6.3,0,Not At Risk
S20758,Female,Computer,79,79,65,9.17,0,7.4,0,Not At Risk
S20759,Male,IT,57,36,63,6.64,2,2.6,1,At Risk
S20761,Male,IT,66,100,81,9.69,0,4.9,0,Not At Risk
S20766,Female,Computer,86,69,64,7.88,0,7.1,0,Not At Risk
S20768,Male,AI,89,82,99,9.8,0,3.6,0,Not At Risk
S20771,Female,IT,92,70,80,6.71,0,7.8,0,Not At Risk
S20777,Female,IT,86,90,94,9.73,1,3.6,0,Not At Risk
S20780,Male,AI,67,68,72,8.87,1,4.1,0,Not At Risk
S20784,Male,IT,68,62,60,5.75,2,3.8,1,At Risk
S20787,Female,IT,46,44,36,5.34,1,3.5,1,At Risk
S20794,Male,Computer,77,75,58,8.02,0,7.6,0,Not At Risk
S20803,Male,AI,89,59,57,9.61,0,5.6,0,Not At Risk
S20804,Male,Computer,61,62,54,6.45,1,3.7,1,At Risk
S20805,Male,IT,58,40,56,6.02,1,3.2,1,At Risk
S20812,Female,Computer,48,35,50,5.36,1,2.5,1,At Risk
S20813,Male,Computer,51,50,39,6.19,3,3.3,1,At Risk
S20829,Female,IT,81,77,71,8.86,0,6.0,0,Not At Risk
S20830,Female,AI,70,50,42,5.69,2,2.6,1,At Risk
S20831,Male,AI,89,74,58,7.24,0,5.3,0,Not At Risk
S20850,Male,Computer,96,89,76,8.71,0,5.0,0,Not At Risk
S20851,Female,Computer,83,61,76,8.85,0,4.8,0,Not At Risk
S20853,Female,Computer,68,44,48,5.91,3,2.0,1,At Risk
S20867,Female,IT,66,88,72,9.08,1,7.6,0,Not At Risk
S20869,Male,AI,83,82,58,9.56,0,7.3,0,Not At Risk
S20872,Male,AI,76,95,56,6.6,0,7.8,0,Not At Risk
S20878,Male,AI,100,94,83,7.08,0,7.7,0,Not At Risk
S20879,Female,IT,55,42,69,5.45,2,2.3,1,At Risk
S20887,Female,IT,65,81,66,8.67,0,7.8,0,Not At Risk
S20895,Male,Computer,71,98,88,9.57,1,7.4,0,Not At Risk
S20899,Male,AI,97,84,59,8.31,0,4.2,0,Not At Risk
S20911,Female,AI,98,94,88,6.66,0,6.1,0,Not At Risk
S20915,Female,Computer,96,86,67,7.48,0,4.8,0,Not At Risk
S20917,Female,IT,81,59,58,7.16,0,5.5,0,Not At Risk
S20918,Female,IT,83,94,56,7.81,0,5.7,0,Not At Risk
S20925,Male,Computer,58,50,59,6.67,1,1.0,1,At Risk
S20926,Male,IT,90,88,71,9.84,0,5.3,0,Not At Risk
S20936,Male,AI,94,86,97,8.69,0,7.1,0,Not At Risk
S20939,Female,IT,70,82,71,8.64,0,7.2,0,Not At Risk
S20948,Male,Computer,85,74,93,7.77,1,5.9,0,Not At Risk
S20956,Female,Computer,89,75,92,9.09,1,5.6,0,Not At Risk
S20967,Female,AI,94,86,94,9.03,0,5.0,0,Not At Risk
S20968,Male,AI,77,100,88,9.86,1,6.0,0,Not At Risk
S20975,Male,Computer,76,69,79,9.55,0,3.6,0,Not At Risk
S20986,Male,Computer,60,58,54,6.09,1,1.6,1,At Risk
S20991,Male,IT,85,100,73,8.06,0,4.9,0,Not At Risk
S20997,Male,IT,67,79,67,8.08,0,4.5,0,Not At Risk
S21000,Male,AI,96,79,67,6.85,1,7.9,0,Not At Risk
S21002,Male,AI,69,62,69,5.21,2,3.5,1,At Risk
S21006,Male,AI,54,42,35,5.61,3,2.8,1,At Risk
S21007,Male,AI,73,57,73,8.41,0,6.4,0,Not At Risk
S21027,Female,AI,69,90,71,7.09,0,5.4,0,Not At Risk
S21036,Male,Computer,71,98,82,8.24,0,7.0,0,Not At Risk
S21038,Male,Computer,94,98,79,7.3,0,7.7,0,Not At Risk
S21043,Female,Computer,72,74,96,7.95,0,7.7,0,Not At Risk
S21044,Male,Computer,66,66,67,8.42,0,4.3,0,Not At Risk
S21046,Female,AI,68,79,97,9.38,0,4.4,0,Not At Risk
S21049,Male,IT,48,39,37,5.01,1,3.3,1,At Risk
S21054,Female,Computer,69,36,48,4.87,2,3.0,1,At Risk
S21055,Male,IT,81,89,77,8.01,0,5.8,0,Not At Risk
S21067,Female,AI,89,86,100,9.78,0,6.0,0,Not At Risk
S21068,Female,IT,86,55,65,6.87,0,7.0,0,Not At Risk
S21069,Male,IT,97,95,64,6.76,1,7.1,0,Not At Risk
S21078,Female,AI,82,58,55,7.07,0,6.9,0,Not At Risk
S21081,Male,IT,100,68,79,9.23,1,4.8,0,Not At Risk
S21088,Female,AI,92,90,76,8.2,1,4.8,0,Not At Risk
S21099,Male,Computer,68,43,47,5.47,3,3.7,1,At Risk
S21102,Male,AI,94,67,90,8.7,0,5.8,0,Not At Risk
S21103,Female,IT,69,67,90,9.28,0,6.3,0,Not At Risk
S21105,Female,AI,65,67,83,6.67,1,3.2,0,At Risk
S21107,Male,AI,80,84,97,7.24,1,6.5,0,Not At Risk
S21120,Female,Computer,92,73,89,6.85,1,5.2,0,Not At Risk
S21126,Female,IT,65,35,54,5.95,2,1.9,1,At Risk
S21137,Male,IT,76,75,55,6.84,1,6.6,0,Not At Risk
S21141,Female,AI,62,52,64,5.72,3,1.8,1,At Risk
S21147,Male,AI,77,75,75,8.62,1,6.3,0,Not At Risk
S21151,Male,Computer,78,66,85,9.5,0,3.6,0,Not At Risk
S21165,Male,AI,80,64,95,6.92,0,3.2,0,Not At Risk
S21172,Male,IT,51,43,45,5.29,3,2.5,1,At Risk
S21173,Female,Computer,78,64,65,9.62,0,3.9,0,Not At Risk
S21189,Male,Computer,81,72,66,7.11,0,6.6,0,Not At Risk
S21190,Male,IT,82,96,89,7.22,0,4.2,0,Not At Risk
S21200,Female,AI,60,58,50,5.15,3,2.8,1,At Risk
S21201,Female,Computer,88,91,70,6.57,0,6.3,0,Not At Risk
S21206,Male,IT,100,91,76,7.91,0,6.6,0,Not At Risk
S21207,Female,AI,91,58,98,7.39,1,6.0,0,Not At Risk
S21209,Male,Computer,82,69,76,6.62,0,6.8,0,Not At Risk
S21213,Female,IT,77,100,91,8.64,0,6.0,0,Not At Risk
S21214,Female,Computer,78,69,94,9.46,0,6.4,0,Not At Risk
S21217,Female,IT,91,66,91,6.88,1,5.5,0,Not At Risk
S21219,Female,IT,47,64,39,5.41,3,2.2,1,At Risk
S21220,Male,Computer,85,93,58,7.7,0,5.3,0,Not At Risk
S21224,Male,IT,100,70,78,7.36,0,6.5,0,Not At Risk
S21230,Male,AI,98,63,65,6.62,0,4.4,0,Not At Risk
S21231,Male,IT,92,80,66,7.2,0,7.8,0,Not At Risk
S21233,Female,Computer,82,93,94,8.46,0,7.3,0,Not At Risk
S21235,Female,IT,88,84,62,8.85,0,4.2,0,Not At Risk
S21242,Male,AI,93,60,79,7.97,1,6.8,0,Not At Risk
S21243,Female,Computer,86,62,100,6.6,0,3.1,0,Not At Risk
S21247,Male,Computer,73,74,90,6.73,0,4.8,0,Not At Risk
S21252,Male,AI,82,81,65,8.66,0,7.1,0,Not At Risk
S21257,Female,AI,96,78,77,9.83,1,6.1,0,Not At Risk
S21263,Male,AI,93,100,63,9.46,0,3.4,0,Not At Risk
S21272,Female,IT,74,60,97,9.45,0,4.0,0,Not At Risk
S21288,Female,Computer,91,85,64,9.55,0,5.7,0,Not At Risk
S21290,Female,Computer,81,81,91,8.67,1,4.2,0,Not At Risk
S21293,Female,IT,71,75,60,9.32,0,4.5,0,Not At Risk
S21296,Female,Computer,81,75,88,7.48,0,7.4,0,Not At Risk
S21312,Male,AI,99,74,88,8.0,0,7.6,0,Not At Risk
S21314,Male,Computer,90,82,57,7.33,0,7.4,0,Not At Risk
S21318,Male,Computer,69,59,84,8.82,0,7.5,0,Not At Risk
S21323,Male,IT,94,60,72,9.97,0,5.6,0,Not At Risk
S21324,Female,AI,58,60,50,5.0,3,1.8,1,At Risk
S21325,Male,IT,69,84,74,7.03,0,6.0,0,Not At Risk
S21339,Female,IT,98,88,84,7.27,0,3.6,0,Not At Risk
S21340,Male,IT,65,81,87,9.99,0,5.8,0,Not At Risk
S21344,Female,IT,91,62,68,7.95,0,4.3,0,Not At Risk
S21349,Male,AI,91,59,97,6.94,0,7.7,0,Not At Risk
S21351,Female,IT,98,90,97,8.89,0,6.9,0,Not At Risk
S21353,Female,Computer,82,76,88,8.43,0,7.3,0,Not At Risk
S21359,Male,IT,87,97,73,9.51,1,4.9,0,Not At Risk
S21364,Female,AI,76,96,84,7.55,1,5.3,0,Not At Risk
S21378,Male,AI,81,62,90,9.14,1,3.1,0,Not At Risk
S21384,Female,IT,98,72,84,9.46,1,7.4,0,Not At Risk
S21394,Female,IT,97,82,69,9.47,0,3.6,0,Not At Risk
S21397,Male,AI,75,69,84,8.48,0,4.7,0,Not At Risk
S21417,Female,Computer,88,62,61,8.03,0,3.6,0,Not At Risk
S21418,Female,Computer,99,65,73,9.46,0,7.1,0,Not At Risk
S21424,Female,Computer,82,81,76,9.49,0,7.7,0,Not At Risk
S21428,Female,IT,82,77,87,7.12,1,5.2,0,Not At Risk
S21434,Female,AI,84,55,81,6.99,0,7.6,0,Not At Risk
S21435,Male,AI,72,72,68,8.78,0,3.4,0,Not At Risk
S21448,Male,AI,62,54,44,6.06,2,2.6,1,At Risk
S21464,Male,AI,61,64,55,5.18,1,1.1,1,At Risk
S21469,Male,IT,90,56,71,9.06,0,6.3,0,Not At Risk
S21470,Female,IT,76,82,94,8.53,0,4.6,0,Not At Risk
S21476,Male,AI,84,82,84,7.69,1,4.7,0,Not At Risk
S21484,Female,Computer,95,88,95,8.7,0,7.5,0,Not At Risk
S21486,Male,Computer,91,67,63,6.61,1,7.3,0,Not At Risk
S21493,Male,IT,77,84,56,7.06,0,5.0,0,Not At Risk
S21495,Female,Computer,65,85,84,8.37,1,5.2,0,Not At Risk
S21503,Female,Computer,90,78,75,6.67,0,5.9,0,Not At Risk
S21504,Female,IT,67,82,77,8.92,0,7.9,0,Not At Risk
S21505,Male,Computer,84,56,57,8.15,1,7.1,0,Not At Risk
S21509,Male,IT,70,65,70,9.27,0,7.7,0,Not At Risk
S21515,Female,IT,63,47,56,6.75,2,3.0,1,At Risk
S21526,Male,Computer,86,61,85,8.54,1,7.8,0,Not At Risk
S21532,Male,IT,50,65,40,6.32,3,3.1,1,At Risk
S21533,Male,Computer,66,37,66,6.21,2,2.3,1,At Risk
S21540,Female,Computer,95,71,99,8.45,1,7.8,0,Not At Risk
S21542,Male,Computer,71,99,74,9.12,0,7.0,0,Not At Risk
S21543,Female,IT,69,65,61,4.88,3,3.9,1,At Risk
S21550,Male,Computer,99,83,56,9.23,0,7.0,0,Not At Risk
S21555,Female,IT,52,64,49,5.4,3,3.7,1,At Risk
S21557,Female,IT,76,73,55,9.06,1,6.9,0,Not At Risk
S21560,Male,Computer,74,70,97,7.45,1,5.6,0,Not At Risk
S21571,Female,Computer,65,68,85,8.86,1,7.3,0,Not At Risk
S21578,Female,IT,96,58,67,8.15,0,3.8,0,Not At Risk
S21579,Female,AI,83,99,94,8.79,1,6.3,0,Not At Risk
S21592,Female,AI,67,39,53,5.88,2,2.9,1,At Risk
S21594,Male,Computer,74,87,88,7.92,1,3.5,0,Not At Risk
S21607,Male,AI,87,98,95,7.58,0,7.8,0,Not At Risk
S21610,Female,AI,49,57,60,5.75,2,3.4,1,At Risk
S21614,Male,IT,72,79,67,6.8,1,7.5,0,Not At Risk
S21619,Female,Computer,85,84,91,6.82,0,3.4,0,Not At Risk
S21623,Female,AI,71,77,69,8.68,0,7.3,0,Not At Risk
S21627,Female,AI,68,70,65,9.07,0,3.6,0,Not At Risk
S21630,Male,Computer,82,75,73,8.38,0,4.6,0,Not At Risk
S21633,Female,IT,67,74,71,7.14,0,5.1,0,Not At Risk
S21634,Female,AI,46,46,61,6.07,1,1.9,1,At Risk
S21636,Male,AI,69,89,87,7.25,0,4.6,0,Not At Risk
S21645,Female,Computer,81,100,90,7.21,0,4.1,0,Not At Risk
S21655,Male,AI,91,95,89,6.8,0,7.6,0,Not At Risk
S21670,Female,AI,89,58,75,8.43,0,6.1,0,Not At Risk
S21672,Male,IT,75,76,73,9.02,1,7.1,0,Not At Risk
S21673,Male,AI,88,66,61,8.01,0,4.6,0,Not At Risk
S21674,Female,Computer,88,90,86,9.71,0,4.7,0,Not At Risk
S21678,Male,Computer,67,87,93,7.93,0,4.1,0,Not At Risk
S21685,Female,IT,94,74,59,8.47,0,6.5,0,Not At Risk
S21689,Female,Computer,71,79,58,9.65,0,4.7,0,Not At Risk
S21697,Female,IT,56,48,39,6.63,3,2.5,1,At Risk
S21699,Male,IT,54,43,52,6.5,2,3.8,1,At Risk
S21712,Male,AI,70,38,39,5.79,3,2.0,1,At Risk
S21715,Female,Computer,88,93,65,8.9,0,4.3,0,Not At Risk
S21719,Female,IT,47,50,51,5.7,2,1.7,1,At Risk
S21725,Male,Computer,89,71,55,7.87,0,5.4,0,Not At Risk
S21727,Male,AI,67,90,56,8.27,0,6.7,0,Not At Risk
S21733,Male,IT,95,96,72,9.45,1,3.1,0,Not At Risk
S21736,Male,IT,51,49,59,4.96,3,1.2,1,At Risk
S21741,Male,IT,66,82,55,7.74,0,5.2,0,Not At Risk
S21744,Male,IT,84,87,61,6.67,0,6.1,0,Not At Risk
S21746,Male,AI,46,39,61,5.57,1,3.6,1,At Risk
S21747,Female,IT,82,84,60,9.89,1,3.5,0,Not At Risk
S21772,Male,IT,93,66,70,9.39,0,7.5,0,Not At Risk
S21786,Male,IT,64,37,67,5.59,2,1.8,1,At Risk
S21788,Female,AI,88,60,79,9.05,0,5.5,0,Not At Risk
S21790,Female,IT,82,79,72,7.04,0,5.8,0,Not At Risk
S21793,Male,IT,87,67,80,9.42,1,3.3,0,Not At Risk
S21794,Female,AI,59,45,51,4.93,1,2.4,1,At Risk
S21795,Male,IT,86,88,68,8.45,0,6.6,0,Not At Risk
S21798,Male,IT,55,41,53,6.47,2,2.0,1,At Risk
S21801,Male,AI,95,58,68,9.07,0,5.4,0,Not At Risk
S21810,Female,IT,81,80,94,9.38,0,6.8,0,Not At Risk
S21815,Male,IT,74,86,60,9.68,1,3.3,0,Not At Risk
S21830,Female,Computer,46,44,59,4.98,2,3.8,1,At Risk
S21834,Female,IT,73,62,62,6.66,0,4.9,0,Not At Risk
S21837,Female,AI,75,59,74,9.02,1,4.3,0,Not At Risk
S21838,Male,Computer,76,62,75,6.59,0,5.5,0,Not At Risk
S21839,Male,Computer,79,100,77,9.94,0,7.9,0,Not At Risk
S21846,Male,AI,65,41,56,5.38,1,2.4,1,At Risk
S21848,Male,IT,100,96,90,7.08,0,3.3,0,Not At Risk
S21855,Male,Computer,91,67,68,8.2,0,4.6,0,Not At Risk
S21857,Female,Computer,82,56,64,9.25,0,4.7,0,Not At Risk
S21858,Female,AI,54,61,50,5.44,1,2.2,1,At Risk
S21864,Male,AI,67,100,71,7.27,0,4.9,0,Not At Risk
S21865,Female,IT,68,57,59,6.52,3,2.5,1,At Risk
S21866,Male,AI,73,59,63,8.27,0,4.8,0,Not At Risk
S21868,Male,Computer,65,57,42,5.55,1,1.3,1,At Risk
S21873,Female,AI,73,92,84,7.52,1,7.1,0,Not At Risk
S21876,Female,AI,99,71,74,8.79,1,3.3,0,Not At Risk
S21877,Male,Computer,71,79,98,7.27,1,7.2,0,Not At Risk
S21878,Female,AI,96,70,79,7.33,0,7.8,0,Not At Risk
S21882,Female,IT,71,87,87,6.64,1,4.3,0,Not At Risk
S21883,Male,Computer,74,76,57,7.97,0,5.2,0,Not At Risk
S21899,Female,AI,100,78,59,9.55,0,4.7,0,Not At Risk
S21904,Male,Computer,70,93,72,9.25,0,7.9,0,Not At Risk
S21907,Male,Computer,48,41,44,5.37,3,2.1,1,At Risk
S21915,Male,IT,53,54,61,6.78,3,3.0,1,At Risk
S21918,Male,AI,92,61,66,8.21,0,7.5,0,Not At Risk
S21919,Male,Computer,55,44,65,6.04,2,3.9,1,At Risk
S21923,Female,AI,93,60,87,6.86,0,4.7,0,Not At Risk
S21927,Male,AI,60,53,56,5.86,3,3.1,1,At Risk
S21933,Female,Computer,68,35,49,6.19,3,1.1,1,At Risk
S21940,Female,IT,94,86,92,7.62,0,7.6,0,Not At Risk
S21949,Male,Computer,77,96,69,6.9,0,5.1,0,Not At Risk
S21950,Female,IT,71,69,78,9.37,1,6.9,0,Not At Risk
S21956,Male,Computer,82,77,81,7.33,0,5.4,0,Not At Risk
S21963,Female,IT,90,58,77,7.66,0,4.0,0,Not At Risk
S21974,Female,IT,79,73,65,8.2,0,5.7,0,Not At Risk
S21978,Female,AI,57,57,63,5.56,1,2.0,1,At Risk
S21980,Male,IT,65,58,55,5.66,2,2.7,1,At Risk
S21983,Male,IT,56,43,42,5.8,1,1.0,1,At Risk
S21992,Male,Computer,81,68,78,6.86,0,3.3,0,Not At Risk
S21995,Female,AI,84,57,65,8.3,0,7.7,0,Not At Risk
S22002,Male,AI,69,39,45,5.91,3,4.0,1,At Risk
S22006,Female,AI,70,51,57,5.11,1,1.2,1,At Risk
S22008,Male,AI,47,64,65,6.21,1,1.2,1,At Risk
S22012,Female,AI,67,43,48,6.63,1,4.0,1,At Risk
S22021,Male,IT,56,57,50,6.43,3,2.1,1,At Risk
S22027,Male,AI,77,82,84,7.85,1,4.0,0,Not At Risk
S22035,Male,IT,67,61,86,8.93,0,4.2,0,Not At Risk
S22036,Female,Computer,91,99,95,7.55,1,5.8,0,Not At Risk
S22041,Female,IT,65,65,93,7.19,0,7.7,0,Not At Risk
S22048,Male,AI,61,46,38,5.92,3,2.4,1,At Risk
S22055,Male,AI,60,43,40,4.92,3,1.4,1,At Risk
S22056,Female,Computer,99,87,70,7.74,0,3.8,0,Not At Risk
S22065,Female,IT,87,98,91,9.89,0,5.9,0,Not At Risk
S22066,Female,AI,70,83,88,8.92,0,5.9,0,Not At Risk
S22072,Male,AI,45,64,62,6.36,2,1.2,1,At Risk
S22081,Male,IT,82,96,87,8.83,0,5.1,0,Not At Risk
S22084,Male,Computer,97,97,89,9.61,0,5.8,0,Not At Risk
S22095,Female,IT,93,91,65,7.99,0,5.8,0,Not At Risk
S22103,Female,IT,69,60,100,8.63,0,3.5,0,Not At Risk
S22106,Female,AI,62,56,48,5.87,2,1.0,1,At Risk
S22108,Female,AI,99,70,81,7.34,0,6.7,0,Not At Risk
S22109,Female,Computer,75,96,73,7.92,0,3.8,0,Not At Risk
S22112,Male,IT,79,98,83,6.75,0,6.0,0,Not At Risk
S22115,Male,IT,45,55,46,6.53,1,2.1,1,At Risk
S22119,Female,IT,93,81,79,8.93,0,7.8,0,Not At Risk
S22123,Male,AI,86,76,94,6.94,1,5.1,0,Not At Risk
S22125,Male,AI,91,56,63,8.56,0,4.2,0,Not At Risk
S22132,Male,Computer,62,60,57,6.75,1,2.6,1,At Risk
S22135,Male,Computer,91,79,71,9.27,0,7.0,0,Not At Risk
S22141,Female,IT,90,80,99,7.8,0,4.5,0,Not At Risk
S22142,Female,AI,74,80,85,9.75,0,3.7,0,Not At Risk
S22143,Male,Computer,87,63,61,6.59,0,7.1,0,Not At Risk
S22147,Female,Computer,83,61,60,7.26,1,3.6,0,Not At Risk
S22148,Male,Computer,77,76,66,9.63,1,7.6,0,Not At Risk
S22149,Male,IT,69,65,92,8.11,0,7.3,0,Not At Risk
S22153,Female,IT,84,72,70,8.58,0,6.8,0,Not At Risk
S22159,Male,IT,97,99,75,8.51,0,5.7,0,Not At Risk
S22167,Female,IT,97,78,57,9.74,1,5.5,0,Not At Risk
S22176,Female,IT,50,61,50,5.12,2,1.3,1,At Risk
S22178,Female,IT,88,100,85,6.63,1,3.4,0,Not At Risk
S22182,Male,AI,47,55,36,4.91,2,3.8,1,At Risk
S22186,Female,AI,48,60,48,5.07,1,1.1,1,At Risk
S22187,Female,AI,78,97,85,6.72,0,6.2,0,Not At Risk
S22191,Female,AI,74,60,95,6.95,0,6.0,0,Not At Risk
S22192,Male,IT,78,87,97,8.31,0,7.7,0,Not At Risk
S22194,Male,Computer,75,89,68,8.15,1,7.8,0,Not At Risk
S22198,Male,IT,100,90,100,8.12,0,5.2,0,Not At Risk
S22199,Female,AI,85,86,87,8.59,0,7.6,0,Not At Risk
S22200,Male,IT,66,78,67,9.2,0,6.2,0,Not At Risk
S22201,Male,IT,66,60,69,6.7,1,3.9,1,Not At Risk
S22204,Male,Computer,88,59,70,8.42,0,6.5,0,Not At Risk
S22205,Female,AI,87,65,79,9.3,1,5.5,0,Not At Risk
S22207,Female,AI,88,96,92,7.19,0,4.5,0,Not At Risk
S22220,Female,AI,84,81,87,8.14,0,5.3,0,Not At Risk
S22226,Male,AI,65,83,97,8.77,0,5.1,0,Not At Risk
S22228,Male,Computer,99,64,72,8.37,1,3.5,0,Not At Risk
S22236,Female,Computer,53,44,63,5.33,1,1.4,1,At Risk
S22243,Male,AI,79,83,96,6.77,1,6.5,0,Not At Risk
S22259,Female,Computer,97,63,77,8.24,1,8.0,0,Not At Risk
S22263,Male,AI,90,77,89,9.38,0,3.0,0,Not At Risk
S22266,Female,Computer,96,87,57,9.06,0,3.4,0,Not At Risk
S22273,Male,AI,61,50,66,6.49,1,3.4,1,At Risk
S22279,Male,AI,82,98,95,8.63,0,3.5,0,Not At Risk
S22281,Male,Computer,96,92,79,9.94,0,6.4,0,Not At Risk
S22286,Male,AI,66,92,88,9.45,1,5.7,0,Not At Risk
S22289,Female,AI,66,65,35,5.88,3,3.9,1,At Risk
S22294,Male,IT,67,86,65,7.21,0,5.0,0,Not At Risk
S22318,Female,IT,70,63,80,8.29,1,4.7,0,Not At Risk
S22321,Male,IT,95,68,80,7.77,0,5.6,0,Not At Risk
S22334,Female,AI,80,81,85,8.23,0,7.5,0,Not At Risk
S22335,Female,Computer,88,64,90,8.41,0,7.6,0,Not At Risk
S22336,Female,IT,69,51,57,6.42,2,1.5,1,At Risk
S22342,Male,AI,68,93,95,9.38,0,6.3,0,Not At Risk
S22346,Female,AI,66,48,62,6.12,2,3.8,1,At Risk
S22347,Female,Computer,74,99,60,6.7,0,4.2,0,Not At Risk
S22348,Female,IT,100,64,82,8.88,1,4.2,0,Not At Risk
S22357,Male,IT,89,83,58,6.53,1,6.9,0,Not At Risk
S22358,Male,AI,86,89,61,7.08,0,5.6,0,Not At Risk
S22360,Female,AI,68,60,78,6.82,1,4.6,0,Not At Risk
S22363,Male,Computer,100,57,65,8.26,0,7.4,0,Not At Risk
S22376,Male,AI,59,44,54,6.8,3,3.8,1,At Risk
S22382,Female,IT,70,64,71,7.2,0,4.6,0,Not At Risk
S22383,Male,IT,78,91,77,7.11,0,5.0,0,Not At Risk
S22390,Female,IT,78,69,96,8.38,0,7.6,0,Not At Risk
S22398,Female,IT,87,83,55,8.8,0,6.0,0,Not At Risk
S22400,Male,AI,80,69,95,9.72,1,4.1,0,Not At Risk
S22412,Female,AI,91,62,56,9.04,0,3.3,0,Not At Risk
S22417,Female,IT,54,35,55,6.0,3,2.9,1,At Risk
S22443,Female,AI,98,92,66,9.26,0,7.5,0,Not At Risk
S22446,Male,Computer,65,62,96,7.93,0,5.6,0,Not At Risk
S22450,Female,IT,92,100,98,8.63,0,6.5,0,Not At Risk
S22457,Male,IT,72,81,83,7.65,0,7.9,0,Not At Risk
S22473,Female,AI,78,90,91,6.56,1,7.6,0,Not At Risk
S22477,Female,Computer,67,81,70,9.72,0,7.9,0,Not At Risk
S22481,Female,Computer,94,83,78,6.62,0,6.5,0,Not At Risk
S22487,Female,IT,67,96,94,7.23,0,5.9,0,Not At Risk
S22492,Female,Computer,90,77,87,6.76,0,3.1,0,Not At Risk
S22500,Female,IT,77,76,68,8.97,0,6.4,0,Not At Risk
S22502,Male,IT,48,63,38,6.77,1,3.7,1,At Risk
S22505,Female,Computer,71,59,98,7.82,1,7.8,0,Not At Risk
S22507,Male,Computer,63,57,70,5.95,2,3.8,1,At Risk
S22508,Female,Computer,74,78,66,9.87,0,7.9,0,Not At Risk
S22509,Male,Computer,95,67,89,9.0,0,4.5,0,Not At Risk
S22510,Male,IT,82,87,89,8.89,1,7.4,0,Not At Risk
S22521,Male,IT,99,87,61,7.47,0,6.3,0,Not At Risk
S22523,Female,IT,77,99,96,7.07,0,3.3,0,Not At Risk
S22531,Male,Computer,79,86,63,7.63,0,8.0,0,Not At Risk
S22548,Male,Computer,67,62,45,5.97,2,3.1,1,At Risk
S22552,Female,AI,51,53,47,6.52,2,2.8,1,At Risk
S22566,Male,IT,81,61,95,9.76,0,5.2,0,Not At Risk
S22570,Female,IT,67,59,83,8.59,0,6.9,0,Not At Risk
S22576,Female,IT,93,66,73,7.57,0,4.8,0,Not At Risk
S22577,Male,Computer,91,85,95,9.62,0,7.3,0,Not At Risk
S22582,Female,Computer,65,54,38,6.45,1,3.3,1,At Risk
S22583,Female,Computer,79,62,78,8.81,0,6.2,0,Not At Risk
S22585,Female,IT,90,57,74,9.76,0,6.2,0,Not At Risk
S22591,Male,Computer,77,96,86,7.53,0,4.5,0,Not At Risk
S22595,Male,Computer,84,71,89,8.55,0,7.8,0,Not At Risk
S22596,Male,Computer,90,97,63,7.2,0,6.7,0,Not At Risk
S22600,Female,IT,84,95,85,6.7,0,7.5,0,Not At Risk
S22601,Female,IT,70,83,59,7.87,0,3.2,0,Not At Risk
S22607,Male,AI,71,81,80,9.33,0,5.4,0,Not At Risk
S22609,Male,AI,93,60,55,8.59,0,4.0,0,Not At Risk
S22613,Male,IT,86,68,71,9.82,1,4.5,0,Not At Risk
S22626,Male,IT,70,36,53,5.4,2,2.1,1,At Risk
S22639,Male,IT,49,58,44,4.9,2,2.1,1,At Risk
S22642,Female,AI,72,66,80,7.79,1,5.5,0,Not At Risk
S22646,Female,AI,60,55,36,5.1,1,3.3,1,At Risk
S22653,Male,IT,83,75,94,7.35,0,4.5,0,Not At Risk
S22654,Female,Computer,69,67,82,9.11,0,6.2,0,Not At Risk
S22657,Female,IT,83,95,76,7.32,0,4.4,0,Not At Risk
S22662,Female,IT,89,73,72,9.62,0,6.9,0,Not At Risk
S22664,Male,Computer,79,83,98,8.14,1,5.2,0,Not At Risk
S22666,Male,IT,51,47,65,5.42,3,1.2,1,At Risk
S22667,Male,AI,81,84,56,8.4,1,5.2,0,Not At Risk
S22673,Male,AI,78,94,70,8.71,0,3.4,0,Not At Risk
S22674,Male,IT,81,72,64,7.24,1,3.4,0,Not At Risk
S22676,Male,Computer,63,57,35,5.34,1,1.8,1,At Risk
S22680,Male,AI,65,46,38,6.58,2,1.7,1,At Risk
S22682,Female,Computer,80,65,93,9.87,0,6.7,0,Not At Risk
S22684,Male,AI,78,77,70,7.41,1,5.9,0,Not At Risk
S22693,Male,IT,97,76,100,9.07,0,6.7,0,Not At Risk
S22699,Male,IT,51,51,44,6.32,3,1.3,1,At Risk
S22701,Female,Computer,65,61,66,8.53,1,5.5,0,Not At Risk
S22705,Female,AI,100,99,96,7.44,0,5.2,0,Not At Risk
S22707,Female,IT,57,45,59,5.2,1,4.0,1,At Risk
S22709,Male,AI,96,91,55,7.18,0,7.3,0,Not At Risk
S22713,Male,Computer,65,67,62,9.23,0,7.8,0,Not At Risk
S22725,Female,Computer,91,60,86,9.41,0,6.6,0,Not At Risk
S22729,Female,IT,91,68,83,7.93,0,5.8,0,Not At Risk
S22732,Male,IT,67,65,97,8.69,1,6.2,0,Not At Risk
S22735,Male,AI,47,50,50,5.08,2,2.9,1,At Risk
S22739,Female,IT,100,84,75,7.27,0,3.0,0,Not At Risk
S22742,Female,AI,100,90,81,7.5,1,5.6,0,Not At Risk
S22752,Female,AI,82,75,59,7.78,0,7.5,0,Not At Risk
S22754,Male,Computer,68,53,69,4.87,2,3.8,1,At Risk
S22756,Female,IT,81,90,69,7.79,0,6.9,0,Not At Risk
S22761,Male,Computer,91,88,80,7.27,0,4.8,0,Not At Risk
S22763,Female,AI,97,73,99,8.99,1,5.0,0,Not At Risk
S22766,Female,Computer,62,61,68,4.87,3,3.0,1,At Risk
S22769,Female,Computer,98,80,73,7.81,1,8.0,0,Not At Risk
S22771,Male,AI,70,86,60,7.04,1,6.2,0,Not At Risk
S22773,Male,Computer,67,36,54,6.8,2,2.8,1,At Risk
S22776,Female,IT,68,68,79,9.71,0,6.1,0,Not At Risk
S22777,Male,AI,82,97,68,7.84,1,7.9,0,Not At Risk
S22778,Male,Computer,66,48,56,5.95,1,2.1,1,At Risk
S22794,Male,AI,90,85,74,9.78,0,7.9,0,Not At Risk
S22795,Male,AI,99,68,75,6.71,0,5.2,0,Not At Risk
S22797,Female,Computer,66,98,87,7.14,0,5.8,0,Not At Risk
S22799,Female,AI,94,96,75,8.7,0,5.8,0,Not At Risk
S22805,Male,Computer,84,80,87,7.33,0,4.0,0,Not At Risk
S22808,Female,IT,92,81,75,8.01,1,5.6,0,Not At Risk
S22819,Male,IT,83,86,56,7.34,0,3.4,0,Not At Risk
S22831,Male,Computer,80,80,84,6.78,0,5.5,0,Not At Risk
S22833,Female,Computer,79,82,67,7.83,1,3.3,0,Not At Risk
S22838,Female,AI,88,67,66,6.88,0,4.0,0,Not At Risk
S22840,Female,Computer,87,74,82,8.96,1,6.8,0,Not At Risk
S22847,Male,AI,91,74,77,7.8,1,7.1,0,Not At Risk
S22856,Female,IT,66,67,76,7.78,0,5.9,0,Not At Risk
S22860,Male,AI,66,77,88,7.37,1,6.0,0,Not At Risk
S22861,Male,Computer,48,54,55,5.65,3,1.3,1,At Risk
S22867,Male,Computer,97,93,87,8.78,0,6.4,0,Not At Risk
S22879,Female,AI,97,55,78,7.58,0,7.1,0,Not At Risk
S22893,Male,Computer,61,36,36,5.98,3,3.0,1,At Risk
S22908,Male,IT,70,62,40,5.68,2,1.5,1,At Risk
S22909,Male,IT,78,88,81,6.99,1,7.7,0,Not At Risk
S22911,Female,IT,62,47,35,5.76,2,3.8,1,At Risk
S22915,Female,Computer,74,64,99,7.92,1,4.5,0,Not At Risk
S22919,Female,Computer,76,55,62,7.56,0,8.0,0,Not At Risk
S22929,Male,Computer,82,71,85,7.9,0,6.6,0,Not At Risk
S22932,Male,IT,72,56,95,8.65,0,4.3,0,Not At Risk
S22938,Female,Computer,62,57,43,5.95,1,2.2,1,At Risk
S22939,Female,IT,59,45,58,5.99,2,2.3,1,At Risk
S22946,Female,IT,98,97,78,7.14,0,5.7,0,Not At Risk
S22952,Female,IT,66,90,61,8.62,1,3.5,0,Not At Risk
S22957,Male,IT,86,99,71,9.12,0,6.0,0,Not At Risk
S22964,Female,Computer,68,45,50,5.08,1,1.5,1,At Risk
S22966,Female,AI,70,67,87,9.67,1,7.4,0,Not At Risk
S22967,Male,IT,60,38,62,6.29,2,1.9,1,At Risk
S22974,Male,Computer,72,70,95,7.95,0,6.7,0,Not At Risk
S22977,Male,AI,65,79,58,8.09,0,7.9,0,Not At Risk
S22986,Male,Computer,97,72,80,6.77,0,4.9,0,Not At Risk
S22988,Male,IT,72,77,83,7.92,0,4.5,0,Not At Risk
S22994,Female,Computer,96,72,80,8.13,1,4.3,0,Not At Risk
S23000,Female,AI,87,69,57,6.93,0,8.0,0,Not At Risk
S23001,Male,Computer,86,100,64,7.61,0,7.0,0,Not At Risk
S23009,Female,AI,82,98,89,8.83,0,7.1,0,Not At Risk
S23011,Female,AI,70,57,49,5.88,2,2.9,1,At Risk
S23012,Female,AI,75,55,62,6.74,0,7.4,0,Not At Risk
S23014,Male,AI,93,69,88,7.31,0,3.1,0,Not At Risk
S23016,Female,AI,67,69,64,9.7,1,5.9,0,Not At Risk
S23017,Male,AI,98,57,68,7.75,1,4.1,0,Not At Risk
S23023,Female,IT,77,64,93,8.46,0,4.4,0,Not At Risk
S23032,Female,AI,57,53,51,5.08,3,2.8,1,At Risk
S23033,Female,IT,58,53,36,6.27,3,2.9,1,At Risk
S23034,Female,AI,95,70,60,6.97,0,5.5,0,Not At Risk
S23037,Male,Computer,78,90,75,6.63,0,5.1,0,Not At Risk
S23038,Male,IT,87,83,68,7.88,1,6.6,0,Not At Risk
S23044,Male,AI,69,84,60,9.13,0,6.7,0,Not At Risk
S23057,Female,AI,74,78,57,6.73,0,4.8,0,Not At Risk
S23062,Female,IT,96,67,83,9.94,1,3.4,0,Not At Risk
S23063,Female,Computer,70,92,97,8.88,1,5.7,0,Not At Risk
S23064,Male,IT,81,78,55,9.38,0,3.4,0,Not At Risk
S23068,Male,IT,94,89,71,7.45,0,3.5,0,Not At Risk
S23070,Female,Computer,65,56,37,6.04,3,1.2,1,At Risk
S23071,Male,Computer,85,61,64,7.42,1,4.4,0,Not At Risk
S23074,Female,Computer,91,91,68,7.3,0,5.4,0,Not At Risk
S23076,Male,AI,70,75,100,6.55,0,7.1,0,Not At Risk
S23081,Female,AI,94,86,68,9.28,0,4.7,0,Not At Risk
S23083,Female,IT,100,57,100,9.64,1,6.7,0,Not At Risk
S23084,Male,AI,66,69,78,8.54,0,6.5,0,Not At Risk
S23086,Male,AI,72,100,59,8.21,0,6.6,0,Not At Risk
S23091,Male,IT,73,78,91,9.56,1,5.2,0,Not At Risk
S23092,Female,AI,55,43,55,6.73,1,3.8,1,At Risk
S23096,Female,AI,79,71,89,9.66,0,7.7,0,Not At Risk
S23097,Female,IT,62,52,52,6.65,3,1.1,1,At Risk
S23098,Female,Computer,82,77,80,8.31,1,7.4,0,Not At Risk
S23099,Female,Computer,99,79,78,9.71,0,4.8,0,Not At Risk
S23105,Female,IT,60,35,62,5.17,2,2.9,1,At Risk
S23121,Male,Computer,57,56,70,6.47,2,1.7,1,At Risk
S23131,Female,IT,90,76,95,8.7,0,4.3,0,Not At Risk
S23134,Male,AI,49,43,59,6.03,2,2.6,1,At Risk
S23140,Male,Computer,74,93,86,8.35,0,6.6,0,Not At Risk
S23143,Male,IT,99,65,77,8.97,0,5.1,0,Not At Risk
S23144,Female,IT,72,94,84,7.33,0,6.9,0,Not At Risk
S23145,Male,Computer,63,62,60,6.28,1,3.0,1,At Risk
S23146,Female,AI,46,57,68,5.03,1,2.6,1,At Risk
S23148,Female,AI,79,70,89,8.14,1,7.8,0,Not At Risk
S23150,Male,Computer,88,60,92,9.73,0,5.4,0,Not At Risk
S23153,Female,Computer,70,63,68,5.26,1,2.1,1,At Risk
S23154,Male,AI,72,64,85,9.84,0,6.0,0,Not At Risk
S23155,Male,IT,84,62,91,7.66,0,3.1,0,Not At Risk
S23166,Male,IT,82,55,55,6.79,0,3.9,0,Not At Risk
S23168,Male,AI,79,85,91,7.33,0,4.6,0,Not At Risk
S23175,Male,Computer,94,59,79,6.6,0,6.9,0,Not At Risk
S23183,Male,Computer,66,55,45,6.26,1,1.2,1,At Risk
S23188,Female,AI,91,82,89,9.62,0,4.6,0,Not At Risk
S23190,Female,IT,45,50,40,6.69,2,3.7,1,At Risk
S23191,Male,AI,75,68,97,7.97,0,7.4,0,Not At Risk
S23193,Male,Computer,83,85,77,7.54,0,4.2,0,Not At Risk
S23200,Female,Computer,98,73,71,8.5,0,4.3,0,Not At Risk
S23206,Female,Computer,70,92,76,7.29,0,7.7,0,Not At Risk
S23210,Male,IT,96,57,94,6.84,0,7.8,0,Not At Risk
S23211,Female,IT,65,93,56,9.84,0,6.6,0,Not At Risk
S23215,Female,AI,48,62,47,6.34,1,2.3,1,At Risk
S23218,Male,AI,74,100,88,7.05,0,7.5,0,Not At Risk
S23221,Male,Computer,90,85,87,7.28,0,7.2,0,Not At Risk
S23222,Female,IT,70,86,83,10.0,0,3.2,0,Not At Risk
S23223,Male,AI,95,75,97,6.81,0,4.2,0,Not At Risk
S23225,Male,AI,47,62,43,6.46,3,3.5,1,At Risk
S23228,Female,Computer,67,56,73,9.75,0,7.8,0,Not At Risk
S23231,Male,AI,70,63,80,8.33,0,4.2,0,Not At Risk
S23233,Female,AI,70,95,63,7.36,1,3.1,0,Not At Risk
S23234,Female,Computer,92,86,85,6.86,1,5.1,0,Not At Risk
S23237,Female,AI,86,72,92,9.89,0,7.9,0,Not At Risk
S23244,Male,Computer,100,65,98,8.11,0,4.3,0,Not At Risk
S23249,Male,IT,70,62,67,6.27,2,2.4,1,At Risk
S23250,Male,AI,67,57,59,7.48,0,8.0,0,Not At Risk
S23251,Female,IT,70,92,80,7.08,1,3.9,0,Not At Risk
S23255,Male,IT,86,58,92,9.4,0,3.4,0,Not At Risk
S23256,Male,AI,72,86,91,9.13,1,6.4,0,Not At Risk
S23265,Male,IT,53,55,40,5.07,3,3.0,1,At Risk
S23268,Female,Computer,89,55,91,7.41,0,3.4,0,Not At Risk
S23271,Female,AI,77,81,61,9.56,0,7.9,0,Not At Risk
S23273,Male,IT,96,99,89,8.55,0,5.4,0,Not At Risk
S23277,Female,AI,83,60,58,9.4,0,5.7,0,Not At Risk
S23285,Female,Computer,82,65,82,9.32,0,3.8,0,Not At Risk
S23289,Female,IT,77,67,93,9.46,0,4.2,0,Not At Risk
S23292,Female,IT,83,76,96,9.44,0,7.5,0,Not At Risk
S23296,Male,AI,76,62,97,9.87,0,6.8,0,Not At Risk
S23303,Male,Computer,55,58,63,6.09,3,3.8,1,At Risk
S23309,Female,Computer,89,67,99,7.6,0,4.2,0,Not At Risk
S23312,Male,IT,97,75,95,8.92,0,5.1,0,Not At Risk
S23322,Male,Computer,94,73,91,9.37,0,6.9,0,Not At Risk
S23323,Male,AI,93,88,76,7.27,0,4.4,0,Not At Risk
S23326,Male,IT,81,95,92,7.53,0,4.2,0,Not At Risk
S23328,Male,IT,67,59,50,5.59,1,3.8,1,At Risk
S23332,Male,IT,45,43,35,5.18,1,1.1,1,At Risk
S23337,Male,AI,99,59,97,7.23,0,4.5,0,Not At Risk
S23338,Male,AI,81,66,81,8.78,0,4.5,0,Not At Risk
S23342,Male,AI,69,70,68,8.71,0,5.1,0,Not At Risk
S23344,Female,AI,90,58,88,9.43,0,6.0,0,Not At Risk
S23346,Male,AI,89,61,90,9.97,0,5.3,0,Not At Risk
S23354,Female,IT,95,72,65,8.86,0,6.1,0,Not At Risk
S23355,Male,AI,88,81,88,7.32,0,6.0,0,Not At Risk
S23363,Female,IT,71,75,55,7.85,0,4.3,0,Not At Risk
S23364,Male,AI,72,86,88,9.64,0,6.5,0,Not At Risk
S23365,Female,Computer,65,88,58,7.4,0,4.6,0,Not At Risk
S23369,Male,IT,98,93,68,7.4,0,5.8,0,Not At Risk
S23370,Female,IT,87,100,75,7.76,0,7.9,0,Not At Risk
S23378,Male,IT,84,61,83,8.43,0,4.0,0,Not At Risk
S23386,Female,IT,88,64,69,9.17,0,7.8,0,Not At Risk
S23389,Male,Computer,84,85,89,9.55,0,7.0,0,Not At Risk
S23391,Female,AI,96,98,71,9.16,0,3.7,0,Not At Risk
S23400,Female,AI,52,53,41,6.02,2,1.9,1,At Risk
S23405,Male,AI,96,90,63,6.56,0,6.8,0,Not At Risk
S23406,Female,Computer,71,89,90,9.61,0,7.4,0,Not At Risk
S23410,Female,Computer,59,65,63,5.68,1,1.6,1,At Risk
S23412,Female,AI,74,89,55,7.16,0,7.8,0,Not At Risk
S23416,Female,Computer,67,91,77,9.48,0,7.3,0,Not At Risk
S23424,Male,AI,75,96,74,8.99,0,4.0,0,Not At Risk
S23425,Female,IT,61,37,54,5.23,2,1.4,1,At Risk
S23426,Female,Computer,60,55,48,4.83,1,2.4,1,At Risk
S23431,Male,IT,80,96,59,9.4,0,7.4,0,Not At Risk
S23435,Female,AI,83,69,58,6.87,0,5.3,0,Not At Risk
S23439,Male,IT,69,72,91,7.83,0,4.3,0,Not At Risk
S23440,Male,Computer,100,56,93,8.17,1,3.4,0,Not At Risk
S23441,Male,Computer,100,95,85,6.7,0,5.7,0,Not At Risk
S23443,Female,IT,73,86,64,6.62,0,7.5,0,Not At Risk
S23452,Female,AI,53,41,50,6.37,1,1.6,1,At Risk
S23455,Female,IT,91,71,72,7.48,0,6.1,0,Not At Risk
S23456,Male,AI,69,35,49,6.59,2,3.5,1,At Risk
S23457,Male,AI,55,35,52,6.17,3,3.0,1,At Risk
S23461,Female,Computer,94,62,86,8.44,0,6.1,0,Not At Risk
S23466,Male,Computer,50,57,69,5.69,1,2.7,1,At Risk
S23467,Male,IT,83,97,91,7.04,0,7.3,0,Not At Risk
S23473,Male,IT,84,93,75,8.89,0,5.4,0,Not At Risk
S23475,Female,Computer,76,60,87,7.37,1,6.1,0,Not At Risk
S23476,Female,IT,77,71,73,8.76,1,4.7,0,Not At Risk
S23484,Male,IT,73,80,70,7.38,0,3.5,0,Not At Risk
S23486,Male,AI,95,82,86,9.39,0,6.0,0,Not At Risk
S23488,Male,AI,51,44,48,6.02,2,1.1,1,At Risk
S23490,Male,IT,79,85,84,8.12,0,7.9,0,Not At Risk
S23491,Male,AI,80,57,72,6.6,1,6.5,0,Not At Risk
S23494,Male,IT,99,75,77,6.86,1,6.8,0,Not At Risk
S23502,Female,IT,73,73,94,7.72,0,7.5,0,Not At Risk
S23505,Male,AI,53,56,47,6.68,3,3.3,1,At Risk
S23506,Male,AI,71,76,99,6.72,0,3.7,0,Not At Risk
S23508,Male,Computer,79,56,64,9.4,1,6.0,0,Not At Risk
S23513,Female,Computer,86,71,62,9.41,0,7.1,0,Not At Risk
S23521,Female,IT,83,69,74,8.32,1,5.1,0,Not At Risk
S23524,Female,Computer,73,91,83,7.92,0,4.8,0,Not At Risk
S23527,Male,Computer,83,85,100,6.55,0,4.3,0,Not At Risk
S23528,Female,IT,78,76,82,7.37,1,4.9,0,Not At Risk
S23549,Female,Computer,75,82,68,9.19,1,4.6,0,Not At Risk
S23553,Male,Computer,62,56,56,4.99,1,2.1,1,At Risk
S23560,Female,Computer,71,85,92,9.7,0,7.2,0,Not At Risk
S23565,Male,AI,94,59,77,7.71,0,4.9,0,Not At Risk
S23569,Female,AI,68,58,73,8.29,0,4.4,0,Not At Risk
S23578,Female,IT,70,85,85,7.36,0,6.7,0,Not At Risk
S23582,Female,IT,66,99,74,8.88,0,3.4,0,Not At Risk
S23583,Male,IT,67,38,37,5.41,3,1.1,1,At Risk
S23590,Male,Computer,98,99,98,6.63,0,3.0,0,Not At Risk
S23592,Male,IT,87,57,73,8.78,0,3.4,0,Not At Risk
S23593,Female,Computer,81,61,58,9.7,0,7.8,0,Not At Risk
S23595,Male,Computer,91,85,94,7.0,0,4.9,0,Not At Risk
S23602,Female,IT,67,67,71,8.88,1,3.4,0,Not At Risk
S23604,Female,IT,83,90,91,9.3,0,3.4,0,Not At Risk
S23606,Male,AI,48,51,63,6.4,2,1.0,1,At Risk
S23610,Male,AI,97,84,58,7.32,0,5.6,0,Not At Risk
S23611,Female,Computer,98,72,73,6.79,0,6.8,0,Not At Risk
S23615,Male,Computer,80,58,76,9.87,0,5.5,0,Not At Risk
S23633,Male,Computer,95,64,78,6.88,0,4.8,0,Not At Risk
S23635,Female,Computer,68,64,71,8.67,0,4.4,0,Not At Risk
S23637,Female,IT,83,88,75,8.94,1,7.1,0,Not At Risk
S23644,Female,AI,46,59,65,5.6,1,3.3,1,At Risk
S23645,Male,Computer,64,47,63,4.98,2,4.0,1,At Risk
S23647,Male,AI,93,87,61,7.86,0,3.5,0,Not At Risk
S23651,Female,AI,73,85,60,8.82,0,4.3,0,Not At Risk
S23654,Female,IT,78,59,86,8.36,0,3.0,0,Not At Risk
S23673,Female,IT,65,71,86,6.94,0,4.5,0,Not At Risk
S23676,Female,Computer,69,78,97,6.66,0,3.8,0,Not At Risk
S23680,Male,IT,78,64,59,9.83,0,4.1,0,Not At Risk
S23685,Female,Computer,88,89,78,7.9,0,4.1,0,Not At Risk
S23691,Male,AI,55,37,48,5.1,3,1.2,1,At Risk
S23695,Male,AI,80,71,100,9.14,1,3.4,0,Not At Risk
S23698,Male,Computer,54,63,63,6.35,3,2.6,1,At Risk
S23703,Female,Computer,94,69,85,8.09,0,4.5,0,Not At Risk
S23704,Female,AI,88,64,88,8.56,0,4.7,0,Not At Risk
S23710,Male,Computer,82,74,94,8.64,0,7.4,0,Not At Risk
S23727,Male,IT,47,47,54,5.9,3,1.2,1,At Risk
S23736,Female,AI,56,43,43,5.12,2,3.9,1,At Risk
S23753,Male,IT,76,94,76,7.47,0,5.0,0,Not At Risk
S23759,Female,IT,94,94,63,7.33,0,3.8,0,Not At Risk
S23763,Female,AI,95,86,64,9.33,0,4.5,0,Not At Risk
S23769,Male,IT,93,73,69,7.76,0,3.4,0,Not At Risk
S23770,Female,AI,83,55,92,9.12,0,7.1,0,Not At Risk
S23772,Male,IT,98,84,69,9.87,0,6.3,0,Not At Risk
S23773,Female,AI,88,66,62,9.2,0,7.1,0,Not At Risk
S23776,Female,Computer,87,67,79,8.4,0,4.5,0,Not At Risk
S23778,Female,Computer,85,77,89,7.95,0,5.1,0,Not At Risk
S23780,Male,Computer,69,43,52,6.23,1,1.6,1,At Risk
S23782,Male,Computer,70,87,57,9.68,0,7.0,0,Not At Risk
S23800,Male,IT,61,49,58,5.8,2,3.2,1,At Risk
S23805,Male,AI,97,99,70,8.34,0,3.7,0,Not At Risk
S23819,Female,AI,79,74,78,8.14,0,3.7,0,Not At Risk
S23825,Male,AI,69,87,79,8.86,1,7.5,0,Not At Risk
S23832,Male,AI,84,79,70,9.76,1,7.1,0,Not At Risk
S23834,Male,IT,62,60,52,5.01,3,2.9,1,At Risk
S23836,Female,Computer,99,55,86,7.44,0,4.5,0,Not At Risk
S23845,Female,IT,72,82,58,8.1,1,3.8,0,Not At Risk
S23847,Male,Computer,99,92,72,9.0,1,3.2,0,Not At Risk
S23848,Female,AI,70,77,72,7.11,1,4.9,0,Not At Risk
S23854,Male,IT,70,63,54,5.13,2,1.3,1,At Risk
S23856,Female,AI,82,72,61,7.81,0,5.6,0,Not At Risk
S23861,Male,Computer,96,100,84,6.92,1,7.7,0,Not At Risk
S23865,Male,IT,83,98,97,8.92,0,3.9,0,Not At Risk
S23872,Male,IT,79,89,65,9.72,1,7.7,0,Not At Risk
S23875,Female,AI,70,54,53,5.87,1,3.9,1,At Risk
S23877,Male,IT,92,57,99,8.02,0,5.4,0,Not At Risk
S23879,Male,AI,65,51,44,5.08,1,2.8,1,At Risk
S23883,Female,Computer,77,69,74,6.62,0,7.5,0,Not At Risk
S23894,Male,Computer,85,99,93,6.81,0,7.5,0,Not At Risk
S23909,Female,IT,95,59,97,9.59,0,4.1,0,Not At Risk
S23916,Male,AI,67,98,69,8.52,0,6.3,0,Not At Risk
S23921,Female,AI,76,88,56,6.58,0,5.8,0,Not At Risk
S23922,Male,IT,65,35,39,4.93,3,2.4,1,At Risk
S23925,Male,Computer,73,86,91,9.43,0,5.8,0,Not At Risk
S23939,Male,AI,83,81,59,8.08,0,5.2,0,Not At Risk
S23945,Male,IT,85,85,96,8.98,0,4.8,0,Not At Risk
S23948,Female,IT,89,72,76,9.32,0,7.9,0,Not At Risk
S23949,Female,IT,54,42,48,6.1,2,2.0,1,At Risk
S23951,Male,AI,79,74,60,7.59,0,3.6,0,Not At Risk
S23952,Female,IT,64,44,45,6.28,1,2.2,1,At Risk
S23958,Female,AI,53,47,58,5.62,1,1.5,1,At Risk
S23971,Female,Computer,84,90,75,9.72,0,4.9,0,Not At Risk
S23974,Female,AI,77,92,60,8.41,0,6.2,0,Not At Risk
S23975,Female,Computer,79,80,63,8.43,0,6.5,0,Not At Risk
S23981,Male,Computer,60,65,67,4.97,2,1.7,1,At Risk
S24003,Male,IT,69,66,69,7.58,1,3.1,0,Not At Risk
S24008,Male,IT,98,55,82,8.66,0,3.1,0,Not At Risk
S24012,Female,IT,72,87,94,9.56,1,3.4,0,Not At Risk
S24016,Male,AI,71,88,94,6.74,0,5.1,0,Not At Risk
S24019,Female,AI,73,68,86,7.19,0,3.3,0,Not At Risk
S24024,Female,AI,79,79,87,9.4,0,4.4,0,Not At Risk
S24035,Female,Computer,75,99,71,6.97,0,5.5,0,Not At Risk
S24040,Female,Computer,94,85,93,9.39,0,7.0,0,Not At Risk
S24043,Female,IT,94,60,89,6.74,0,5.9,0,Not At Risk
S24045,Male,Computer,95,68,56,7.58,0,4.9,0,Not At Risk
S24046,Female,IT,64,64,63,4.93,3,3.5,1,At Risk
S24047,Female,IT,60,38,51,5.51,3,2.5,1,At Risk
S24048,Female,IT,84,70,65,9.27,0,5.7,0,Not At Risk
S24050,Female,AI,71,59,55,7.84,0,4.1,0,Not At Risk
S24052,Female,AI,72,81,98,6.73,1,6.6,0,Not At Risk
S24058,Male,IT,48,48,57,5.56,3,2.4,1,At Risk
S24063,Male,Computer,62,44,56,6.51,3,1.2,1,At Risk
S24066,Female,Computer,91,68,71,8.48,0,7.0,0,Not At Risk
S24079,Female,AI,75,62,97,9.07,0,4.9,0,Not At Risk
S24082,Female,AI,76,70,99,7.74,0,3.6,0,Not At Risk
S24091,Female,AI,56,57,54,6.71,3,1.6,1,At Risk
S24100,Male,Computer,73,67,74,9.77,1,7.3,0,Not At Risk
S24106,Female,Computer,80,86,83,8.84,1,5.4,0,Not At Risk
S24115,Male,IT,85,81,95,7.23,0,7.8,0,Not At Risk
S24121,Female,IT,99,63,90,7.99,0,6.3,0,Not At Risk
S24126,Female,Computer,82,79,78,6.98,0,4.8,0,Not At Risk
S24138,Male,Computer,75,83,84,6.95,0,7.7,0,Not At Risk
S24149,Male,AI,96,81,87,7.54,0,4.9,0,Not At Risk
S24159,Male,IT,100,90,84,7.5,0,6.0,0,Not At Risk
S24161,Male,Computer,84,62,94,8.87,0,4.6,0,Not At Risk
S24169,Male,AI,85,64,56,6.89,0,6.4,0,Not At Risk
S24177,Female,Computer,49,61,64,5.59,3,1.2,1,At Risk
S24188,Male,AI,67,47,47,5.81,3,1.7,1,At Risk
S24190,Female,Computer,74,66,56,7.97,0,3.2,0,Not At Risk
S24197,Male,Computer,85,68,76,6.54,0,4.4,0,Not At Risk
S24203,Female,IT,85,74,67,8.99,1,4.8,0,Not At Risk
S24212,Female,AI,65,86,88,9.65,0,7.6,0,Not At Risk
S24214,Female,AI,79,83,88,9.74,0,6.7,0,Not At Risk
S24217,Female,IT,82,65,99,6.64,0,6.3,0,Not At Risk
S24218,Female,IT,90,83,95,7.53,0,5.4,0,Not At Risk
S24219,Male,IT,67,87,67,6.73,1,5.9,0,Not At Risk
S24231,Male,Computer,98,79,91,8.29,1,5.8,0,Not At Risk
S24232,Female,Computer,85,91,59,9.31,1,7.6,0,Not At Risk
S24251,Female,IT,95,88,67,9.93,0,6.2,0,Not At Risk
S24262,Female,IT,89,87,70,8.36,0,6.7,0,Not At Risk
S24263,Female,AI,89,60,73,9.22,0,3.8,0,Not At Risk
S24277,Female,Computer,100,68,60,8.38,0,3.7,0,Not At Risk
S24287,Male,Computer,95,55,71,9.7,0,4.9,0,Not At Risk
S24295,Female,AI,71,91,81,9.17,0,6.3,0,Not At Risk
S24301,Male,Computer,89,68,58,8.82,0,3.4,0,Not At Risk
S24309,Female,AI,99,72,77,9.06,1,4.1,0,Not At Risk
S24310,Male,Computer,48,56,46,5.81,1,1.4,1,At Risk
S24313,Male,Computer,56,39,67,5.51,3,1.6,1,At Risk
S24323,Female,AI,73,96,67,7.53,0,3.8,0,Not At Risk
S24324,Male,Computer,77,61,77,8.07,1,7.3,0,Not At Risk
S24329,Female,IT,71,66,69,6.62,1,5.8,0,Not At Risk
S24331,Female,AI,75,82,63,8.1,0,6.4,0,Not At Risk
S24332,Male,Computer,45,41,61,5.49,3,3.1,1,At Risk
S24336,Female,Computer,94,93,86,8.74,0,5.0,0,Not At Risk
S24341,Male,AI,67,64,67,5.51,2,2.5,1,At Risk
S24343,Female,IT,73,61,65,7.86,0,5.8,0,Not At Risk
S24344,Female,AI,53,36,61,5.19,2,1.3,1,At Risk
S24345,Female,AI,65,61,98,8.52,0,7.3,0,Not At Risk
S24349,Male,IT,80,84,89,9.49,0,3.4,0,Not At Risk
S24351,Female,IT,97,86,79,7.51,0,6.1,0,Not At Risk
S24367,Male,Computer,77,66,59,7.28,0,7.4,0,Not At Risk
S24370,Female,Computer,96,97,72,8.19,0,6.7,0,Not At Risk
S24378,Male,IT,100,70,89,7.61,0,4.9,0,Not At Risk
S24390,Male,AI,72,88,96,8.18,0,4.9,0,Not At Risk
S24400,Male,Computer,84,71,69,8.12,0,6.5,0,Not At Risk
S24405,Female,IT,88,62,79,6.57,0,3.5,0,Not At Risk
S24407,Male,Computer,68,37,57,6.08,1,1.2,1,At Risk
S24410,Male,IT,83,65,65,9.99,1,6.4,0,Not At Risk
S24416,Female,Computer,89,86,99,9.47,0,4.4,0,Not At Risk
S24420,Male,AI,98,70,76,9.11,0,6.7,0,Not At Risk
S24425,Female,IT,78,97,62,7.7,0,4.0,0,Not At Risk
S24427,Female,IT,49,39,68,6.12,1,1.5,1,At Risk
S24431,Male,IT,92,67,69,8.16,0,6.3,0,Not At Risk
S24438,Female,Computer,96,87,72,8.16,0,6.6,0,Not At Risk
S24446,Male,Computer,65,76,96,9.5,0,7.3,0,Not At Risk
S24447,Female,IT,67,71,74,7.7,0,6.3,0,Not At Risk
S24450,Male,IT,57,60,47,6.45,1,1.8,1,At Risk
S24451,Male,IT,87,63,80,6.74,0,5.4,0,Not At Risk
S24460,Male,AI,85,62,91,8.0,0,6.7,0,Not At Risk
S24467,Male,AI,100,61,82,9.83,0,6.4,0,Not At Risk
S24469,Female,AI,80,91,57,8.14,1,5.8,0,Not At Risk
S24474,Male,IT,65,93,58,8.64,0,7.1,0,Not At Risk
S24485,Male,Computer,81,62,64,8.86,0,3.1,0,Not At Risk
S24491,Male,Computer,99,66,100,6.77,0,3.8,0,Not At Risk
S24503,Male,AI,83,97,81,6.5,0,7.8,0,Not At Risk
S24506,Male,AI,87,92,56,9.16,0,4.2,0,Not At Risk
S24507,Male,AI,65,72,73,7.69,1,3.9,0,Not At Risk
S24510,Male,AI,74,69,99,9.66,0,6.5,0,Not At Risk
S24512,Female,Computer,97,75,87,7.66,1,4.5,0,Not At Risk
S24529,Male,Computer,95,67,73,8.43,0,5.6,0,Not At Risk
S24534,Male,Computer,77,96,71,8.72,0,5.7,0,Not At Risk
S24537,Male,Computer,69,61,43,5.15,2,2.3,1,At Risk
S24543,Female,IT,88,83,91,7.29,1,4.7,0,Not At Risk
S24550,Male,IT,81,61,61,8.62,0,6.7,0,Not At Risk
S24559,Female,Computer,79,85,64,7.77,0,3.0,0,Not At Risk
S24560,Female,IT,74,68,81,9.29,1,4.6,0,Not At Risk
S24565,Female,Computer,73,87,74,9.4,0,6.2,0,Not At Risk
S24573,Female,AI,86,78,94,7.95,0,7.3,0,Not At Risk
S24574,Female,Computer,78,89,64,8.65,1,5.3,0,Not At Risk
S24575,Female,Computer,68,62,92,9.99,0,5.1,0,Not At Risk
S24578,Male,AI,68,83,74,7.11,0,4.5,0,Not At Risk
S24579,Male,IT,69,68,70,8.68,0,6.8,0,Not At Risk
S24584,Male,AI,68,48,58,6.68,3,2.3,1,At Risk
S24590,Female,Computer,94,64,56,8.86,0,5.1,0,Not At Risk
S24594,Female,IT,88,98,58,8.96,1,6.6,0,Not At Risk
S24596,Male,IT,67,85,87,9.74,0,5.8,0,Not At Risk
S24602,Female,IT,54,64,41,6.22,1,2.2,1,At Risk
S24605,Male,Computer,62,56,56,5.79,1,1.2,1,At Risk
S24609,Female,AI,71,93,99,7.44,0,3.6,0,Not At Risk
S24610,Male,IT,80,95,95,9.1,1,7.2,0,Not At Risk
S24616,Female,AI,63,48,43,6.43,3,1.9,1,At Risk
S24618,Female,Computer,65,65,56,7.0,0,4.4,0,Not At Risk
S24627,Male,Computer,91,76,82,8.75,0,6.6,0,Not At Risk
S24631,Male,Computer,85,89,93,8.53,1,6.3,0,Not At Risk
S24650,Female,IT,95,77,57,9.9,0,5.7,0,Not At Risk
S24658,Male,IT,71,56,92,9.55,1,3.2,0,Not At Risk
S24667,Female,Computer,71,72,86,8.35,0,6.0,0,Not At Risk
S24668,Male,IT,66,74,91,9.02,0,4.4,0,Not At Risk
S24671,Male,AI,65,74,81,7.76,0,6.5,0,Not At Risk
S24680,Male,Computer,69,57,56,8.97,1,3.6,0,Not At Risk
S24681,Male,Computer,79,74,57,9.56,1,3.7,0,Not At Risk
S24697,Female,AI,62,61,49,5.37,3,3.7,1,At Risk
S24698,Female,IT,57,36,56,6.68,2,1.9,1,At Risk
S24700,Female,Computer,85,65,97,8.6,0,3.4,0,Not At Risk
S24701,Male,Computer,90,81,57,7.33,0,4.0,0,Not At Risk
S24705,Female,Computer,73,99,75,7.12,0,7.6,0,Not At Risk
S24706,Female,AI,78,76,67,9.48,0,7.0,0,Not At Risk
S24709,Male,Computer,90,92,57,8.38,0,4.1,0,Not At Risk
S24713,Female,AI,49,60,68,6.41,3,3.0,1,At Risk
S24714,Female,Computer,70,84,84,9.86,1,5.7,0,Not At Risk
S24716,Female,Computer,82,66,91,8.68,0,5.1,0,Not At Risk
S24717,Female,Computer,97,84,88,8.99,0,4.5,0,Not At Risk
S24720,Male,IT,93,69,99,7.48,0,3.3,0,Not At Risk
S24723,Male,Computer,92,70,66,9.31,1,5.6,0,Not At Risk
S24726,Male,AI,90,65,70,9.78,0,7.0,0,Not At Risk
S24728,Male,AI,100,93,76,7.61,0,7.4,0,Not At Risk
S24729,Male,IT,73,77,93,8.34,0,3.5,0,Not At Risk
S24730,Male,Computer,74,56,95,9.03,0,5.6,0,Not At Risk
S24734,Male,Computer,99,66,58,6.81,0,6.8,0,Not At Risk
S24740,Male,AI,61,46,44,5.5,2,3.6,1,At Risk
S24744,Female,Computer,85,55,59,8.64,1,5.7,0,Not At Risk
S24753,Female,IT,79,94,68,8.93,0,6.3,0,Not At Risk
S24760,Male,AI,63,45,43,6.28,3,1.5,1,At Risk
S24761,Male,IT,68,58,57,9.14,1,6.1,0,Not At Risk
S24773,Female,IT,99,81,64,8.52,0,5.7,0,Not At Risk
S24779,Male,IT,55,53,69,5.98,3,2.3,1,At Risk
S24786,Male,Computer,78,56,64,7.81,1,7.4,0,Not At Risk
S24792,Male,AI,60,44,53,5.25,3,3.3,1,At Risk
S24801,Male,AI,68,63,96,9.7,0,5.4,0,Not At Risk
S24812,Female,Computer,72,73,88,9.55,0,7.2,0,Not At Risk
S24827,Male,IT,88,72,89,7.6,0,6.8,0,Not At Risk
S24828,Female,Computer,56,51,62,5.44,2,1.3,1,At Risk
S24829,Female,AI,48,59,50,5.51,2,1.1,1,At Risk
S24830,Male,IT,91,63,80,7.75,1,3.3,0,Not At Risk
S24831,Male,Computer,67,50,42,6.06,3,1.2,1,At Risk
S24835,Male,IT,99,58,85,8.37,0,6.3,0,Not At Risk
S24839,Male,IT,66,59,63,7.22,0,6.6,0,Not At Risk
S24842,Male,AI,74,98,74,7.33,0,7.8,0,Not At Risk
S24846,Female,AI,59,46,51,6.61,3,1.2,1,At Risk
S24870,Male,AI,92,92,69,8.38,0,7.9,0,Not At Risk
S24872,Male,AI,68,39,59,6.02,3,3.7,1,At Risk
S24877,Female,Computer,79,84,97,9.67,0,6.1,0,Not At Risk
S24878,Male,Computer,94,65,81,8.0,0,6.5,0,Not At Risk
S24879,Male,Computer,76,80,58,8.49,1,3.1,0,Not At Risk
S24885,Male,AI,67,62,96,9.42,0,7.0,0,Not At Risk
S24890,Male,IT,75,81,74,6.72,0,5.8,0,Not At Risk
S24891,Female,IT,90,85,84,7.16,0,6.9,0,Not At Risk
S24893,Female,AI,92,90,62,8.53,0,3.2,0,Not At Risk
S24894,Female,Computer,77,71,69,6.67,0,3.9,0,Not At Risk
S24896,Female,AI,93,56,60,8.46,0,4.5,0,Not At Risk
S24918,Male,AI,81,96,65,6.87,0,7.7,0,Not At Risk
S24922,Female,IT,68,73,92,6.96,0,3.4,0,Not At Risk
S24925,Female,IT,95,90,63,6.98,0,7.6,0,Not At Risk
S24932,Female,IT,83,57,96,8.49,0,4.2,0,Not At Risk
S24934,Male,AI,70,72,98,8.18,0,4.6,0,Not At Risk
S24936,Male,Computer,79,76,94,8.56,0,7.4,0,Not At Risk
S24937,Female,IT,66,71,78,8.17,0,5.6,0,Not At Risk
S24955,Male,IT,90,96,57,7.44,0,6.2,0,Not At Risk
S24960,Female,IT,49,35,38,6.23,2,3.6,1,At Risk
S24969,Male,AI,85,63,83,9.84,0,4.4,0,Not At Risk
S24973,Female,IT,70,97,77,9.78,0,4.2,0,Not At Risk
S24974,Female,AI,73,66,89,9.35,1,5.2,0,Not At Risk
S24976,Female,IT,96,99,62,7.54,0,5.8,0,Not At Risk
S24981,Female,Computer,53,43,65,6.21,2,3.2,1,At Risk
S24996,Male,Computer,74,77,77,8.56,0,7.1,0,Not At Risk
S24998,Male,Computer,83,70,80,8.17,1,4.5,0,Not At Risk
S24999,Female,IT,66,62,63,7.63,0,3.5,0,Not At Risk
S25000,Female,IT,91,60,58,6.7,0,6.5,0,Not At Risk
S25003,Female,IT,96,96,73,8.6,0,4.7,0,Not At Risk
S25005,Female,AI,67,100,59,9.49,0,7.3,0,Not At Risk
S25006,Female,Computer,53,49,43,5.83,1,3.8,1,At Risk
S25008,Male,AI,88,77,57,9.2,0,4.8,0,Not At Risk
S25009,Male,Computer,91,91,83,9.05,0,5.0,0,Not At Risk
S25014,Female,Computer,75,64,68,9.41,0,6.5,0,Not At Risk
S25022,Male,AI,80,69,94,9.83,1,5.8,0,Not At Risk
S25035,Female,Computer,68,64,47,5.29,2,3.9,1,At Risk
S25036,Female,IT,82,89,57,9.0,1,4.5,0,Not At Risk
S25038,Female,IT,77,58,81,8.62,0,7.8,0,Not At Risk
S25039,Male,Computer,89,79,95,9.71,0,7.9,0,Not At Risk
S25043,Female,IT,86,70,97,7.92,0,5.7,0,Not At Risk
S25053,Female,Computer,91,58,66,9.91,0,5.1,0,Not At Risk
S25058,Female,Computer,70,98,78,7.79,0,5.4,0,Not At Risk
S25064,Male,IT,64,55,60,4.91,1,2.8,1,At Risk
S25065,Male,AI,45,36,51,5.63,3,1.5,1,At Risk
S25066,Female,AI,84,84,76,6.56,0,5.2,0,Not At Risk
S25069,Female,AI,95,55,75,6.75,0,5.5,0,Not At Risk
S25072,Female,Computer,50,60,67,6.73,3,1.3,1,At Risk
S25075,Female,Computer,93,92,89,8.28,0,4.2,0,Not At Risk
S25080,Female,IT,84,81,85,6.58,0,7.9,0,Not At Risk
S25081,Female,IT,45,46,65,5.54,1,2.3,1,At Risk
S25096,Male,AI,81,55,71,8.46,1,4.7,0,Not At Risk
S25097,Female,Computer,58,42,42,6.4,2,3.6,1,At Risk
S25102,Female,Computer,46,45,55,6.17,3,2.5,1,At Risk
S25107,Female,IT,60,41,51,6.11,3,2.2,1,At Risk
S25121,Female,Computer,96,64,76,7.83,1,5.6,0,Not At Risk
S25122,Female,AI,66,57,63,6.19,3,2.0,1,At Risk
S25125,Female,Computer,51,59,68,6.14,2,2.2,1,At Risk
S25135,Female,AI,76,91,99,6.83,0,8.0,0,Not At Risk
S25150,Male,AI,82,79,83,7.84,0,6.0,0,Not At Risk
S25162,Male,IT,66,95,86,7.41,0,6.5,0,Not At Risk
S25165,Male,AI,96,65,91,8.01,0,6.2,0,Not At Risk
S25170,Female,Computer,83,78,68,9.35,1,3.1,0,Not At Risk
S25171,Female,Computer,100,93,78,7.15,0,6.3,0,Not At Risk
S25183,Female,AI,51,63,41,5.12,3,2.7,1,At Risk
S25189,Female,AI,66,56,51,6.59,2,2.4,1,At Risk
S25190,Male,Computer,53,47,55,6.77,3,2.0,1,At Risk
S25201,Female,IT,87,94,60,8.38,1,5.0,0,Not At Risk
S25208,Male,AI,52,56,62,5.52,2,2.9,1,At Risk
S25210,Male,Computer,85,75,74,9.99,0,4.1,0,Not At Risk
S25220,Male,AI,88,63,90,9.59,0,7.3,0,Not At Risk
S25223,Female,IT,66,68,58,8.49,0,3.3,0,Not At Risk
S25227,Male,Computer,77,70,57,8.99,0,4.2,0,Not At Risk
S25229,Male,AI,65,70,91,9.55,0,4.3,0,Not At Risk
S25235,Female,AI,59,62,56,6.59,1,2.3,1,At Risk
S25241,Male,IT,84,97,66,7.89,0,3.7,0,Not At Risk
S25242,Male,AI,95,66,77,7.11,0,4.8,0,Not At Risk
S25248,Male,Computer,95,71,62,9.31,0,5.3,0,Not At Risk
S25253,Male,AI,98,62,90,9.56,0,6.2,0,Not At Risk
S25256,Female,Computer,85,86,98,9.21,0,6.2,0,Not At Risk
S25258,Female,AI,52,53,40,5.98,3,2.3,1,At Risk
S25265,Female,AI,65,87,94,9.97,0,3.8,0,Not At Risk
S25266,Male,Computer,47,52,53,4.98,1,2.9,1,At Risk
S25269,Male,Computer,73,55,56,7.3,0,7.5,0,Not At Risk
S25271,Male,AI,93,71,68,9.17,0,4.7,0,Not At Risk
S25277,Male,AI,89,68,66,7.12,0,6.6,0,Not At Risk
S25279,Male,AI,67,81,97,8.29,0,6.6,0,Not At Risk
S25280,Female,IT,64,46,49,5.4,2,1.7,1,At Risk
S25285,Female,AI,68,77,67,7.81,0,7.1,0,Not At Risk
S25298,Male,Computer,72,77,66,8.41,0,6.5,0,Not At Risk
S25303,Male,AI,57,38,63,4.97,1,1.2,1,At Risk
S25305,Female,AI,57,44,67,5.27,1,2.1,1,At Risk
S25308,Female,IT,100,82,94,7.82,0,7.8,0,Not At Risk
S25309,Female,IT,88,64,63,6.82,0,6.1,0,Not At Risk
S25311,Male,Computer,91,75,72,9.32,0,6.9,0,Not At Risk
S25318,Female,Computer,78,72,92,8.77,1,4.3,0,Not At Risk
S25321,Male,AI,73,64,84,8.22,1,6.1,0,Not At Risk
S25325,Male,IT,79,58,76,9.69,0,8.0,0,Not At Risk
S25330,Female,AI,77,83,92,7.06,0,7.8,0,Not At Risk
S25340,Female,IT,84,93,56,8.11,0,7.4,0,Not At Risk
S25341,Female,Computer,99,76,95,9.1,1,5.7,0,Not At Risk
S25342,Female,Computer,67,86,95,8.06,0,7.1,0,Not At Risk
S25343,Female,AI,71,83,59,6.63,0,7.3,0,Not At Risk
S25344,Female,IT,65,64,80,6.91,0,6.8,0,Not At Risk
S25345,Female,AI,79,60,100,6.78,0,7.3,0,Not At Risk
S25348,Female,Computer,83,74,90,9.25,0,3.8,0,Not At Risk
S25350,Male,AI,61,62,54,6.7,1,3.9,1,At Risk
S25354,Female,Computer,94,73,64,9.36,0,4.2,0,Not At Risk
S25358,Male,AI,75,77,67,8.59,0,5.1,0,Not At Risk
S25360,Male,Computer,79,82,96,9.85,0,4.7,0,Not At Risk
S25364,Male,Computer,86,72,68,7.13,0,7.8,0,Not At Risk
S25366,Male,AI,93,98,62,9.51,0,3.8,0,Not At Risk
S25367,Female,Computer,99,97,79,9.55,0,3.8,0,Not At Risk
S25369,Female,Computer,66,96,72,6.58,1,4.5,0,Not At Risk
S25380,Female,AI,90,99,94,7.7,0,4.6,0,Not At Risk
S25385,Female,AI,84,90,94,8.5,0,5.4,0,Not At Risk
S25390,Male,IT,96,75,70,6.9,0,3.5,0,Not At Risk
S25400,Female,IT,88,91,83,7.42,0,4.6,0,Not At Risk
S25401,Male,Computer,92,76,98,9.52,0,6.9,0,Not At Risk
S25407,Male,IT,87,91,71,9.35,0,5.8,0,Not At Risk
S25408,Male,Computer,98,91,87,9.01,0,3.1,0,Not At Risk
S25411,Male,AI,76,92,76,8.88,1,3.3,0,Not At Risk
S25412,Male,IT,81,80,78,8.84,0,4.5,0,Not At Risk
S25418,Female,Computer,78,99,67,7.92,1,7.7,0,Not At Risk
S25425,Female,AI,73,64,80,6.63,0,5.1,0,Not At Risk
S25428,Female,AI,72,74,94,8.42,0,6.9,0,Not At Risk
S25429,Male,IT,68,39,55,6.65,1,1.9,1,At Risk
S25430,Male,AI,84,93,71,8.69,1,7.9,0,Not At Risk
S25436,Male,AI,57,48,45,6.31,3,2.9,1,At Risk
S25445,Female,IT,79,90,95,8.17,0,6.2,0,Not At Risk
S25457,Female,Computer,74,77,83,7.39,0,5.7,0,Not At Risk
S25466,Female,Computer,52,54,57,6.59,3,2.5,1,At Risk
S25471,Male,Computer,79,63,60,9.38,0,7.0,0,Not At Risk
S25485,Female,Computer,78,65,74,6.92,0,7.0,0,Not At Risk
S25486,Male,IT,98,87,85,9.6,0,3.4,0,Not At Risk
S25487,Male,AI,70,45,68,5.95,1,3.5,1,At Risk
S25488,Male,IT,92,66,69,8.37,1,3.1,0,Not At Risk
S25490,Male,AI,82,76,75,8.05,1,6.8,0,Not At Risk
S25495,Male,AI,96,82,59,7.95,0,6.7,0,Not At Risk
S25496,Male,AI,86,80,72,9.91,1,4.8,0,Not At Risk
S25497,Male,Computer,71,89,81,9.59,1,3.9,0,Not At Risk
S25503,Female,Computer,58,60,55,6.16,3,3.9,1,At Risk
S25506,Female,Computer,99,94,91,8.11,1,3.4,0,Not At Risk
S25512,Male,AI,93,80,78,8.11,0,3.9,0,Not At Risk
S25515,Female,IT,99,73,75,8.71,1,6.6,0,Not At Risk
S25521,Male,AI,61,38,39,6.3,3,3.5,1,At Risk
S25525,Female,IT,47,65,53,5.78,2,3.5,1,At Risk
S25536,Male,IT,61,62,62,6.6,2,3.3,1,At Risk
S25539,Female,IT,81,60,100,7.3,1,7.6,0,Not At Risk
S25540,Female,AI,90,86,72,8.02,1,3.3,0,Not At Risk
S25543,Male,AI,91,62,78,8.26,0,7.7,0,Not At Risk
S25544,Male,Computer,85,99,77,8.45,0,5.8,0,Not At Risk
S25556,Female,AI,51,41,61,5.34,1,2.4,1,At Risk
S25558,Female,IT,79,84,65,8.28,0,6.4,0,Not At Risk
S25565,Male,Computer,80,97,65,6.58,0,7.2,0,Not At Risk
S25579,Female,IT,82,75,72,9.53,0,3.6,0,Not At Risk
S25584,Male,AI,76,68,74,9.89,0,5.6,0,Not At Risk
S25586,Female,Computer,87,92,83,8.31,0,4.9,0,Not At Risk
S25589,Female,AI,58,50,70,5.85,2,2.4,1,At Risk
S25597,Female,Computer,70,59,55,9.22,0,4.5,0,Not At Risk
S25598,Female,IT,77,79,65,9.88,0,3.3,0,Not At Risk
S25602,Male,AI,88,75,81,7.87,0,6.9,0,Not At Risk
S25603,Female,Computer,55,50,62,6.72,3,3.7,1,At Risk
S25608,Female,IT,98,90,69,8.64,0,3.7,0,Not At Risk
S25610,Female,AI,88,99,77,9.15,0,5.5,0,Not At Risk
S25613,Male,AI,94,68,72,9.54,1,7.2,0,Not At Risk
S25615,Male,AI,75,78,92,7.58,0,3.5,0,Not At Risk
S25623,Female,Computer,92,87,60,8.82,0,5.4,0,Not At Risk
S25625,Female,IT,88,79,64,9.77,0,5.0,0,Not At Risk
S25631,Male,Computer,82,86,76,10.0,1,4.6,0,Not At Risk
S25634,Female,AI,50,65,43,6.75,3,2.6,1,At Risk
S25640,Male,IT,90,89,75,6.8,0,7.5,0,Not At Risk
S25642,Male,Computer,85,71,77,8.51,0,7.5,0,Not At Risk
S25649,Female,IT,95,59,91,7.81,0,3.0,0,Not At Risk
S25650,Female,AI,92,55,55,9.9,0,6.3,0,Not At Risk
S25659,Female,AI,59,53,41,6.25,1,3.6,1,At Risk
S25662,Female,Computer,96,74,64,9.01,0,7.1,0,Not At Risk
S25663,Male,AI,48,45,61,5.55,3,2.3,1,At Risk
S25664,Male,Computer,68,41,55,4.82,1,3.1,1,At Risk
S25669,Male,AI,85,93,77,6.74,1,7.8,0,Not At Risk
S25672,Female,AI,96,85,91,8.88,0,7.5,0,Not At Risk
S25677,Male,Computer,80,94,98,6.98,1,6.7,0,Not At Risk
S25678,Male,Computer,66,70,66,7.64,0,5.8,0,Not At Risk
S25680,Male,AI,90,98,68,7.76,0,3.2,0,Not At Risk
S25683,Female,Computer,76,99,89,8.98,0,3.8,0,Not At Risk
S25685,Female,IT,78,61,100,7.8,0,4.9,0,Not At Risk
S25689,Female,IT,99,82,63,6.73,0,4.6,0,Not At Risk
S25696,Male,AI,46,57,70,5.61,3,2.6,1,At Risk
S25698,Female,Computer,91,80,68,6.77,0,7.7,0,Not At Risk
S25699,Female,IT,89,79,62,8.49,0,5.5,0,Not At Risk
S25710,Female,AI,54,35,35,6.6,3,2.0,1,At Risk
S25715,Female,AI,72,57,75,8.62,1,4.0,0,Not At Risk
S25718,Male,Computer,65,58,59,7.72,0,4.5,0,Not At Risk
S25724,Male,IT,79,96,55,7.49,0,3.4,0,Not At Risk
S25736,Female,AI,84,98,92,8.28,1,4.2,0,Not At Risk
S25738,Female,AI,90,58,60,9.69,1,6.3,0,Not At Risk
S25742,Male,AI,76,58,56,9.76,0,3.9,0,Not At Risk
S25746,Male,AI,80,66,71,7.89,0,3.7,0,Not At Risk
S25748,Male,AI,65,55,97,8.18,0,6.4,0,Not At Risk
S25751,Male,Computer,97,81,63,8.17,0,7.4,0,Not At Risk
S25753,Male,AI,73,58,61,7.87,0,5.9,0,Not At Risk
S25766,Female,IT,78,66,85,6.73,0,5.0,0,Not At Risk
S25772,Female,AI,88,91,61,7.85,0,7.0,0,Not At Risk
S25775,Male,Computer,98,59,89,7.77,0,5.9,0,Not At Risk
S25779,Male,Computer,83,85,84,7.1,1,5.6,0,Not At Risk
S25781,Male,AI,78,80,81,7.57,1,4.8,0,Not At Risk
S25784,Male,Computer,94,99,83,9.05,1,4.6,0,Not At Risk
S25789,Female,AI,89,70,97,7.98,0,4.7,0,Not At Risk
S25795,Female,AI,98,64,80,9.36,1,7.9,0,Not At Risk
S25799,Female,IT,71,82,82,7.74,0,7.8,0,Not At Risk
S25809,Female,Computer,99,67,62,9.74,1,3.9,0,Not At Risk
S25813,Female,Computer,82,96,64,9.28,0,6.1,0,Not At Risk
S25815,Female,IT,45,35,58,5.0,1,1.8,1,At Risk
S25816,Male,AI,92,80,87,7.24,0,5.4,0,Not At Risk
S25820,Female,AI,82,64,95,7.82,0,4.4,0,Not At Risk
S25827,Male,AI,87,55,100,6.81,0,3.0,0,Not At Risk
S25840,Male,AI,70,77,69,9.26,0,3.2,0,Not At Risk
S25844,Female,Computer,93,71,82,8.64,0,7.2,0,Not At Risk
S25849,Male,IT,59,63,56,6.11,2,3.9,1,At Risk
S25852,Female,AI,95,72,100,8.29,0,4.3,0,Not At Risk
S25854,Female,AI,71,70,91,7.82,1,7.4,0,Not At Risk
S25860,Female,IT,66,84,85,9.27,0,7.1,0,Not At Risk
S25863,Male,IT,72,75,89,8.99,0,7.8,0,Not At Risk
S25867,Female,AI,81,77,90,6.75,0,3.1,0,Not At Risk
S25869,Male,Computer,74,66,98,7.61,0,3.4,0,Not At Risk
S25871,Male,AI,85,57,63,7.94,1,6.1,0,Not At Risk
S25873,Female,AI,87,65,98,7.36,0,7.1,0,Not At Risk
S25875,Male,AI,91,55,62,8.49,0,5.0,0,Not At Risk
S25876,Female,Computer,76,73,92,6.65,0,3.9,0,Not At Risk
S25886,Male,IT,84,91,66,7.52,1,6.5,0,Not At Risk
S25899,Female,AI,98,91,90,6.77,0,3.8,0,Not At Risk
S25900,Male,IT,81,58,98,6.62,0,4.8,0,Not At Risk
S25917,Female,AI,75,100,68,7.68,1,4.9,0,Not At Risk
S25918,Female,Computer,88,76,82,9.46,0,3.4,0,Not At Risk
S25924,Female,Computer,99,75,77,8.48,1,7.7,0,Not At Risk
S25948,Male,AI,93,62,95,9.41,0,5.0,0,Not At Risk
S25950,Female,Computer,71,82,93,7.31,0,4.2,0,Not At Risk
S25951,Male,IT,55,47,44,5.37,1,2.6,1,At Risk
S25955,Male,IT,74,87,83,9.82,0,6.0,0,Not At Risk
S25960,Female,AI,54,58,38,6.22,2,1.2,1,At Risk
S25963,Female,IT,67,91,82,7.38,0,7.1,0,Not At Risk
S25967,Female,AI,67,76,98,8.75,1,5.0,0,Not At Risk
S25971,Female,AI,62,58,49,4.82,2,3.9,1,At Risk
S25976,Male,IT,85,89,87,8.93,0,4.7,0,Not At Risk
S25992,Female,Computer,70,77,96,8.58,0,7.5,0,Not At Risk
S26008,Female,Computer,82,80,83,8.2,0,7.9,0,Not At Risk
S26012,Male,AI,96,87,66,8.69,0,3.2,0,Not At Risk
S26019,Female,IT,71,59,73,9.87,0,5.0,0,Not At Risk
S26021,Male,Computer,77,70,95,9.05,1,6.5,0,Not At Risk
S26026,Male,Computer,97,72,65,9.85,0,8.0,0,Not At Risk
S26034,Male,AI,72,69,63,7.38,0,6.2,0,Not At Risk
S26037,Male,Computer,86,62,69,8.45,1,4.5,0,Not At Risk
S26044,Female,Computer,84,86,57,7.87,1,6.0,0,Not At Risk
S26053,Female,Computer,53,58,59,5.33,2,4.0,1,At Risk
S26059,Female,Computer,65,90,80,6.78,0,3.8,0,Not At Risk
S26063,Male,Computer,70,65,56,6.13,1,2.4,1,At Risk
S26065,Male,AI,73,72,99,7.07,1,7.9,0,Not At Risk
S26072,Male,IT,46,61,61,5.55,3,3.7,1,At Risk
S26082,Female,Computer,60,43,65,6.52,2,2.2,1,At Risk
S26083,Female,AI,71,76,91,7.84,1,4.2,0,Not At Risk
S26084,Male,IT,75,93,76,9.97,1,3.5,0,Not At Risk
S26087,Male,IT,66,98,87,7.54,0,4.5,0,Not At Risk
S26100,Female,Computer,66,96,96,9.69,0,4.4,0,Not At Risk
S26106,Male,Computer,78,89,95,8.41,0,3.5,0,Not At Risk
S26109,Male,AI,84,88,81,7.89,0,4.0,0,Not At Risk
S26113,Male,IT,70,64,95,6.57,0,6.9,0,Not At Risk
S26116,Female,Computer,69,77,85,9.31,0,4.7,0,Not At Risk
S26118,Female,AI,83,87,97,7.02,0,4.5,0,Not At Risk
S26121,Male,IT,95,58,89,7.38,0,6.3,0,Not At Risk
S26123,Male,IT,89,69,64,6.59,0,7.0,0,Not At Risk
S26124,Male,AI,87,70,97,9.11,0,5.6,0,Not At Risk
S26145,Female,IT,67,78,78,9.82,0,3.1,0,Not At Risk
S26147,Female,IT,67,56,56,5.39,1,3.8,1,At Risk
S26148,Female,Computer,80,70,90,8.96,0,4.2,0,Not At Risk
S26155,Male,AI,50,55,49,6.47,2,1.5,1,At Risk
S26157,Male,IT,95,87,76,8.84,0,7.5,0,Not At Risk
S26159,Female,AI,72,72,95,7.06,0,7.8,0,Not At Risk
S26161,Male,Computer,62,49,57,5.22,1,1.6,1,At Risk
S26166,Female,IT,70,56,73,8.81,0,4.2,0,Not At Risk
S26172,Male,Computer,89,92,70,7.8,1,3.8,0,Not At Risk
S26174,Male,IT,47,61,64,5.55,3,2.7,1,At Risk
S26178,Female,AI,56,61,56,6.25,1,1.9,1,At Risk
S26181,Male,Computer,96,60,71,8.84,0,6.9,0,Not At Risk
S26182,Female,Computer,67,80,71,7.96,0,5.5,0,Not At Risk
S26184,Male,Computer,67,74,72,7.17,0,6.1,0,Not At Risk
S26186,Male,IT,86,100,76,7.89,1,3.8,0,Not At Risk
S26195,Female,IT,65,68,99,9.35,1,3.1,0,Not At Risk
S26203,Female,Computer,53,47,63,6.58,2,3.1,1,At Risk
S26205,Male,IT,81,73,71,7.32,1,5.4,0,Not At Risk
S26214,Female,IT,61,44,59,4.9,3,3.2,1,At Risk
S26218,Male,AI,63,51,50,5.14,3,3.3,1,At Risk
S26222,Female,Computer,78,93,98,7.82,1,6.8,0,Not At Risk
S26228,Male,Computer,94,82,94,9.06,0,5.4,0,Not At Risk
S26234,Male,IT,68,48,42,5.17,1,2.9,1,At Risk
S26245,Male,AI,69,75,81,8.23,0,4.5,0,Not At Risk
S26250,Male,Computer,70,49,44,6.2,3,2.0,1,At Risk
S26251,Male,AI,82,93,79,6.63,0,5.5,0,Not At Risk
S26252,Male,Computer,88,97,59,8.2,0,3.5,0,Not At Risk
S26259,Female,AI,98,69,72,9.61,0,6.3,0,Not At Risk
S26286,Male,IT,91,74,98,8.35,0,7.1,0,Not At Risk
S26293,Female,Computer,68,58,80,8.72,0,5.6,0,Not At Risk
S26294,Male,IT,95,84,92,7.82,0,5.0,0,Not At Risk
S26301,Male,IT,96,62,73,6.67,0,7.0,0,Not At Risk
S26305,Male,AI,68,77,66,7.12,0,5.2,0,Not At Risk
S26319,Male,Computer,96,93,66,6.61,0,3.4,0,Not At Risk
S26321,Male,Computer,77,94,87,7.19,0,7.2,0,Not At Risk
S26334,Female,IT,81,56,82,9.75,0,4.9,0,Not At Risk
S26335,Male,AI,98,91,86,8.19,0,7.8,0,Not At Risk
S26340,Male,Computer,92,62,68,9.51,0,5.2,0,Not At Risk
S26346,Male,IT,76,83,63,9.87,1,4.0,0,Not At Risk
S26358,Male,Computer,47,42,44,5.38,3,2.1,1,At Risk
S26361,Male,Computer,78,72,69,8.72,1,7.3,0,Not At Risk
S26368,Female,AI,58,45,58,6.67,1,3.5,1,At Risk
S26371,Female,IT,79,98,64,9.64,1,4.1,0,Not At Risk
S26378,Female,IT,57,56,42,5.66,2,2.2,1,At Risk
S26383,Female,Computer,67,70,83,8.77,1,5.4,0,Not At Risk
S26390,Male,Computer,97,61,100,7.16,0,5.5,0,Not At Risk
S26399,Male,IT,66,91,89,9.7,1,7.5,0,Not At Risk
S26405,Female,IT,78,87,86,7.22,1,5.7,0,Not At Risk
S26411,Male,AI,76,85,87,7.7,0,6.5,0,Not At Risk
S26413,Female,AI,70,54,63,5.19,3,3.9,1,At Risk
S26414,Female,IT,56,36,41,6.65,2,1.9,1,At Risk
S26419,Female,AI,51,65,68,5.22,2,1.5,1,At Risk
S26427,Male,IT,73,60,71,7.33,0,7.5,0,Not At Risk
S26428,Male,Computer,90,90,64,8.93,0,7.1,0,Not At Risk
S26431,Male,AI,67,55,62,8.8,1,5.2,0,Not At Risk
S26433,Female,AI,79,99,61,8.71,1,5.4,0,Not At Risk
S26436,Female,AI,56,48,49,5.79,3,1.6,1,At Risk
S26441,Female,Computer,49,47,54,6.77,3,3.1,1,At Risk
S26442,Male,AI,69,73,90,8.36,1,7.3,0,Not At Risk
S26446,Female,AI,68,56,52,6.65,3,1.7,1,At Risk
S26452,Female,IT,71,62,93,7.69,0,3.5,0,Not At Risk
S26453,Female,IT,74,71,99,8.94,0,6.7,0,Not At Risk
S26465,Male,Computer,53,58,49,6.71,3,3.8,1,At Risk
S26470,Female,IT,66,69,61,9.62,0,4.2,0,Not At Risk
S26472,Female,AI,64,36,56,5.79,1,3.7,1,At Risk
S26484,Male,IT,66,99,57,7.52,0,4.1,0,Not At Risk
S26495,Male,Computer,84,78,62,8.28,1,5.3,0,Not At Risk
S26504,Female,IT,98,84,91,7.59,0,7.6,0,Not At Risk
S26513,Male,AI,70,46,47,5.63,2,1.8,1,At Risk
S26519,Male,IT,46,49,35,6.18,2,3.1,1,At Risk
S26527,Female,AI,93,70,72,9.47,1,5.4,0,Not At Risk
S26530,Male,IT,70,95,98,7.46,0,6.6,0,Not At Risk
S26539,Female,AI,98,84,86,8.24,0,6.0,0,Not At Risk
S26549,Male,AI,79,87,94,9.24,1,5.7,0,Not At Risk
S26553,Male,IT,86,100,97,9.1,0,7.7,0,Not At Risk
S26563,Female,IT,69,71,56,7.86,1,4.1,0,Not At Risk
S26564,Female,AI,96,72,82,9.71,0,3.4,0,Not At Risk
S26565,Female,IT,76,73,89,7.03,0,5.7,0,Not At Risk
S26570,Female,IT,65,98,82,9.22,0,7.2,0,Not At Risk
S26575,Male,AI,96,57,73,6.83,0,3.2,0,Not At Risk
S26577,Female,IT,73,65,69,7.43,0,4.0,0,Not At Risk
S26579,Male,IT,75,70,83,7.57,1,7.2,0,Not At Risk
S26582,Female,AI,98,82,71,9.12,0,4.0,0,Not At Risk
S26583,Female,AI,69,93,58,6.68,1,6.6,0,Not At Risk
S26590,Male,AI,59,60,57,4.83,3,3.5,1,At Risk
S26593,Female,Computer,77,95,98,7.59,0,5.4,0,Not At Risk
S26597,Female,IT,96,97,88,7.55,0,3.8,0,Not At Risk
S26600,Female,IT,76,72,88,6.7,0,3.1,0,Not At Risk
S26603,Female,AI,74,58,60,8.94,0,7.3,0,Not At Risk
S26608,Female,AI,61,49,37,4.84,2,3.0,1,At Risk
S26614,Female,Computer,100,56,64,7.52,1,3.3,0,Not At Risk
S26617,Male,Computer,73,57,74,8.74,0,3.5,0,Not At Risk
S26619,Female,IT,79,92,69,7.93,1,5.5,0,Not At Risk
S26620,Female,Computer,71,87,97,9.68,0,4.2,0,Not At Risk
S26622,Male,AI,85,83,83,8.58,1,6.7,0,Not At Risk
S26648,Male,IT,76,66,98,7.01,0,3.1,0,Not At Risk
S26655,Male,AI,57,62,63,6.42,2,3.3,1,At Risk
S26667,Female,AI,80,96,58,7.68,0,3.9,0,Not At Risk
S26673,Female,Computer,73,77,72,7.41,0,4.1,0,Not At Risk
S26676,Male,AI,66,71,71,7.73,0,4.3,0,Not At Risk
S26684,Male,Computer,66,71,97,7.62,1,5.1,0,Not At Risk
S26685,Male,Computer,90,74,82,6.72,0,6.6,0,Not At Risk
S26690,Female,Computer,81,78,71,9.24,1,4.0,0,Not At Risk
S26701,Female,IT,77,82,93,7.39,1,4.9,0,Not At Risk
S26714,Male,AI,68,70,69,9.48,0,5.6,0,Not At Risk
S26717,Male,AI,81,99,57,8.85,0,3.1,0,Not At Risk
S26726,Female,AI,67,70,55,7.22,1,7.0,0,Not At Risk
S26727,Female,IT,66,66,57,7.89,0,6.2,0,Not At Risk
S26728,Male,IT,96,60,67,7.58,0,6.0,0,Not At Risk
S26735,Male,Computer,88,100,88,9.08,0,7.1,0,Not At Risk
S26738,Female,IT,68,64,66,6.36,1,3.8,1,At Risk
S26741,Female,Computer,70,38,60,5.76,2,3.1,1,At Risk
S26750,Male,IT,83,92,71,6.85,0,5.2,0,Not At Risk
S26754,Female,Computer,86,92,80,8.33,0,3.4,0,Not At Risk
S26758,Male,Computer,66,91,77,6.88,0,7.1,0,Not At Risk
S26767,Male,Computer,98,90,92,8.0,0,7.0,0,Not At Risk
S26768,Female,Computer,80,79,65,7.48,0,4.3,0,Not At Risk
S26769,Female,IT,65,64,58,4.9,3,2.8,1,At Risk
S26778,Male,Computer,75,97,60,6.73,0,7.0,0,Not At Risk
S26788,Male,AI,91,98,86,7.9,0,6.4,0,Not At Risk
S26789,Male,Computer,75,64,58,10.0,0,7.9,0,Not At Risk
S26790,Male,AI,81,97,70,7.74,0,4.6,0,Not At Risk
S26798,Female,IT,86,79,92,7.26,0,6.2,0,Not At Risk
S26800,Female,AI,98,76,62,8.18,0,4.2,0,Not At Risk
S26802,Female,IT,85,61,57,9.26,0,3.7,0,Not At Risk
S26814,Female,Computer,67,77,94,7.06,0,6.9,0,Not At Risk
S26821,Male,Computer,48,59,64,6.24,3,1.9,1,At Risk
S26827,Male,IT,73,56,55,9.45,0,5.1,0,Not At Risk
S26830,Male,Computer,82,93,73,7.11,0,3.3,0,Not At Risk
S26833,Female,Computer,90,96,85,9.61,0,3.4,0,Not At Risk
S26834,Male,Computer,85,76,65,6.64,0,5.0,0,Not At Risk
S26838,Female,Computer,78,65,67,8.51,0,4.4,0,Not At Risk
S26841,Female,AI,73,61,84,7.27,0,6.4,0,Not At Risk
S26842,Male,AI,66,60,90,9.34,0,3.7,0,Not At Risk
S26846,Male,Computer,69,91,74,7.52,0,4.0,0,Not At Risk
S26848,Male,IT,82,63,91,7.64,1,5.8,0,Not At Risk
S26850,Male,IT,81,84,65,6.64,0,3.7,0,Not At Risk
S26852,Male,IT,66,87,64,9.54,0,6.3,0,Not At Risk
S26859,Male,IT,48,38,36,5.94,1,3.8,1,At Risk
S26860,Male,Computer,73,64,74,7.4,0,6.1,0,Not At Risk
S26861,Female,Computer,95,67,73,7.15,1,3.1,0,Not At Risk
S26862,Female,IT,99,74,97,7.13,0,5.9,0,Not At Risk
S26868,Male,IT,92,99,61,8.62,0,4.6,0,Not At Risk
S26875,Female,AI,66,46,69,5.8,3,3.2,1,At Risk
S26891,Female,IT,80,74,75,9.71,1,7.5,0,Not At Risk
S26894,Male,Computer,63,65,39,5.97,3,1.7,1,At Risk
S26896,Male,AI,96,78,84,6.55,0,6.6,0,Not At Risk
S26899,Male,AI,88,73,98,8.21,1,5.7,0,Not At Risk
S26905,Male,Computer,48,45,52,4.93,3,1.8,1,At Risk
S26907,Female,IT,69,87,66,8.2,0,5.5,0,Not At Risk
S26921,Female,IT,96,91,74,7.0,0,5.4,0,Not At Risk
S26922,Female,Computer,73,68,56,6.71,0,5.4,0,Not At Risk
S26932,Female,AI,69,47,53,6.04,2,2.8,1,At Risk
S26935,Female,IT,88,86,82,6.52,0,7.1,0,Not At Risk
S26939,Female,IT,67,88,97,8.89,0,6.9,0,Not At Risk
S26945,Female,Computer,94,84,72,8.79,0,5.0,0,Not At Risk
S26946,Male,Computer,64,40,67,5.84,2,2.5,1,At Risk
S26948,Male,Computer,92,57,61,7.39,0,3.8,0,Not At Risk
S26950,Male,IT,46,61,62,5.39,1,1.8,1,At Risk
S26951,Male,AI,81,86,59,7.04,0,7.3,0,Not At Risk
S26953,Female,IT,51,58,50,5.67,2,3.1,1,At Risk
S26955,Female,Computer,67,57,43,5.65,1,2.1,1,At Risk
S26961,Male,AI,66,77,94,7.51,0,5.3,0,Not At Risk
S26967,Female,AI,62,38,54,5.17,3,1.1,1,At Risk
S26968,Female,IT,70,91,66,8.59,0,3.2,0,Not At Risk
S26969,Female,IT,88,83,97,7.85,0,6.1,0,Not At Risk
S26977,Male,Computer,71,68,85,7.11,1,6.1,0,Not At Risk
S26985,Female,Computer,98,97,77,8.76,0,3.4,0,Not At Risk
S26986,Female,IT,58,58,65,6.75,3,1.2,1,At Risk
S26987,Female,IT,68,71,89,8.11,0,3.4,0,Not At Risk
S26996,Female,AI,93,64,60,8.71,1,4.5,0,Not At Risk
S27016,Male,IT,86,74,75,8.78,0,7.3,0,Not At Risk
S27017,Female,Computer,78,80,74,8.87,0,7.6,0,Not At Risk
S27028,Male,Computer,59,44,58,5.31,3,1.4,1,At Risk
S27034,Male,IT,74,67,85,9.53,0,6.1,0,Not At Risk
S27061,Male,IT,76,77,55,6.84,1,7.1,0,Not At Risk
S27067,Male,IT,95,100,72,9.29,0,6.7,0,Not At Risk
S27076,Male,AI,99,57,69,9.54,1,4.1,0,Not At Risk
S27086,Male,Computer,84,81,94,8.34,0,7.9,0,Not At Risk
S27092,Female,IT,76,82,87,6.76,0,4.7,0,Not At Risk
S27097,Female,IT,95,97,91,6.72,0,7.7,0,Not At Risk
S27100,Female,Computer,85,68,97,7.04,1,3.6,0,Not At Risk
S27106,Male,IT,87,97,57,8.75,0,5.8,0,Not At Risk
S27107,Male,IT,56,50,46,6.67,3,2.0,1,At Risk
S27108,Female,AI,92,59,70,9.89,0,5.5,0,Not At Risk
S27110,Female,IT,89,95,97,7.25,0,6.3,0,Not At Risk
S27119,Female,IT,68,55,71,6.7,0,7.9,0,Not At Risk
S27124,Female,AI,94,89,91,8.36,0,4.3,0,Not At Risk
S27127,Female,AI,100,89,58,9.77,1,5.1,0,Not At Risk
S27138,Female,Computer,89,61,93,8.81,1,4.0,0,Not At Risk
S27141,Male,IT,79,94,77,8.48,0,3.2,0,Not At Risk
S27146,Female,Computer,75,98,69,9.49,0,5.1,0,Not At Risk
S27147,Female,AI,51,47,41,6.63,2,1.4,1,At Risk
S27148,Female,AI,65,92,80,9.68,1,7.0,0,Not At Risk
S27154,Female,AI,71,100,70,8.83,1,5.3,0,Not At Risk
S27156,Male,IT,92,76,65,8.21,1,6.6,0,Not At Risk
S27158,Female,AI,70,58,38,6.57,1,2.1,1,At Risk
S27162,Male,Computer,70,93,66,9.82,0,3.2,0,Not At Risk
S27182,Male,AI,52,45,53,4.9,2,1.6,1,At Risk
S27188,Male,Computer,77,62,93,8.85,0,7.4,0,Not At Risk
S27190,Female,Computer,77,99,58,8.47,0,4.9,0,Not At Risk
S27197,Female,Computer,94,73,59,7.55,0,5.5,0,Not At Risk
S27208,Female,AI,69,71,90,7.89,0,4.4,0,Not At Risk
S27210,Male,AI,48,58,69,5.27,3,3.4,1,At Risk
S27211,Male,AI,80,75,81,7.36,0,6.0,0,Not At Risk
S27215,Female,Computer,93,61,83,9.51,0,6.7,0,Not At Risk
S27226,Female,IT,65,66,60,9.86,0,7.9,0,Not At Risk
S27228,Female,IT,70,76,89,9.87,1,5.1,0,Not At Risk
S27244,Female,AI,78,77,59,9.64,1,3.2,0,Not At Risk
S27249,Female,AI,91,80,57,9.9,0,4.4,0,Not At Risk
S27251,Female,AI,53,40,66,5.43,3,3.5,1,At Risk
S27252,Male,Computer,88,57,91,8.84,0,5.0,0,Not At Risk
S27254,Male,AI,91,75,57,7.34,0,4.6,0,Not At Risk
S27259,Female,Computer,71,67,93,7.94,0,3.3,0,Not At Risk
S27260,Female,IT,70,93,55,8.85,0,7.5,0,Not At Risk
S27264,Female,AI,71,70,55,8.22,0,7.5,0,Not At Risk
S27270,Male,AI,79,77,73,8.36,1,5.7,0,Not At Risk
S27275,Male,Computer,88,91,85,7.91,0,3.3,0,Not At Risk
S27280,Female,IT,89,59,61,7.44,0,5.7,0,Not At Risk
S27287,Male,AI,84,87,76,8.66,0,5.5,0,Not At Risk
S27290,Female,Computer,55,56,58,5.4,2,1.7,1,At Risk
S27292,Male,Computer,78,99,67,8.32,1,4.3,0,Not At Risk
S27329,Female,Computer,81,69,80,7.05,1,4.1,0,Not At Risk
S27337,Female,Computer,78,86,61,9.66,0,4.9,0,Not At Risk
S27356,Female,Computer,65,79,99,8.5,0,7.7,0,Not At Risk
S27362,Female,AI,82,88,59,9.54,0,6.9,0,Not At Risk
S27366,Male,Computer,75,99,75,7.85,0,6.8,0,Not At Risk
S27367,Male,AI,63,65,55,5.09,3,1.7,1,At Risk
S27373,Male,AI,88,63,97,9.03,0,7.2,0,Not At Risk
S27375,Male,IT,86,85,74,7.58,0,6.1,0,Not At Risk
S27380,Male,IT,69,74,82,7.63,0,6.0,0,Not At Risk
S27389,Female,Computer,53,62,60,6.59,1,1.6,1,At Risk
S27413,Female,IT,76,88,99,6.65,0,7.0,0,Not At Risk
S27418,Male,Computer,94,71,79,9.84,0,3.5,0,Not At Risk
S27429,Male,AI,91,75,63,8.75,0,6.0,0,Not At Risk
S27434,Male,IT,77,85,84,7.19,0,4.3,0,Not At Risk
S27437,Female,Computer,64,40,69,6.45,1,1.5,1,At Risk
S27438,Male,AI,66,99,79,8.75,0,3.4,0,Not At Risk
S27440,Male,AI,54,65,54,5.32,3,3.4,1,At Risk
S27450,Male,AI,68,91,99,8.44,0,7.3,0,Not At Risk
S27456,Male,Computer,69,53,49,5.6,1,3.4,1,At Risk
S27457,Female,AI,80,58,55,8.26,1,3.3,0,Not At Risk
S27461,Male,AI,77,91,91,8.92,0,4.8,0,Not At Risk
S27463,Female,AI,73,78,65,8.69,0,4.9,0,Not At Risk
S27464,Female,IT,72,80,84,7.79,1,3.8,0,Not At Risk
S27468,Female,AI,99,61,96,7.74,0,6.2,0,Not At Risk
S27473,Male,Computer,54,50,41,5.52,1,2.9,1,At Risk
S27474,Female,Computer,98,83,77,6.67,1,5.3,0,Not At Risk
S27476,Female,IT,68,64,69,9.53,0,5.5,0,Not At Risk
S27489,Female,AI,48,57,37,6.58,2,3.7,1,At Risk
S27496,Male,AI,89,100,56,6.85,1,7.5,0,Not At Risk
S27499,Male,Computer,76,76,76,7.46,1,4.5,0,Not At Risk
S27509,Male,AI,80,90,83,7.23,1,3.9,0,Not At Risk
S27512,Male,Computer,82,65,76,9.21,1,7.3,0,Not At Risk
S27513,Male,AI,80,92,78,8.63,0,4.2,0,Not At Risk
S27517,Male,Computer,92,59,86,8.04,0,5.7,0,Not At Risk
S27521,Male,AI,79,58,100,7.1,0,4.9,0,Not At Risk
S27530,Female,IT,72,61,73,7.8,0,4.4,0,Not At Risk
S27536,Female,Computer,45,60,37,5.96,2,1.9,1,At Risk
S27537,Male,Computer,93,70,90,9.76,0,3.3,0,Not At Risk
S27553,Female,Computer,72,62,73,9.37,0,4.5,0,Not At Risk
S27558,Female,Computer,71,57,86,7.47,0,3.5,0,Not At Risk
S27561,Male,Computer,74,93,80,9.6,0,6.7,0,Not At Risk
S27562,Male,AI,79,65,58,7.09,0,6.2,0,Not At Risk
S27564,Female,Computer,91,56,73,7.25,1,4.7,0,Not At Risk
S27566,Female,Computer,74,72,67,7.14,0,3.4,0,Not At Risk
S27567,Female,IT,66,63,100,7.03,1,7.5,0,Not At Risk
S27576,Male,IT,83,76,82,7.79,0,4.8,0,Not At Risk
S27580,Male,Computer,85,71,58,9.95,0,3.6,0,Not At Risk
S27583,Female,AI,92,74,67,8.79,0,4.6,0,Not At Risk
S27591,Male,AI,72,56,60,8.52,1,6.9,0,Not At Risk
S27593,Male,AI,76,69,86,10.0,0,3.1,0,Not At Risk
S27603,Male,IT,79,80,78,7.45,0,7.1,0,Not At Risk
S27611,Male,AI,91,90,59,9.15,0,3.3,0,Not At Risk
S27622,Male,AI,69,67,62,8.13,0,6.7,0,Not At Risk
S27623,Male,IT,74,88,70,9.97,0,4.2,0,Not At Risk
S27626,Male,Computer,57,36,68,5.33,2,3.9,1,At Risk
S27627,Male,AI,83,56,67,7.82,1,3.2,0,Not At Risk
S27630,Female,AI,80,86,97,7.41,0,7.8,0,Not At Risk
S27632,Male,Computer,65,66,88,7.75,0,6.4,0,Not At Risk
S27633,Female,AI,69,73,86,6.76,0,6.2,0,Not At Risk
S27637,Male,Computer,69,89,86,9.57,1,5.7,0,Not At Risk
S27638,Female,AI,65,58,93,7.44,0,6.1,0,Not At Risk
S27641,Female,AI,85,99,80,8.4,1,4.1,0,Not At Risk
S27643,Male,AI,84,66,76,9.25,0,6.8,0,Not At Risk
S27648,Male,Computer,85,62,90,8.59,1,5.0,0,Not At Risk
S27650,Female,IT,79,58,96,7.47,0,6.1,0,Not At Risk
S27660,Male,IT,65,80,82,6.94,0,4.3,0,Not At Risk
S27664,Female,AI,95,85,76,7.58,1,5.3,0,Not At Risk
S27678,Female,AI,65,63,62,5.16,1,3.6,1,At Risk
S27682,Male,AI,49,63,66,6.59,2,1.8,1,At Risk
S27683,Female,Computer,77,88,70,7.86,0,7.6,0,Not At Risk
S27688,Male,AI,71,91,55,7.03,0,5.8,0,Not At Risk
S27690,Male,AI,98,71,91,9.55,0,4.5,0,Not At Risk
S27706,Male,Computer,66,54,64,6.4,2,3.6,1,At Risk
S27709,Female,Computer,82,63,88,7.85,0,6.3,0,Not At Risk
S27711,Male,IT,72,86,80,7.16,0,5.3,0,Not At Risk
S27716,Female,IT,84,72,64,8.29,0,5.7,0,Not At Risk
S27718,Male,AI,58,53,70,6.23,3,3.6,1,At Risk
S27722,Female,IT,73,59,85,8.78,1,5.6,0,Not At Risk
S27744,Female,Computer,66,76,81,7.68,0,6.3,0,Not At Risk
S27766,Female,IT,90,91,79,8.28,0,3.6,0,Not At Risk
S27773,Male,AI,77,76,100,7.87,1,4.0,0,Not At Risk
S27774,Female,IT,90,90,96,8.33,1,7.9,0,Not At Risk
S27782,Female,IT,99,74,99,8.81,1,5.2,0,Not At Risk
S27784,Male,IT,93,60,74,7.56,0,3.6,0,Not At Risk
S27785,Female,AI,88,55,76,8.52,0,4.2,0,Not At Risk
S27788,Male,IT,88,78,78,8.16,0,5.2,0,Not At Risk
S27792,Female,IT,90,90,92,6.62,1,3.9,0,Not At Risk
S27798,Male,IT,68,69,67,7.01,1,4.1,0,Not At Risk
S27809,Female,Computer,85,79,86,7.82,1,5.6,0,Not At Risk
S27812,Male,IT,73,58,96,8.28,0,4.2,0,Not At Risk
S27818,Female,IT,78,67,83,9.13,0,6.9,0,Not At Risk
S27824,Male,Computer,81,85,62,9.09,1,4.1,0,Not At Risk
S27826,Female,IT,90,95,76,8.79,0,5.1,0,Not At Risk
S27828,Female,AI,72,92,64,9.09,0,5.5,0,Not At Risk
S27832,Female,AI,87,80,90,9.89,0,5.1,0,Not At Risk
S27852,Female,Computer,66,61,55,5.21,2,2.3,1,At Risk
S27853,Female,Computer,90,60,100,7.23,1,3.5,0,Not At Risk
S27856,Male,IT,79,61,100,9.92,0,6.9,0,Not At Risk
S27859,Male,AI,79,99,61,8.57,0,4.9,0,Not At Risk
S27866,Female,AI,99,62,97,7.47,1,5.2,0,Not At Risk
S27867,Female,AI,53,58,57,6.29,2,2.1,1,At Risk
S27872,Female,Computer,96,89,67,8.79,0,5.7,0,Not At Risk
S27881,Female,IT,56,51,46,5.35,3,2.2,1,At Risk
S27882,Female,Computer,90,87,74,6.57,0,5.0,0,Not At Risk
S27895,Male,Computer,99,86,57,8.05,0,7.3,0,Not At Risk
S27903,Male,IT,96,61,90,7.19,1,6.2,0,Not At Risk
S27907,Male,IT,98,62,73,7.52,0,4.6,0,Not At Risk
S27912,Female,Computer,96,82,65,8.86,0,3.8,0,Not At Risk
S27913,Male,AI,85,77,91,7.04,0,6.3,0,Not At Risk
S27915,Female,AI,94,66,56,8.79,0,4.6,0,Not At Risk
S27923,Male,IT,95,83,55,8.71,0,5.9,0,Not At Risk
S27925,Male,Computer,67,72,55,7.39,0,7.2,0,Not At Risk
S27933,Male,AI,71,84,100,7.06,0,4.9,0,Not At Risk
S27934,Male,Computer,87,86,97,7.79,0,6.6,0,Not At Risk
S27938,Male,Computer,65,80,68,9.88,0,5.0,0,Not At Risk
S27944,Female,Computer,66,83,57,7.76,0,6.9,0,Not At Risk
S27945,Male,IT,94,82,92,8.62,0,7.9,0,Not At Risk
S27949,Female,IT,96,59,92,8.89,0,3.4,0,Not At Risk
S27960,Male,IT,84,76,74,7.97,0,4.7,0,Not At Risk
S27963,Female,Computer,99,59,90,9.33,1,3.4,0,Not At Risk
S27974,Female,Computer,67,57,36,5.73,3,3.0,1,At Risk
S27977,Female,AI,52,41,66,5.37,1,2.3,1,At Risk
S27987,Female,AI,65,92,94,7.48,0,4.9,0,Not At Risk
S27992,Male,Computer,46,38,40,5.43,2,1.9,1,At Risk
S27993,Female,IT,78,58,94,6.82,0,3.1,0,Not At Risk
S28001,Male,IT,66,97,92,8.28,0,6.7,0,Not At Risk
S28011,Female,AI,87,86,91,9.26,0,7.4,0,Not At Risk
S28015,Female,AI,69,67,82,7.25,0,3.6,0,Not At Risk
S28016,Female,IT,68,81,55,7.92,1,4.3,0,Not At Risk
S28020,Male,Computer,81,73,62,8.82,0,4.2,0,Not At Risk
S28024,Female,IT,66,94,70,7.65,0,6.6,0,Not At Risk
S28025,Female,AI,69,64,82,6.52,1,5.3,0,Not At Risk
S28028,Female,IT,84,58,62,7.61,0,7.4,0,Not At Risk
S28032,Female,AI,73,100,90,9.84,0,8.0,0,Not At Risk
S28056,Male,Computer,91,80,80,8.84,0,3.7,0,Not At Risk
S28061,Male,AI,81,73,84,8.7,0,6.2,0,Not At Risk
S28063,Male,AI,73,66,70,8.07,0,3.9,0,Not At Risk
S28064,Female,Computer,56,65,66,5.43,1,3.7,1,At Risk
S28065,Male,Computer,78,67,97,9.41,0,6.9,0,Not At Risk
S28066,Female,Computer,83,93,99,9.65,0,5.5,0,Not At Risk
S28081,Male,AI,65,59,69,6.98,0,4.0,0,Not At Risk
S28084,Male,IT,72,77,79,7.57,0,3.6,0,Not At Risk
S28095,Male,Computer,89,63,66,7.73,1,7.2,0,Not At Risk
S28097,Male,IT,70,88,58,6.5,0,3.0,0,Not At Risk
S28107,Male,AI,93,91,85,9.51,0,5.0,0,Not At Risk
S28123,Male,IT,76,94,90,9.6,0,4.2,0,Not At Risk
S28125,Female,Computer,100,92,62,7.25,0,7.0,0,Not At Risk
S28135,Male,IT,90,69,57,9.95,1,3.1,0,Not At Risk
S28137,Male,IT,99,88,83,9.63,1,7.6,0,Not At Risk
S28138,Female,Computer,93,87,84,6.84,1,3.4,0,Not At Risk
S28150,Female,AI,82,61,91,9.81,0,5.8,0,Not At Risk
S28158,Male,AI,67,58,72,7.53,1,7.6,0,Not At Risk
S28161,Male,Computer,100,79,57,7.43,0,6.1,0,Not At Risk
S28171,Female,Computer,78,67,55,9.31,0,7.2,0,Not At Risk
S28177,Female,Computer,91,80,56,9.74,0,4.7,0,Not At Risk
S28189,Male,AI,93,100,86,9.27,1,6.8,0,Not At Risk
S28190,Male,AI,68,74,87,9.4,0,5.0,0,Not At Risk
S28195,Female,IT,59,42,68,4.83,1,3.8,1,At Risk
S28196,Female,Computer,71,98,63,9.12,0,6.3,0,Not At Risk
S28203,Female,AI,85,91,80,7.77,1,6.3,0,Not At Risk
S28210,Female,AI,63,55,67,5.23,1,2.8,1,At Risk
S28217,Male,Computer,93,92,86,8.42,0,3.3,0,Not At Risk
S28219,Female,Computer,47,43,62,5.19,2,3.7,1,At Risk
S28220,Male,IT,93,56,96,7.76,0,4.0,0,Not At Risk
S28223,Male,IT,83,80,63,7.98,1,5.4,0,Not At Risk
S28225,Male,Computer,84,87,75,9.47,0,3.9,0,Not At Risk
S28226,Male,IT,67,58,84,7.84,0,5.2,0,Not At Risk
S28231,Female,AI,98,80,73,9.18,1,3.4,0,Not At Risk
S28235,Male,Computer,96,67,70,8.07,0,5.5,0,Not At Risk
S28241,Female,IT,100,58,92,7.2,0,4.5,0,Not At Risk
S28243,Male,IT,83,60,63,8.45,1,7.8,0,Not At Risk
S28245,Female,IT,81,91,64,9.75,1,5.3,0,Not At Risk
S28246,Male,AI,79,94,77,7.05,0,6.6,0,Not At Risk
S28249,Female,IT,72,55,76,7.73,0,3.7,0,Not At Risk
S28255,Female,Computer,89,71,83,6.94,0,7.4,0,Not At Risk
S28262,Male,AI,84,96,69,6.93,1,7.3,0,Not At Risk
S28265,Female,IT,58,54,48,5.11,2,3.2,1,At Risk
S28269,Male,IT,46,65,60,6.51,1,1.9,1,At Risk
S28270,Female,IT,58,41,56,5.75,3,2.9,1,At Risk
S28276,Female,AI,85,78,100,9.04,0,7.5,0,Not At Risk
S28277,Female,AI,91,82,77,9.64,0,5.5,0,Not At Risk
S28287,Male,IT,67,57,75,8.17,0,6.7,0,Not At Risk
S28293,Male,Computer,72,91,69,7.35,1,7.4,0,Not At Risk
S28294,Female,Computer,95,93,90,6.97,0,4.0,0,Not At Risk
S28297,Male,AI,78,68,85,9.52,0,7.3,0,Not At Risk
S28298,Male,Computer,77,77,80,7.0,0,4.3,0,Not At Risk
S28308,Female,Computer,65,67,85,8.66,1,3.1,0,Not At Risk
S28312,Male,IT,49,39,50,5.45,3,3.7,1,At Risk
S28314,Female,Computer,46,48,46,6.03,1,2.5,1,At Risk
S28315,Female,AI,93,82,68,8.12,0,5.2,0,Not At Risk
S28319,Female,IT,83,86,61,6.75,1,3.4,0,Not At Risk
S28325,Male,AI,68,64,63,6.88,1,5.0,0,Not At Risk
S28328,Female,IT,52,55,58,5.44,3,2.1,1,At Risk
S28332,Female,Computer,78,68,62,9.63,0,4.4,0,Not At Risk
S28335,Female,Computer,89,88,78,6.75,0,3.5,0,Not At Risk
S28348,Female,Computer,85,87,89,7.63,0,4.9,0,Not At Risk
S28350,Female,AI,82,74,55,9.97,0,5.7,0,Not At Risk
S28351,Female,Computer,91,62,87,8.39,0,7.4,0,Not At Risk
S28355,Female,AI,80,88,96,9.65,0,4.7,0,Not At Risk
S28361,Female,AI,60,45,50,5.56,1,1.8,1,At Risk
S28362,Male,Computer,78,97,75,7.92,0,6.3,0,Not At Risk
S28364,Female,IT,75,93,82,7.26,0,7.6,0,Not At Risk
S28365,Male,Computer,99,81,72,6.57,1,7.5,0,Not At Risk
S28366,Male,Computer,84,64,71,6.94,0,5.2,0,Not At Risk
S28369,Male,AI,65,57,91,6.96,0,6.9,0,Not At Risk
S28370,Male,AI,97,68,82,6.55,1,6.9,0,Not At Risk
S28382,Female,Computer,79,67,73,8.94,1,7.0,0,Not At Risk
S28384,Male,IT,49,42,46,6.19,2,3.6,1,At Risk
S28391,Female,IT,71,97,75,9.11,0,5.0,0,Not At Risk
S28397,Female,Computer,74,91,59,8.56,0,3.1,0,Not At Risk
S28400,Male,AI,91,71,77,7.78,0,7.6,0,Not At Risk
S28403,Female,Computer,61,50,65,5.67,1,1.2,1,At Risk
S28405,Male,IT,97,73,56,8.76,1,6.2,0,Not At Risk
S28407,Male,Computer,52,44,50,5.32,3,1.5,1,At Risk
S28412,Female,IT,85,56,65,8.26,0,3.7,0,Not At Risk
S28413,Male,AI,81,68,88,8.13,1,6.0,0,Not At Risk
S28415,Female,IT,60,44,36,5.07,2,3.2,1,At Risk
S28421,Female,IT,75,61,80,6.5,1,5.1,0,Not At Risk
S28430,Male,AI,97,67,75,9.75,1,7.6,0,Not At Risk
S28432,Male,AI,48,36,57,5.87,2,1.7,1,At Risk
S28437,Female,Computer,82,59,61,9.95,0,7.1,0,Not At Risk
S28447,Male,IT,77,95,99,8.2,1,5.5,0,Not At Risk
S28452,Male,IT,96,58,62,7.39,0,3.9,0,Not At Risk
S28454,Male,Computer,85,86,56,7.04,0,3.6,0,Not At Risk
S28459,Female,Computer,73,74,63,6.59,0,7.5,0,Not At Risk
S28461,Female,Computer,70,68,95,7.9,0,5.5,0,Not At Risk
S28470,Male,AI,57,50,47,6.07,1,1.8,1,At Risk
S28481,Male,Computer,53,39,38,6.3,1,1.8,1,At Risk
S28488,Female,IT,81,96,67,7.57,0,3.7,0,Not At Risk
S28492,Male,AI,98,73,67,7.41,0,7.3,0,Not At Risk
S28498,Male,IT,76,69,86,6.84,0,6.8,0,Not At Risk
S28507,Female,AI,64,36,50,5.97,2,2.9,1,At Risk
S28512,Female,AI,53,44,41,6.53,3,3.2,1,At Risk
S28514,Male,IT,66,57,57,6.04,3,1.4,1,At Risk
S28522,Male,IT,80,78,98,7.85,0,3.3,0,Not At Risk
S28525,Male,Computer,78,59,98,9.68,0,3.9,0,Not At Risk
S28529,Female,IT,97,65,56,9.73,0,5.0,0,Not At Risk
S28530,Female,AI,60,41,47,5.07,1,2.1,1,At Risk
S28535,Female,IT,69,99,80,9.63,0,6.6,0,Not At Risk
S28540,Female,Computer,63,58,60,5.76,1,3.0,1,At Risk
S28542,Female,Computer,75,64,64,8.68,0,5.2,0,Not At Risk
S28554,Female,IT,80,82,79,8.38,0,6.0,0,Not At Risk
S28574,Male,IT,68,93,98,6.97,1,3.2,0,Not At Risk
S28575,Male,IT,84,74,58,7.43,0,3.3,0,Not At Risk
S28576,Male,IT,52,44,53,5.62,1,1.1,1,At Risk
S28598,Male,IT,86,90,90,9.89,0,5.3,0,Not At Risk
S28599,Female,Computer,100,56,75,8.79,0,7.6,0,Not At Risk
S28605,Female,Computer,84,68,75,8.65,0,7.3,0,Not At Risk
S28619,Male,Computer,49,50,60,5.71,1,3.0,1,At Risk
S28620,Female,AI,76,80,67,6.53,0,7.7,0,Not At Risk
S28623,Male,AI,79,94,77,7.08,1,4.0,0,Not At Risk
S28626,Female,Computer,73,56,88,7.77,0,3.4,0,Not At Risk
S28629,Female,Computer,89,93,80,8.81,0,3.1,0,Not At Risk
S28631,Female,Computer,75,98,94,6.8,0,6.8,0,Not At Risk
S28632,Male,AI,73,77,80,7.32,1,4.0,0,Not At Risk
S28633,Female,Computer,100,84,90,9.06,1,6.1,0,Not At Risk
S28635,Female,Computer,100,87,63,9.34,0,5.8,0,Not At Risk
S28637,Female,IT,67,53,70,5.09,1,2.3,1,At Risk
S28647,Female,Computer,85,55,72,8.45,1,6.0,0,Not At Risk
S28650,Male,Computer,83,79,71,9.07,1,3.9,0,Not At Risk
S28653,Male,IT,97,68,91,9.73,1,4.6,0,Not At Risk
S28654,Male,IT,66,58,87,6.98,1,5.3,0,Not At Risk
S28655,Male,IT,47,51,41,4.89,2,1.9,1,At Risk
S28657,Female,IT,68,46,45,6.8,1,2.2,1,At Risk
S28659,Male,IT,82,89,73,8.05,1,5.6,0,Not At Risk
S28660,Male,Computer,87,80,68,7.8,0,4.0,0,Not At Risk
S28668,Male,AI,73,85,97,6.58,1,6.4,0,Not At Risk
S28669,Female,AI,62,44,40,6.69,3,3.2,1,At Risk
S28671,Male,Computer,61,54,43,5.6,2,1.2,1,At Risk
S28682,Male,AI,49,38,51,5.86,3,1.0,1,At Risk
S28695,Male,AI,46,44,37,6.59,3,1.6,1,At Risk
S28709,Male,Computer,84,71,80,9.9,0,6.1,0,Not At Risk
S28718,Female,AI,87,63,91,9.98,0,6.4,0,Not At Risk
S28723,Female,IT,70,48,44,6.15,3,3.8,1,At Risk
S28724,Female,Computer,83,93,69,6.82,0,6.3,0,Not At Risk
S28729,Female,IT,87,66,60,7.81,1,4.3,0,Not At Risk
S28747,Female,IT,78,59,93,9.41,0,5.8,0,Not At Risk
S28750,Male,IT,91,88,64,9.69,0,6.5,0,Not At Risk
S28754,Male,AI,58,37,36,6.6,1,1.9,1,At Risk
S28757,Female,IT,61,47,38,5.12,1,1.1,1,At Risk
S28758,Male,IT,80,83,69,7.95,0,5.9,0,Not At Risk
S28771,Female,AI,72,80,72,7.01,0,3.3,0,Not At Risk
S28773,Female,IT,82,89,61,9.67,0,6.5,0,Not At Risk
S28776,Male,AI,47,54,65,6.19,3,3.2,1,At Risk
S28780,Male,Computer,58,46,68,6.7,3,2.9,1,At Risk
S28788,Female,AI,65,51,39,6.16,1,1.6,1,At Risk
S28797,Male,Computer,64,45,38,6.59,1,1.2,1,At Risk
S28806,Male,Computer,55,50,60,5.46,1,2.0,1,At Risk
S28809,Male,AI,97,86,61,6.54,0,3.0,0,Not At Risk
S28813,Female,Computer,98,73,60,6.86,0,7.9,0,Not At Risk
S28814,Male,AI,79,82,72,9.55,0,3.2,0,Not At Risk
S28818,Female,Computer,84,62,70,8.41,0,7.6,0,Not At Risk
S28823,Female,IT,91,67,68,6.77,0,5.1,0,Not At Risk
S28824,Male,IT,46,58,35,5.99,3,3.3,1,At Risk
S28840,Female,Computer,65,65,51,5.81,2,2.6,1,At Risk
S28842,Female,AI,78,93,85,9.81,0,7.9,0,Not At Risk
S28843,Female,AI,76,91,84,9.28,0,8.0,0,Not At Risk
S28852,Male,AI,53,64,56,6.16,2,3.9,1,At Risk
S28855,Female,IT,81,99,64,8.21,0,5.0,0,Not At Risk
S28856,Male,AI,65,97,74,6.54,0,7.3,0,Not At Risk
S28861,Male,IT,72,72,96,7.38,0,7.9,0,Not At Risk
S28865,Female,IT,89,94,90,9.61,0,7.7,0,Not At Risk
S28870,Male,IT,73,58,65,9.72,1,7.8,0,Not At Risk
S28872,Female,Computer,81,83,98,6.69,1,7.3,0,Not At Risk
S28880,Male,AI,80,94,93,9.48,1,4.7,0,Not At Risk
S28892,Female,Computer,96,79,58,8.97,0,5.3,0,Not At Risk
S28894,Male,AI,75,90,83,7.1,0,6.9,0,Not At Risk
S28898,Female,Computer,48,55,63,5.0,2,1.6,1,At Risk
S28900,Female,IT,72,88,86,8.22,1,5.0,0,Not At Risk
S28910,Male,IT,94,68,81,9.02,1,6.7,0,Not At Risk
S28911,Male,IT,89,80,58,9.15,0,8.0,0,Not At Risk
S28912,Female,IT,85,87,65,7.08,0,4.9,0,Not At Risk
S28916,Female,AI,73,91,100,9.22,0,5.4,0,Not At Risk
S28917,Female,Computer,89,91,85,9.45,0,5.9,0,Not At Risk
S28923,Male,AI,90,82,100,7.02,0,6.4,0,Not At Risk
S28926,Female,IT,82,83,67,7.01,0,6.6,0,Not At Risk
S28931,Male,AI,98,62,74,8.39,0,6.4,0,Not At Risk
S28933,Male,AI,94,92,98,7.67,0,6.8,0,Not At Risk
S28935,Female,Computer,89,62,85,6.68,0,7.5,0,Not At Risk
S28942,Female,IT,65,77,94,7.68,0,8.0,0,Not At Risk
S28943,Female,Computer,66,58,49,5.08,1,2.6,1,At Risk
S28948,Female,Computer,99,97,81,9.82,0,6.3,0,Not At Risk
S28953,Male,Computer,84,62,88,9.05,0,7.2,0,Not At Risk
S28958,Male,IT,94,88,67,7.35,0,5.7,0,Not At Risk
S28976,Male,Computer,93,82,58,7.92,0,3.4,0,Not At Risk
S28978,Female,AI,95,90,84,8.82,1,4.4,0,Not At Risk
S28987,Male,AI,83,98,86,9.03,0,6.2,0,Not At Risk
S28990,Male,IT,46,51,35,6.1,3,3.4,1,At Risk
S29009,Female,AI,74,56,78,7.0,1,4.8,0,Not At Risk
S29024,Male,AI,85,96,61,7.46,0,3.2,0,Not At Risk
S29025,Female,Computer,66,82,68,8.75,0,7.0,0,Not At Risk
S29029,Male,Computer,82,81,97,8.5,1,5.4,0,Not At Risk
S29031,Female,Computer,97,66,61,8.95,0,5.7,0,Not At Risk
S29036,Female,IT,81,87,92,6.74,1,5.5,0,Not At Risk
S29037,Male,Computer,93,89,72,7.78,0,3.3,0,Not At Risk
S29038,Male,Computer,85,59,84,8.77,0,4.6,0,Not At Risk
S29041,Female,IT,97,68,96,7.22,0,4.1,0,Not At Risk
S29048,Male,IT,74,77,96,7.68,0,7.8,0,Not At Risk
S29049,Male,Computer,71,58,95,7.45,0,4.1,0,Not At Risk
S29050,Female,IT,46,63,40,5.8,2,3.3,1,At Risk
S29054,Male,Computer,76,99,86,6.74,1,4.4,0,Not At Risk
S29058,Female,IT,91,99,77,8.69,1,4.6,0,Not At Risk
S29064,Female,Computer,91,79,99,7.77,1,5.7,0,Not At Risk
S29066,Female,AI,76,92,55,7.03,1,4.7,0,Not At Risk
S29077,Female,IT,76,55,83,8.65,0,4.1,0,Not At Risk
S29081,Female,Computer,47,39,47,5.85,1,1.4,1,At Risk
S29097,Female,AI,71,60,81,8.07,1,3.5,0,Not At Risk
S29098,Female,AI,83,81,62,9.22,0,6.5,0,Not At Risk
S29101,Female,Computer,71,67,69,7.78,0,4.0,0,Not At Risk
S29106,Male,IT,96,74,75,7.45,0,6.8,0,Not At Risk
S29107,Male,IT,84,98,77,7.39,0,3.5,0,Not At Risk
S29111,Female,AI,87,83,92,9.8,0,4.7,0,Not At Risk
S29112,Male,Computer,88,98,86,9.7,0,5.8,0,Not At Risk
S29115,Female,Computer,97,60,77,7.44,1,6.9,0,Not At Risk
S29131,Male,IT,98,66,75,7.53,0,4.0,0,Not At Risk
S29147,Female,AI,66,74,62,6.57,0,6.6,0,Not At Risk
S29162,Female,Computer,67,80,95,8.5,0,3.6,0,Not At Risk
S29164,Female,Computer,66,76,85,7.96,0,6.8,0,Not At Risk
S29177,Female,AI,84,95,91,8.18,1,3.9,0,Not At Risk
S29181,Male,AI,74,82,72,8.89,0,3.7,0,Not At Risk
S29190,Female,AI,69,61,56,4.89,2,2.7,1,At Risk
S29191,Male,IT,71,91,57,7.35,0,7.6,0,Not At Risk
S29201,Male,AI,69,98,77,8.12,0,3.1,0,Not At Risk
S29202,Male,AI,52,61,67,5.05,2,1.4,1,At Risk
S29209,Female,IT,99,86,94,8.72,1,7.3,0,Not At Risk
S29210,Female,IT,89,57,57,7.72,0,4.0,0,Not At Risk
S29212,Female,AI,71,71,96,9.22,0,7.7,0,Not At Risk
S29221,Female,IT,81,80,89,8.03,0,5.6,0,Not At Risk
S29224,Male,IT,68,86,92,7.12,0,7.9,0,Not At Risk
S29234,Female,Computer,91,99,94,9.48,1,7.4,0,Not At Risk
S29236,Male,Computer,73,56,86,9.96,1,6.0,0,Not At Risk
S29243,Male,Computer,45,41,40,6.18,3,1.7,1,At Risk
S29248,Male,AI,65,79,69,7.62,0,4.0,0,Not At Risk
S29251,Male,IT,67,68,69,8.11,0,6.7,0,Not At Risk
S29255,Female,IT,88,91,71,7.34,1,3.5,0,Not At Risk
S29267,Male,Computer,70,85,77,9.97,0,4.9,0,Not At Risk
S29270,Female,Computer,75,98,95,6.51,0,7.5,0,Not At Risk
S29277,Male,Computer,98,70,80,8.92,0,6.5,0,Not At Risk
S29278,Female,IT,63,42,63,6.6,1,2.3,1,At Risk
S29282,Male,AI,85,58,75,8.38,0,6.0,0,Not At Risk
S29287,Male,Computer,70,83,56,7.53,0,4.4,0,Not At Risk
S29289,Female,AI,60,39,35,6.71,3,2.5,1,At Risk
S29291,Male,Computer,92,75,83,7.4,0,4.9,0,Not At Risk
S29294,Female,AI,61,65,66,5.51,3,1.7,1,At Risk
S29306,Female,AI,81,78,76,9.61,0,3.7,0,Not At Risk
S29309,Male,AI,47,45,55,5.79,1,1.2,1,At Risk
S29318,Female,AI,83,91,94,8.81,0,6.8,0,Not At Risk
S29320,Male,Computer,93,74,89,6.72,0,3.3,0,Not At Risk
S29331,Male,Computer,65,74,63,9.28,0,5.2,0,Not At Risk
S29333,Male,AI,75,100,67,7.45,1,4.4,0,Not At Risk
S29337,Male,IT,98,85,94,9.62,0,7.7,0,Not At Risk
S29339,Female,IT,86,89,77,8.21,0,3.5,0,Not At Risk
S29342,Male,IT,51,47,59,5.12,2,3.4,1,At Risk
S29343,Male,AI,69,35,39,5.91,1,1.3,1,At Risk
S29349,Female,AI,65,76,59,7.09,1,3.5,0,Not At Risk
S29350,Female,AI,79,78,82,8.47,0,3.0,0,Not At Risk
S29351,Male,AI,81,64,73,9.41,0,6.0,0,Not At Risk
S29353,Female,AI,98,85,81,9.06,0,4.4,0,Not At Risk
S29356,Female,AI,82,56,60,8.14,0,3.2,0,Not At Risk
S29367,Male,AI,99,80,94,9.98,0,6.8,0,Not At Risk
S29369,Female,Computer,83,60,86,7.18,0,7.4,0,Not At Risk
S29376,Female,IT,45,36,59,4.85,2,1.4,1,At Risk
S29377,Male,Computer,95,85,63,7.14,0,7.5,0,Not At Risk
S29384,Female,AI,76,100,74,8.57,0,6.8,0,Not At Risk
S29390,Male,Computer,84,78,96,9.51,0,7.3,0,Not At Risk
S29401,Female,AI,82,65,85,7.45,0,4.0,0,Not At Risk
S29402,Male,AI,60,44,68,6.52,2,1.4,1,At Risk
S29403,Male,Computer,82,93,79,9.6,0,6.9,0,Not At Risk
S29415,Male,AI,91,59,73,8.07,0,7.8,0,Not At Risk
S29417,Male,IT,95,62,87,7.57,0,3.2,0,Not At Risk
S29420,Female,IT,53,46,35,6.14,3,3.3,1,At Risk
S29425,Male,Computer,92,55,66,8.82,1,3.2,0,Not At Risk
S29426,Female,AI,71,76,63,7.16,0,5.5,0,Not At Risk
S29427,Male,IT,90,79,89,7.42,0,5.1,0,Not At Risk
S29428,Female,Computer,59,53,44,6.07,1,4.0,1,At Risk
S29443,Female,IT,72,63,85,9.35,0,4.2,0,Not At Risk
S29448,Male,IT,48,64,55,5.25,3,2.8,1,At Risk
S29451,Male,Computer,87,75,79,6.77,0,7.3,0,Not At Risk
S29453,Male,IT,67,60,63,6.79,0,4.4,0,Not At Risk
S29456,Female,IT,91,91,60,8.42,0,6.8,0,Not At Risk
S29459,Male,AI,97,76,58,7.3,0,7.9,0,Not At Risk
S29461,Female,IT,95,64,89,9.49,0,3.0,0,Not At Risk
S29462,Male,AI,73,74,65,6.98,1,7.4,0,Not At Risk
S29465,Female,AI,87,68,57,8.63,0,7.1,0,Not At Risk
S29470,Female,Computer,49,53,44,6.29,3,3.9,1,At Risk
S29473,Female,Computer,46,41,57,5.86,1,3.8,1,At Risk
S29475,Female,Computer,81,60,59,6.92,0,4.8,0,Not At Risk
S29486,Male,Computer,96,96,71,7.93,0,5.5,0,Not At Risk
S29489,Female,IT,69,59,67,7.55,0,3.4,0,Not At Risk
S29491,Female,AI,58,63,41,6.48,2,3.3,1,At Risk
S29495,Female,Computer,84,89,94,7.57,0,6.7,0,Not At Risk
S29497,Male,IT,56,38,47,5.59,3,1.2,1,At Risk
S29498,Female,AI,91,76,76,7.23,0,3.7,0,Not At Risk
S29502,Male,AI,94,56,66,8.55,1,7.2,0,Not At Risk
S29503,Female,IT,80,70,94,7.3,0,7.9,0,Not At Risk
S29504,Male,AI,66,80,100,9.15,0,6.3,0,Not At Risk
S29508,Female,AI,60,42,55,5.37,1,2.2,1,At Risk
S29510,Male,IT,87,59,86,7.31,0,5.1,0,Not At Risk
S29521,Male,IT,96,56,78,7.2,0,4.5,0,Not At Risk
S29524,Male,IT,70,64,68,5.66,3,2.3,1,At Risk
S29537,Female,Computer,96,95,76,8.9,0,6.7,0,Not At Risk
S29540,Female,AI,86,90,99,8.35,0,5.5,0,Not At Risk
S29552,Female,IT,51,49,69,5.94,1,1.9,1,At Risk
S29554,Male,IT,92,77,91,8.12,0,3.5,0,Not At Risk
S29555,Male,AI,100,74,79,7.98,0,6.5,0,Not At Risk
S29561,Female,AI,86,100,81,8.88,0,3.3,0,Not At Risk
S29564,Male,Computer,55,51,60,5.86,1,3.9,1,At Risk
S29573,Female,AI,81,73,87,8.18,1,4.0,0,Not At Risk
S29579,Male,AI,71,68,60,9.57,0,7.6,0,Not At Risk
S29587,Female,AI,79,92,82,8.43,0,6.4,0,Not At Risk
S29588,Male,AI,69,95,90,8.11,1,3.5,0,Not At Risk
S29594,Female,Computer,68,87,60,9.51,1,6.4,0,Not At Risk
S29600,Female,AI,78,91,67,7.86,0,3.9,0,Not At Risk
S29606,Male,AI,48,60,48,5.07,1,3.5,1,At Risk
S29625,Male,AI,78,86,81,6.98,0,4.3,0,Not At Risk
S29631,Male,AI,69,61,77,8.42,1,6.2,0,Not At Risk
S29646,Male,AI,53,46,56,4.95,2,1.7,1,At Risk
S29647,Female,IT,68,76,72,8.72,1,3.8,0,Not At Risk
S29656,Female,Computer,81,80,66,7.43,1,6.4,0,Not At Risk
S29666,Male,AI,84,81,76,8.48,0,5.7,0,Not At Risk
S29669,Female,IT,66,79,95,9.16,0,4.6,0,Not At Risk
S29673,Male,IT,95,90,85,9.12,0,3.1,0,Not At Risk
S29676,Female,Computer,68,77,84,9.08,1,6.3,0,Not At Risk
S29691,Male,Computer,50,62,54,5.37,3,2.5,1,At Risk
S29695,Male,IT,73,84,74,9.07,0,4.0,0,Not At Risk
S29696,Male,AI,71,78,74,8.64,0,6.2,0,Not At Risk
S29706,Female,IT,92,77,96,8.25,0,5.9,0,Not At Risk
S29720,Male,Computer,72,83,78,8.95,0,6.9,0,Not At Risk
S29725,Female,AI,97,72,65,7.17,0,5.5,0,Not At Risk
S29736,Male,IT,84,57,72,9.56,0,4.5,0,Not At Risk
S29737,Male,Computer,83,86,70,9.83,0,3.1,0,Not At Risk
S29738,Male,IT,93,100,73,9.63,0,7.9,0,Not At Risk
S29739,Male,Computer,100,91,70,6.77,0,6.2,0,Not At Risk
S29741,Male,AI,77,66,89,9.1,1,6.2,0,Not At Risk
S29746,Male,Computer,98,77,55,8.69,0,4.4,0,Not At Risk
S29749,Female,Computer,83,68,93,7.86,0,5.4,0,Not At Risk
S29750,Male,Computer,80,71,84,7.9,0,4.3,0,Not At Risk
S29751,Female,IT,70,40,64,6.58,1,3.6,1,At Risk
S29754,Female,Computer,98,86,90,6.6,0,5.8,0,Not At Risk
S29757,Female,IT,84,63,79,9.51,0,5.5,0,Not At Risk
S29758,Male,IT,71,62,66,8.48,0,6.4,0,Not At Risk
S29761,Male,AI,60,53,69,4.89,3,1.0,1,At Risk
S29763,Female,Computer,77,75,78,8.79,0,6.3,0,Not At Risk
S29767,Male,Computer,91,69,73,8.04,0,5.5,0,Not At Risk
S29768,Male,Computer,100,62,87,6.95,1,7.6,0,Not At Risk
S29782,Female,AI,86,57,97,8.27,1,6.5,0,Not At Risk
S29783,Female,Computer,96,68,59,8.55,1,5.5,0,Not At Risk
S29788,Male,Computer,86,78,92,6.76,0,7.4,0,Not At Risk
S29792,Female,AI,79,69,96,7.5,1,6.4,0,Not At Risk
S29793,Female,AI,70,51,49,6.49,1,3.4,1,At Risk
S29802,Female,IT,87,88,65,9.53,0,6.0,0,Not At Risk
S29805,Female,Computer,94,82,84,9.64,0,7.8,0,Not At Risk
S29814,Female,AI,55,63,62,6.76,1,3.0,1,At Risk
S29818,Male,Computer,73,73,73,9.21,0,5.7,0,Not At Risk
S29832,Female,IT,94,92,94,8.99,0,4.4,0,Not At Risk
S29835,Male,Computer,74,82,59,9.28,1,4.6,0,Not At Risk
S29838,Female,AI,75,77,95,8.04,0,5.0,0,Not At Risk
S29840,Male,AI,67,56,84,8.67,0,3.7,0,Not At Risk
S29841,Male,Computer,66,73,100,7.35,0,6.4,0,Not At Risk
S29842,Male,AI,49,49,46,6.6,3,3.8,1,At Risk
S29844,Male,Computer,81,85,83,6.62,0,3.2,0,Not At Risk
S29849,Male,Computer,71,56,83,8.42,0,4.8,0,Not At Risk
S29851,Male,AI,98,61,55,8.3,1,7.2,0,Not At Risk
S29870,Male,Computer,86,80,73,9.87,0,6.6,0,Not At Risk
S29875,Male,IT,95,92,98,6.54,0,6.0,0,Not At Risk
S29882,Female,Computer,50,53,49,6.73,2,1.8,1,At Risk
S29885,Female,AI,65,56,83,8.29,1,3.1,0,Not At Risk
S29888,Female,IT,79,77,65,6.97,1,7.9,0,Not At Risk
S29890,Male,IT,45,53,36,6.07,1,2.9,1,At Risk
S29891,Female,AI,75,84,82,8.39,0,3.7,0,Not At Risk
S29893,Female,IT,88,78,97,7.3,1,5.1,0,Not At Risk
S29895,Female,AI,53,45,39,4.92,2,1.4,1,At Risk
S29898,Female,IT,69,99,63,6.65,0,6.9,0,Not At Risk
S29906,Male,Computer,69,82,64,7.51,1,3.3,0,Not At Risk
S29912,Female,Computer,66,64,94,7.31,1,7.3,0,Not At Risk
S29919,Male,IT,66,76,64,6.53,0,7.7,0,Not At Risk
S29927,Male,IT,84,83,64,8.56,0,5.5,0,Not At Risk
S29929,Female,AI,92,65,95,8.15,0,6.5,0,Not At Risk
S29944,Male,AI,81,88,55,8.17,1,7.7,0,Not At Risk
S29954,Male,IT,69,68,79,7.2,1,5.4,0,Not At Risk
S29965,Female,AI,77,72,79,8.1,0,7.6,0,Not At Risk
S29968,Male,AI,96,66,65,9.44,0,7.8,0,Not At Risk
S29974,Female,IT,68,74,68,9.99,1,6.0,0,Not At Risk
S29976,Female,Computer,52,37,51,5.17,1,3.2,1,At Risk
S29978,Male,IT,81,61,95,7.69,1,4.1,0,Not At Risk
S29982,Male,AI,98,63,59,6.54,0,4.9,0,Not At Risk
S29993,Female,IT,68,84,57,6.94,0,3.4,0,Not At Risk
S30001,Male,AI,60,40,37,5.2,3,1.9,1,At Risk
S30005,Female,AI,97,79,69,9.14,0,4.1,0,Not At Risk
S30011,Female,AI,66,80,71,7.07,0,5.2,0,Not At Risk
S30013,Male,Computer,90,63,67,7.86,0,7.0,0,Not At Risk
S30020,Female,AI,69,53,42,6.59,3,3.5,1,At Risk
S30021,Female,IT,99,63,79,6.65,0,7.8,0,Not At Risk
S30024,Male,IT,73,61,70,9.73,0,3.8,0,Not At Risk
S30026,Male,Computer,100,91,60,9.92,0,6.7,0,Not At Risk
S30039,Female,IT,77,100,87,7.7,0,4.3,0,Not At Risk
S30045,Male,AI,86,98,100,9.17,0,5.8,0,Not At Risk
S30048,Female,Computer,84,79,72,7.13,1,7.7,0,Not At Risk
S30052,Male,AI,96,83,93,7.15,1,3.8,0,Not At Risk
S30053,Male,AI,87,58,89,7.47,0,4.5,0,Not At Risk
S30054,Female,Computer,80,66,60,9.89,1,6.7,0,Not At Risk
S30055,Female,IT,93,59,61,7.77,0,4.2,0,Not At Risk
S30068,Male,Computer,73,91,85,8.74,0,5.5,0,Not At Risk
S30075,Male,Computer,95,74,69,6.53,0,7.2,0,Not At Risk
S30080,Male,Computer,66,70,87,9.36,1,7.6,0,Not At Risk
S30089,Male,AI,92,75,56,9.3,0,3.5,0,Not At Risk
S30095,Female,AI,100,65,76,9.3,0,3.1,0,Not At Risk
S30097,Male,IT,80,67,60,9.02,0,5.3,0,Not At Risk
S30099,Female,Computer,72,92,84,8.39,1,6.9,0,Not At Risk
S30102,Female,Computer,66,56,78,8.98,1,6.1,0,Not At Risk
S30114,Female,IT,60,47,67,6.49,2,3.9,1,At Risk
S30115,Female,AI,52,37,68,5.96,3,2.9,1,At Risk
S30116,Male,IT,97,83,96,7.79,1,8.0,0,Not At Risk
S30118,Male,AI,65,49,60,6.71,1,3.9,1,At Risk
S30122,Male,IT,90,80,70,9.61,1,3.5,0,Not At Risk
S30125,Male,AI,66,39,50,6.1,2,1.1,1,At Risk
S30133,Female,Computer,98,84,64,7.03,0,3.5,0,Not At Risk
S30139,Male,IT,72,90,79,8.73,1,6.3,0,Not At Risk
S30162,Male,IT,83,88,64,8.82,0,3.0,0,Not At Risk
S30174,Male,AI,51,52,44,5.37,2,3.2,1,At Risk
S30182,Male,AI,81,60,93,8.1,0,6.1,0,Not At Risk
S30184,Male,AI,98,65,95,8.5,0,4.4,0,Not At Risk
S30187,Female,IT,89,76,99,6.76,1,3.3,0,Not At Risk
S30189,Female,Computer,48,37,49,6.13,2,2.4,1,At Risk
S30191,Female,AI,88,82,71,6.99,0,5.5,0,Not At Risk
S30199,Male,IT,89,82,63,8.88,0,3.6,0,Not At Risk
S30204,Female,Computer,74,69,89,7.89,0,6.6,0,Not At Risk
S30206,Female,AI,72,90,98,9.5,0,7.9,0,Not At Risk
S30211,Female,AI,97,72,86,7.22,1,3.5,0,Not At Risk
S30213,Male,Computer,70,70,76,9.0,1,4.8,0,Not At Risk
S30225,Male,IT,59,55,69,6.01,1,2.2,1,At Risk
S30229,Male,Computer,67,91,94,6.84,0,6.7,0,Not At Risk
S30230,Female,IT,97,77,56,9.9,0,5.9,0,Not At Risk
S30237,Male,AI,47,36,41,5.02,2,1.3,1,At Risk
S30241,Male,Computer,94,82,56,7.03,1,4.2,0,Not At Risk
S30245,Male,AI,69,77,100,7.11,0,7.0,0,Not At Risk
S30247,Male,AI,90,86,68,9.12,0,4.2,0,Not At Risk
S30251,Female,AI,87,65,61,8.92,0,7.2,0,Not At Risk
S30252,Male,Computer,45,36,62,5.17,1,1.1,1,At Risk
S30264,Female,IT,85,60,86,9.83,0,7.1,0,Not At Risk
S30269,Female,Computer,95,56,97,8.02,0,3.9,0,Not At Risk
S30275,Male,IT,47,45,51,5.09,1,3.4,1,At Risk
S30280,Female,IT,97,66,93,7.59,0,7.2,0,Not At Risk
S30281,Male,IT,66,46,61,5.68,3,3.6,1,At Risk
S30285,Male,Computer,87,75,100,9.36,1,6.4,0,Not At Risk
S30287,Male,AI,100,99,70,7.77,0,4.1,0,Not At Risk
S30291,Female,Computer,65,60,77,8.94,0,7.8,0,Not At Risk
S30292,Male,IT,57,56,46,5.89,3,3.4,1,At Risk
S30295,Male,AI,55,39,59,4.92,1,3.9,1,At Risk
S30296,Male,AI,88,69,70,8.06,1,3.1,0,Not At Risk
S30298,Female,IT,87,59,85,7.44,1,6.5,0,Not At Risk
S30301,Female,Computer,82,71,56,6.99,1,3.9,0,Not At Risk
S30306,Female,Computer,60,56,67,6.37,3,3.8,1,At Risk
S30312,Female,Computer,100,91,60,7.53,0,7.8,0,Not At Risk
S30315,Male,AI,87,78,85,8.66,1,7.8,0,Not At Risk
S30321,Female,AI,77,60,92,7.02,0,3.4,0,Not At Risk
S30326,Female,Computer,68,80,55,7.99,0,4.7,0,Not At Risk
S30330,Female,AI,90,75,82,9.03,0,3.9,0,Not At Risk
S30336,Female,IT,76,100,70,9.58,0,7.9,0,Not At Risk
S30340,Female,IT,81,71,80,8.5,0,4.9,0,Not At Risk
S30344,Male,Computer,68,60,70,9.34,0,4.1,0,Not At Risk
S30351,Male,IT,86,55,85,7.52,0,4.4,0,Not At Risk
S30358,Female,AI,76,61,70,9.08,0,7.8,0,Not At Risk
S30360,Female,Computer,78,100,57,9.12,1,5.6,0,Not At Risk
S30365,Female,AI,89,76,77,9.9,0,7.6,0,Not At Risk
S30372,Male,Computer,77,63,78,9.18,0,4.0,0,Not At Risk
S30376,Female,Computer,81,62,86,8.42,0,7.0,0,Not At Risk
S30380,Male,IT,45,43,54,6.36,1,3.2,1,At Risk
S30383,Female,Computer,68,35,42,6.07,3,1.7,1,At Risk
S30384,Male,AI,78,71,80,7.91,1,7.9,0,Not At Risk
S30393,Female,IT,70,75,69,6.63,0,6.3,0,Not At Risk
S30399,Female,Computer,45,39,43,5.49,1,3.8,1,At Risk
S30408,Female,Computer,70,59,95,6.58,0,6.4,0,Not At Risk
S30423,Female,IT,89,59,90,6.64,1,3.3,0,Not At Risk
S30425,Male,Computer,61,54,70,5.76,1,1.9,1,At Risk
S30430,Female,AI,84,65,55,9.93,0,7.4,0,Not At Risk
S30431,Male,AI,70,75,75,8.17,0,5.3,0,Not At Risk
S30438,Male,AI,84,82,97,8.11,1,7.4,0,Not At Risk
S30443,Female,IT,97,82,83,7.02,0,4.0,0,Not At Risk
S30460,Female,IT,76,69,68,7.54,0,5.4,0,Not At Risk
S30465,Female,AI,71,82,78,8.97,0,7.6,0,Not At Risk
S30468,Female,AI,89,90,63,8.5,0,7.4,0,Not At Risk
S30487,Male,Computer,67,81,78,7.66,1,3.3,0,Not At Risk
S30490,Female,Computer,79,85,66,9.38,0,3.7,0,Not At Risk
S30491,Male,IT,77,69,58,6.62,0,6.7,0,Not At Risk
S30501,Male,AI,69,57,70,7.5,0,6.6,0,Not At Risk
S30505,Male,IT,80,64,72,6.77,1,4.8,0,Not At Risk
S30507,Female,Computer,65,75,90,9.56,1,5.9,0,Not At Risk
S30508,Male,Computer,52,62,65,4.83,2,1.5,1,At Risk
S30509,Female,IT,58,38,39,5.73,3,1.4,1,At Risk
S30512,Female,AI,94,87,98,6.54,0,7.0,0,Not At Risk
S30521,Male,AI,51,36,42,6.01,1,3.9,1,At Risk
S30523,Female,IT,76,93,73,8.47,1,5.8,0,Not At Risk
S30526,Male,IT,79,56,95,9.98,0,5.5,0,Not At Risk
S30527,Female,Computer,77,94,80,8.67,0,5.2,0,Not At Risk
S30529,Female,AI,80,89,89,9.74,1,7.3,0,Not At Risk
S30530,Female,IT,90,60,79,8.69,1,3.9,0,Not At Risk
S30536,Female,Computer,82,65,90,7.09,0,7.6,0,Not At Risk
S30543,Female,IT,57,37,36,5.91,1,2.6,1,At Risk
S30544,Female,Computer,71,71,87,7.93,1,7.8,0,Not At Risk
S30548,Female,IT,99,73,81,7.58,1,4.7,0,Not At Risk
S30552,Male,AI,98,82,58,6.87,1,6.1,0,Not At Risk
S30554,Female,AI,90,92,92,9.43,0,5.2,0,Not At Risk
S30557,Female,Computer,100,88,79,9.69,1,7.6,0,Not At Risk
S30563,Female,Computer,95,66,99,6.99,0,4.6,0,Not At Risk
S30568,Male,Computer,96,94,72,6.71,0,6.3,0,Not At Risk
S30572,Male,IT,65,92,75,8.16,0,5.6,0,Not At Risk
S30579,Male,AI,68,86,68,6.94,0,3.2,0,Not At Risk
S30587,Male,Computer,60,57,35,5.83,2,3.3,1,At Risk
S30592,Male,Computer,84,75,80,9.85,0,7.1,0,Not At Risk
S30596,Female,AI,83,76,94,7.23,1,4.0,0,Not At Risk
S30611,Male,Computer,92,81,95,9.72,0,3.7,0,Not At Risk
S30612,Male,AI,77,67,91,8.07,0,6.2,0,Not At Risk
S30615,Female,AI,82,99,85,9.44,1,7.8,0,Not At Risk
S30620,Female,AI,69,87,78,7.32,0,4.9,0,Not At Risk
S30624,Male,Computer,70,95,91,6.61,0,5.3,0,Not At Risk
S30628,Female,AI,78,96,79,8.63,0,3.8,0,Not At Risk
S30634,Male,AI,69,48,48,5.72,3,1.8,1,At Risk
S30647,Female,AI,73,77,87,6.61,0,3.3,0,Not At Risk
S30652,Male,AI,98,80,97,6.53,0,5.3,0,Not At Risk
S30667,Female,AI,85,90,97,8.65,0,7.0,0,Not At Risk
S30672,Female,IT,98,59,88,8.24,0,3.2,0,Not At Risk
S30674,Male,Computer,98,72,65,7.44,0,4.4,0,Not At Risk
S30680,Female,IT,97,86,57,6.68,1,3.9,0,Not At Risk
S30681,Female,Computer,70,74,93,9.83,0,5.1,0,Not At Risk
S30691,Male,AI,75,60,90,7.59,0,4.5,0,Not At Risk
S30694,Male,IT,98,94,97,8.14,1,3.1,0,Not At Risk
S30709,Female,Computer,91,90,59,9.46,0,4.3,0,Not At Risk
S30711,Male,Computer,51,49,68,6.39,2,2.7,1,At Risk
S30714,Male,IT,78,70,62,9.48,0,7.8,0,Not At Risk
S30723,Female,Computer,72,90,66,9.83,0,6.2,0,Not At Risk
S30724,Male,IT,81,78,88,9.15,0,7.7,0,Not At Risk
S30736,Female,IT,89,62,99,6.73,1,5.0,0,Not At Risk
S30737,Male,Computer,76,87,96,9.39,0,7.7,0,Not At Risk
S30739,Male,IT,62,55,38,4.88,3,3.5,1,At Risk
S30740,Male,IT,67,56,94,9.54,0,7.0,0,Not At Risk
S30742,Male,Computer,51,51,39,5.26,2,1.2,1,At Risk
S30744,Female,Computer,66,91,81,9.06,0,6.6,0,Not At Risk
S30754,Female,AI,83,83,96,8.97,0,5.8,0,Not At Risk
S30756,Female,IT,79,93,58,8.72,0,5.6,0,Not At Risk
S30758,Male,IT,79,77,88,7.85,0,7.8,0,Not At Risk
S30764,Male,AI,77,56,79,6.88,0,3.6,0,Not At Risk
S30765,Male,IT,82,90,68,9.44,1,7.9,0,Not At Risk
S30768,Female,AI,89,94,68,8.57,0,5.3,0,Not At Risk
S30770,Female,AI,67,81,100,6.9,0,5.1,0,Not At Risk
S30775,Female,AI,70,79,94,8.04,0,3.5,0,Not At Risk
S30786,Male,AI,92,65,68,8.53,0,3.8,0,Not At Risk
S30789,Female,AI,92,100,80,9.32,0,5.9,0,Not At Risk
S30793,Male,IT,65,41,43,5.33,1,2.7,1,At Risk
S30794,Female,IT,98,64,63,7.6,0,4.3,0,Not At Risk
S30806,Male,IT,89,60,81,8.1,1,7.4,0,Not At Risk
S30810,Female,Computer,68,86,68,7.06,0,3.2,0,Not At Risk
S30811,Male,IT,78,55,79,6.69,0,3.4,0,Not At Risk
S30826,Female,AI,91,71,89,9.97,0,6.9,0,Not At Risk
S30830,Male,Computer,73,61,97,9.57,0,6.7,0,Not At Risk
S30832,Female,AI,95,82,74,8.18,0,4.8,0,Not At Risk
S30839,Male,Computer,82,96,80,7.37,1,7.7,0,Not At Risk
S30842,Female,AI,72,90,78,9.08,0,5.5,0,Not At Risk
S30850,Male,IT,67,83,63,7.56,0,5.9,0,Not At Risk
S30855,Female,IT,86,66,97,7.59,0,5.1,0,Not At Risk
S30860,Male,IT,93,67,61,7.37,0,7.7,0,Not At Risk
S30868,Female,Computer,63,44,59,4.87,2,1.4,1,At Risk
S30869,Male,AI,55,43,45,5.31,3,2.0,1,At Risk
S30873,Female,AI,53,53,55,5.66,3,1.6,1,At Risk
S30875,Female,AI,88,87,84,9.36,1,7.5,0,Not At Risk
S30876,Female,Computer,70,57,69,6.42,2,1.1,1,At Risk
S30879,Female,Computer,70,86,88,6.64,0,4.6,0,Not At Risk
S30887,Male,Computer,68,63,63,6.77,1,5.0,0,Not At Risk
S30892,Female,Computer,86,87,96,7.83,0,3.8,0,Not At Risk
S30895,Male,Computer,54,63,66,6.45,2,2.1,1,At Risk
S30898,Female,AI,86,63,97,8.48,1,4.9,0,Not At Risk
S30899,Female,IT,95,66,79,9.85,0,3.1,0,Not At Risk
S30900,Male,IT,70,61,43,6.54,3,3.7,1,At Risk
S30901,Female,AI,76,65,92,7.61,0,6.2,0,Not At Risk
S30903,Female,Computer,90,57,84,8.71,1,5.6,0,Not At Risk
S30906,Male,IT,75,65,62,9.48,1,4.7,0,Not At Risk
S30916,Female,IT,80,76,69,7.53,0,5.4,0,Not At Risk
S30924,Female,IT,84,58,60,8.51,0,3.1,0,Not At Risk
S30925,Female,IT,68,57,60,9.38,1,5.0,0,Not At Risk
S30936,Male,Computer,87,92,84,7.82,0,7.6,0,Not At Risk
S30947,Male,Computer,66,99,66,9.14,0,6.4,0,Not At Risk
S30949,Female,IT,70,43,53,6.03,1,1.7,1,At Risk
S30953,Male,IT,72,56,88,8.87,1,3.2,0,Not At Risk
S30954,Male,AI,90,84,55,9.52,0,4.6,0,Not At Risk
S30957,Female,IT,86,80,64,7.53,1,7.8,0,Not At Risk
S30958,Male,AI,72,81,84,9.25,1,4.1,0,Not At Risk
S30968,Female,IT,58,52,68,5.46,2,3.4,1,At Risk
S30972,Female,IT,55,47,61,4.93,3,3.0,1,At Risk
S30974,Male,Computer,95,93,93,8.96,0,6.3,0,Not At Risk
S30976,Male,AI,97,90,99,6.78,1,6.2,0,Not At Risk
S30981,Male,Computer,85,85,55,7.92,0,3.9,0,Not At Risk
S30982,Male,IT,72,90,68,8.56,0,3.9,0,Not At Risk
S30994,Female,AI,93,64,63,8.84,0,7.4,0,Not At Risk
S30999,Female,IT,83,95,75,8.4,1,3.4,0,Not At Risk
S31000,Male,AI,69,51,43,5.23,3,1.4,1,At Risk
S31008,Male,AI,63,41,35,6.61,1,1.7,1,At Risk
S31009,Female,Computer,94,76,93,9.03,0,4.0,0,Not At Risk
S31013,Female,IT,87,85,99,6.95,0,3.5,0,Not At Risk
S31019,Male,AI,80,67,92,7.23,0,6.8,0,Not At Risk
S31025,Male,AI,83,93,90,6.75,0,4.4,0,Not At Risk
S31028,Female,Computer,100,68,90,8.0,0,4.8,0,Not At Risk
S31036,Male,AI,84,97,68,9.05,0,3.5,0,Not At Risk
S31040,Male,AI,67,59,61,5.63,1,2.6,1,At Risk
S31041,Female,Computer,85,73,79,8.09,0,7.6,0,Not At Risk
S31046,Female,AI,71,90,92,8.86,0,7.0,0,Not At Risk
S31049,Female,AI,71,76,73,7.27,0,3.7,0,Not At Risk
S31057,Male,IT,82,55,71,9.09,0,3.5,0,Not At Risk
S31058,Female,AI,93,56,64,6.6,0,7.8,0,Not At Risk
S31060,Male,AI,74,75,70,7.83,0,5.4,0,Not At Risk
S31061,Male,AI,65,65,73,7.4,0,3.3,0,Not At Risk
S31066,Male,IT,64,58,37,6.78,1,3.4,1,At Risk
S31067,Female,Computer,85,98,100,9.78,0,7.2,0,Not At Risk
S31070,Female,IT,49,47,54,5.13,1,1.2,1,At Risk
S31072,Female,IT,91,84,61,7.78,0,3.5,0,Not At Risk
S31085,Male,Computer,72,64,74,9.84,0,7.0,0,Not At Risk
S31089,Female,AI,86,59,64,7.8,1,5.1,0,Not At Risk
S31091,Male,Computer,91,87,88,7.85,0,6.5,0,Not At Risk
S31096,Male,IT,61,36,54,5.61,3,3.3,1,At Risk
S31107,Male,IT,94,58,67,8.33,0,4.4,0,Not At Risk
S31111,Female,AI,94,77,83,8.33,0,4.4,0,Not At Risk
S31113,Male,IT,67,40,60,6.54,3,2.0,1,At Risk
S31119,Male,IT,66,47,58,6.27,2,3.7,1,At Risk
S31131,Female,AI,100,90,87,7.54,0,7.3,0,Not At Risk
S31137,Male,IT,73,75,81,8.47,0,7.8,0,Not At Risk
S31139,Male,IT,98,72,90,8.24,0,4.4,0,Not At Risk
S31140,Male,AI,91,90,61,7.21,0,5.7,0,Not At Risk
S31144,Female,AI,92,98,92,9.11,0,4.1,0,Not At Risk
S31146,Female,AI,69,55,98,7.19,0,6.5,0,Not At Risk
S31150,Male,AI,60,58,65,5.54,1,2.8,1,At Risk
S31154,Male,Computer,65,68,60,7.49,1,7.4,0,Not At Risk
S31155,Male,AI,80,62,72,8.06,0,7.5,0,Not At Risk
S31165,Female,IT,74,88,58,9.16,0,7.3,0,Not At Risk
S31169,Female,AI,99,66,90,7.97,0,7.4,0,Not At Risk
S31177,Female,Computer,65,69,90,9.14,0,7.3,0,Not At Risk
S31178,Male,IT,74,67,91,7.72,0,4.0,0,Not At Risk
S31180,Female,Computer,69,60,80,9.27,0,6.0,0,Not At Risk
S31184,Male,IT,85,83,70,7.67,0,6.1,0,Not At Risk
S31185,Male,IT,49,62,63,5.67,1,3.0,1,At Risk
S31188,Female,AI,56,63,35,6.15,1,3.2,1,At Risk
S31194,Female,IT,95,83,94,8.28,0,8.0,0,Not At Risk
S31196,Male,AI,62,43,38,6.16,3,2.7,1,At Risk
S31201,Female,IT,81,55,59,9.14,0,6.8,0,Not At Risk
S31202,Female,AI,57,44,64,6.32,3,3.5,1,At Risk
S31207,Male,IT,65,37,49,6.37,1,3.2,1,At Risk
S31211,Male,Computer,46,52,40,5.85,3,1.1,1,At Risk
S31213,Female,Computer,96,62,80,7.15,1,3.3,0,Not At Risk
S31218,Male,AI,84,100,99,8.28,0,6.6,0,Not At Risk
S31220,Male,AI,74,79,72,8.56,0,6.4,0,Not At Risk
S31224,Male,AI,99,57,63,9.8,0,6.5,0,Not At Risk
S31232,Female,IT,78,58,84,9.45,0,3.9,0,Not At Risk
S31239,Male,AI,77,77,62,9.33,0,4.3,0,Not At Risk
S31243,Female,AI,73,63,88,6.79,1,6.6,0,Not At Risk
S31249,Male,AI,83,80,78,7.26,0,4.4,0,Not At Risk
S31257,Female,IT,85,56,95,8.98,1,6.1,0,Not At Risk
S31260,Female,Computer,96,57,93,9.88,0,6.8,0,Not At Risk
S31278,Male,Computer,67,49,62,6.73,1,1.1,1,At Risk
S31282,Male,Computer,69,78,56,8.27,0,4.8,0,Not At Risk
S31285,Female,IT,87,84,81,9.57,0,7.3,0,Not At Risk
S31287,Male,IT,69,82,87,9.74,0,5.7,0,Not At Risk
S31288,Female,IT,96,59,91,8.79,0,5.1,0,Not At Risk
S31306,Male,AI,76,99,57,9.82,0,7.0,0,Not At Risk
S31309,Male,IT,91,84,94,7.94,0,7.0,0,Not At Risk
S31320,Male,IT,76,72,99,6.59,1,6.0,0,Not At Risk
S31334,Male,AI,70,57,38,5.56,3,2.3,1,At Risk
S31343,Female,Computer,96,86,85,9.55,1,5.8,0,Not At Risk
S31353,Male,AI,94,95,98,6.78,1,5.0,0,Not At Risk
S31363,Male,AI,92,86,82,9.47,0,3.1,0,Not At Risk
S31364,Male,AI,79,99,98,6.87,0,6.8,0,Not At Risk
S31365,Male,IT,89,64,57,8.79,0,7.5,0,Not At Risk
S31367,Female,IT,55,54,56,5.31,3,2.0,1,At Risk
S31369,Female,IT,83,89,70,7.83,0,5.9,0,Not At Risk
S31375,Male,AI,83,93,96,7.74,1,4.4,0,Not At Risk
S31379,Male,IT,73,93,59,7.23,0,5.8,0,Not At Risk
S31396,Female,AI,96,67,95,8.73,0,3.1,0,Not At Risk
S31403,Male,Computer,67,77,71,9.6,0,3.1,0,Not At Risk
S31407,Female,IT,80,88,99,6.58,0,6.8,0,Not At Risk
S31412,Female,AI,68,64,69,4.8,3,1.7,1,At Risk
S31414,Female,IT,88,59,84,8.51,0,5.6,0,Not At Risk
S31421,Female,IT,79,80,68,9.32,0,3.2,0,Not At Risk
S31425,Male,Computer,86,63,100,9.95,0,8.0,0,Not At Risk
S31426,Female,Computer,92,67,77,7.85,0,5.4,0,Not At Risk
S31438,Male,AI,54,59,51,6.36,2,3.1,1,At Risk
S31449,Male,IT,100,95,85,9.0,0,3.4,0,Not At Risk
S31455,Female,IT,70,62,67,6.02,3,1.5,1,At Risk
S31458,Female,AI,54,37,43,5.65,3,2.2,1,At Risk
S31472,Female,AI,48,35,37,6.73,3,2.5,1,At Risk
S31478,Female,AI,86,65,79,9.06,1,6.2,0,Not At Risk
S31479,Male,AI,92,59,99,9.41,0,4.7,0,Not At Risk
S31483,Female,Computer,75,97,76,7.04,0,4.9,0,Not At Risk
S31505,Male,Computer,56,50,35,5.87,2,3.7,1,At Risk
S31509,Male,AI,96,89,78,8.63,0,3.8,0,Not At Risk
S31525,Male,IT,93,70,59,9.54,0,4.4,0,Not At Risk
S31526,Female,IT,67,100,87,6.78,0,4.5,0,Not At Risk
S31528,Female,Computer,70,57,87,8.99,0,7.8,0,Not At Risk
S31530,Female,IT,61,60,45,5.58,1,2.4,1,At Risk
S31544,Female,Computer,65,95,93,6.99,0,5.2,0,Not At Risk
S31549,Male,AI,90,85,99,9.65,0,6.2,0,Not At Risk
S31554,Female,AI,71,84,59,7.44,0,3.4,0,Not At Risk
S31562,Male,IT,89,88,100,6.71,0,4.6,0,Not At Risk
S31567,Male,AI,97,58,62,7.14,0,6.5,0,Not At Risk
S31568,Female,AI,62,54,38,6.28,1,3.1,1,At Risk
S31572,Male,IT,51,62,44,5.78,1,1.7,1,At Risk
S31589,Male,AI,70,56,42,4.86,3,1.2,1,At Risk
S31590,Female,Computer,75,91,93,8.9,0,5.4,0,Not At Risk
S31594,Male,Computer,72,61,92,7.65,0,3.2,0,Not At Risk
S31595,Female,AI,69,55,37,6.09,3,1.9,1,At Risk
S31599,Male,AI,94,89,80,6.96,1,5.3,0,Not At Risk
S31600,Female,IT,72,94,84,8.7,0,7.9,0,Not At Risk
S31602,Male,IT,49,38,60,5.3,3,3.6,1,At Risk
S31606,Male,Computer,79,72,77,8.5,0,4.7,0,Not At Risk
S31622,Male,Computer,94,64,87,9.58,0,5.5,0,Not At Risk
S31630,Female,Computer,82,76,82,9.12,0,7.0,0,Not At Risk
S31631,Female,IT,92,71,83,7.03,0,6.1,0,Not At Risk
S31633,Female,IT,89,62,88,9.5,0,7.4,0,Not At Risk
S31640,Male,IT,75,63,56,9.52,0,7.8,0,Not At Risk
S31646,Female,IT,93,55,82,9.16,0,6.8,0,Not At Risk
S31649,Male,Computer,98,78,99,9.84,0,7.6,0,Not At Risk
S31654,Female,Computer,81,55,72,6.84,1,3.8,0,Not At Risk
S31659,Female,Computer,45,56,47,5.58,3,4.0,1,At Risk
S31660,Female,Computer,70,68,64,8.48,0,5.0,0,Not At Risk
S31662,Male,Computer,81,61,63,8.62,0,3.2,0,Not At Risk
S31667,Male,IT,84,62,75,8.45,0,4.9,0,Not At Risk
S31674,Male,AI,77,70,67,9.62,0,6.0,0,Not At Risk
S31689,Male,Computer,92,64,57,7.68,0,8.0,0,Not At Risk
S31691,Female,IT,52,64,36,6.7,1,1.3,1,At Risk
S31692,Female,Computer,72,81,100,7.55,1,8.0,0,Not At Risk
S31695,Male,Computer,66,85,89,8.32,0,8.0,0,Not At Risk
S31700,Female,AI,70,47,37,5.19,3,3.5,1,At Risk
S31702,Female,IT,86,91,90,6.93,0,7.5,0,Not At Risk
S31706,Female,IT,60,36,70,5.56,2,3.4,1,At Risk
S31707,Male,IT,75,63,69,8.44,0,7.0,0,Not At Risk
S31718,Male,AI,97,80,60,7.23,0,5.3,0,Not At Risk
S31720,Female,AI,93,95,79,7.12,0,4.8,0,Not At Risk
S31723,Male,AI,70,65,76,9.91,0,7.4,0,Not At Risk
S31734,Female,IT,98,67,93,9.03,0,5.1,0,Not At Risk
S31742,Female,IT,56,52,60,4.96,3,1.9,1,At Risk
S31743,Female,AI,84,74,82,7.49,0,7.3,0,Not At Risk
S31756,Female,IT,77,65,72,9.6,0,4.8,0,Not At Risk
S31760,Female,AI,72,77,57,7.29,0,5.2,0,Not At Risk
S31762,Female,Computer,65,95,55,6.51,0,7.1,0,Not At Risk
S31771,Female,IT,92,67,94,7.82,0,7.3,0,Not At Risk
S31772,Female,IT,65,59,71,8.22,0,6.7,0,Not At Risk
S31774,Female,IT,70,66,72,9.98,0,3.7,0,Not At Risk
S31778,Female,AI,89,74,91,9.48,0,7.7,0,Not At Risk
S31789,Female,Computer,94,80,71,8.95,0,7.6,0,Not At Risk
S31798,Male,AI,89,58,79,9.41,0,4.7,0,Not At Risk
S31804,Male,IT,88,93,89,8.02,0,4.8,0,Not At Risk
S31805,Male,IT,60,62,42,4.89,2,2.7,1,At Risk
S31809,Male,AI,82,61,74,7.92,1,6.7,0,Not At Risk
S31813,Male,AI,49,60,57,6.1,3,1.8,1,At Risk
S31817,Female,IT,87,64,75,8.84,0,6.1,0,Not At Risk
S31819,Male,Computer,70,47,57,5.3,2,2.1,1,At Risk
S31821,Female,AI,65,71,55,9.22,0,4.1,0,Not At Risk
S31825,Male,Computer,93,97,96,7.16,1,7.1,0,Not At Risk
S31828,Female,Computer,81,62,96,9.6,0,6.5,0,Not At Risk
S31831,Female,IT,98,97,99,9.6,1,7.6,0,Not At Risk
S31832,Male,IT,68,91,100,9.62,0,4.1,0,Not At Risk
S31834,Male,AI,73,80,78,8.94,1,4.0,0,Not At Risk
S31838,Male,AI,79,67,72,7.58,1,5.6,0,Not At Risk
S31840,Male,IT,94,64,69,8.78,0,5.2,0,Not At Risk
S31847,Female,AI,90,89,63,7.49,0,5.4,0,Not At Risk
S31850,Female,Computer,88,62,83,7.69,0,3.1,0,Not At Risk
S31856,Female,AI,66,89,81,8.29,0,7.1,0,Not At Risk
S31863,Male,IT,50,62,51,4.8,3,2.0,1,At Risk
S31870,Female,AI,61,35,47,5.32,1,1.6,1,At Risk
S31876,Male,IT,83,86,81,8.05,1,3.9,0,Not At Risk
S31885,Male,IT,84,74,94,6.52,1,3.2,0,Not At Risk
S31887,Male,AI,46,65,58,6.25,2,1.5,1,At Risk
S31890,Female,Computer,96,79,65,8.09,0,4.9,0,Not At Risk
S31897,Male,Computer,47,50,45,6.12,3,3.3,1,At Risk
S31903,Male,IT,82,83,93,7.88,0,4.9,0,Not At Risk
S31917,Female,Computer,90,97,58,6.83,1,7.7,0,Not At Risk
S31918,Male,Computer,70,66,57,9.41,0,4.3,0,Not At Risk
S31920,Male,IT,95,69,56,9.92,0,6.1,0,Not At Risk
S31925,Female,IT,83,99,98,9.76,0,5.8,0,Not At Risk
S31943,Male,Computer,67,51,57,5.54,1,1.6,1,At Risk
S31956,Female,Computer,58,36,46,6.73,1,3.2,1,At Risk
S31964,Male,IT,77,74,74,7.7,1,7.5,0,Not At Risk
S31965,Male,Computer,95,60,77,8.41,0,6.0,0,Not At Risk
S31966,Female,AI,93,55,88,6.98,0,3.9,0,Not At Risk
S31991,Female,AI,73,82,62,6.92,0,7.8,0,Not At Risk
S31993,Female,Computer,67,65,64,8.38,1,4.7,0,Not At Risk
S31995,Female,Computer,60,46,43,6.46,1,1.9,1,At Risk
S31998,Male,IT,66,77,96,9.92,0,6.5,0,Not At Risk
S32000,Male,Computer,70,42,37,6.35,2,3.7,1,At Risk
S32001,Male,Computer,72,60,84,6.71,0,4.7,0,Not At Risk
S32008,Female,IT,78,55,65,7.88,0,5.3,0,Not At Risk
S32010,Female,Computer,69,81,96,7.55,1,4.8,0,Not At Risk
S32012,Female,AI,71,96,57,7.82,0,5.1,0,Not At Risk
S32022,Male,Computer,72,98,55,7.87,0,5.2,0,Not At Risk
S32024,Male,Computer,100,56,90,8.65,1,6.4,0,Not At Risk
S32027,Male,IT,92,55,65,7.22,1,4.5,0,Not At Risk
S32030,Male,Computer,96,64,82,9.79,0,6.0,0,Not At Risk
S32033,Male,AI,76,99,64,7.61,0,7.4,0,Not At Risk
S32034,Male,IT,96,84,88,9.53,0,5.0,0,Not At Risk
S32043,Female,IT,75,69,70,7.49,0,5.4,0,Not At Risk
S32045,Male,IT,97,69,74,8.76,0,4.8,0,Not At Risk
S32047,Female,IT,97,56,66,8.04,0,3.6,0,Not At Risk
S32052,Male,AI,99,76,87,9.78,0,5.7,0,Not At Risk
S32053,Male,Computer,81,72,57,7.9,0,7.0,0,Not At Risk
S32058,Male,IT,88,69,78,9.88,0,7.0,0,Not At Risk
S32064,Male,Computer,82,63,87,6.98,0,6.1,0,Not At Risk
S32071,Male,AI,70,56,79,8.54,1,3.3,0,Not At Risk
S32073,Female,Computer,87,62,90,9.99,0,6.0,0,Not At Risk
S32075,Male,AI,70,65,67,5.48,1,2.7,1,At Risk
S32077,Female,AI,55,40,44,5.49,1,3.4,1,At Risk
S32078,Female,AI,70,91,63,8.58,0,3.2,0,Not At Risk
S32089,Female,Computer,70,37,67,5.71,3,1.8,1,At Risk
S32100,Male,IT,94,64,59,7.83,0,6.1,0,Not At Risk
S32103,Male,IT,62,64,58,4.96,2,1.1,1,At Risk
S32113,Female,Computer,67,59,56,8.8,0,3.7,0,Not At Risk
S32120,Female,Computer,61,43,42,5.85,3,1.1,1,At Risk
S32126,Female,IT,90,56,62,8.51,0,7.3,0,Not At Risk
S32134,Female,Computer,76,65,76,9.64,1,5.8,0,Not At Risk
S32137,Male,IT,83,56,75,8.1,0,4.4,0,Not At Risk
S32142,Male,Computer,66,83,75,8.24,0,6.7,0,Not At Risk
S32148,Male,IT,67,82,79,7.65,1,6.5,0,Not At Risk
S32151,Female,IT,89,89,97,9.94,0,7.5,0,Not At Risk
S32153,Male,AI,76,93,70,9.38,0,6.2,0,Not At Risk
S32173,Female,IT,60,46,37,5.79,2,3.4,1,At Risk
S32174,Female,IT,66,65,48,5.42,2,1.1,1,At Risk
S32181,Female,AI,100,97,63,8.11,0,6.1,0,Not At Risk
S32182,Female,Computer,83,100,57,8.09,0,7.0,0,Not At Risk
S32201,Female,AI,69,80,72,9.09,0,6.0,0,Not At Risk
S32205,Male,IT,98,89,61,8.01,0,7.3,0,Not At Risk
S32216,Male,AI,67,56,92,7.07,0,5.1,0,Not At Risk
S32223,Female,Computer,86,98,56,8.39,0,6.8,0,Not At Risk
S32224,Female,Computer,69,96,98,8.62,0,6.0,0,Not At Risk
S32227,Female,Computer,75,95,63,7.82,0,4.5,0,Not At Risk
S32235,Male,IT,65,41,35,6.19,1,1.0,1,At Risk
S32237,Male,IT,76,79,84,7.0,0,4.0,0,Not At Risk
S32239,Male,IT,85,80,76,9.01,0,3.2,0,Not At Risk
S32244,Female,IT,92,67,82,9.27,0,6.4,0,Not At Risk
S32245,Male,Computer,92,77,83,7.73,0,5.4,0,Not At Risk
S32254,Male,AI,90,75,56,6.74,0,5.4,0,Not At Risk
S32267,Female,IT,96,96,81,7.9,0,5.1,0,Not At Risk
S32273,Male,Computer,76,99,57,6.57,0,6.6,0,Not At Risk
S32276,Male,AI,91,85,95,6.71,0,6.8,0,Not At Risk
S32280,Female,Computer,67,61,55,9.67,0,5.5,0,Not At Risk
S32282,Female,AI,67,48,48,5.6,2,1.0,1,At Risk
S32284,Male,IT,58,51,53,4.86,3,1.4,1,At Risk
S32291,Male,AI,58,59,43,4.94,2,1.9,1,At Risk
S32299,Female,Computer,81,57,86,8.76,1,6.8,0,Not At Risk
S32300,Male,IT,58,60,35,5.0,3,3.7,1,At Risk
S32302,Male,AI,65,60,40,6.08,1,3.3,1,At Risk
S32312,Female,IT,94,95,80,6.66,1,7.5,0,Not At Risk
S32319,Male,AI,81,74,80,9.71,0,8.0,0,Not At Risk
S32321,Male,IT,96,55,94,8.94,1,7.7,0,Not At Risk
S32323,Male,Computer,95,62,62,8.4,0,7.2,0,Not At Risk
S32325,Female,Computer,93,57,88,6.89,0,3.5,0,Not At Risk
S32327,Male,AI,95,60,87,9.12,0,7.9,0,Not At Risk
S32336,Female,IT,69,89,94,9.86,0,5.4,0,Not At Risk
S32339,Male,IT,74,58,73,8.29,0,3.5,0,Not At Risk
S32344,Female,Computer,93,83,66,9.92,1,7.7,0,Not At Risk
S32361,Female,Computer,60,42,65,5.55,1,3.0,1,At Risk
S32362,Male,AI,93,60,59,9.15,0,3.1,0,Not At Risk
S32369,Male,IT,98,76,87,7.16,0,6.7,0,Not At Risk
S32379,Female,IT,75,88,64,7.06,0,4.4,0,Not At Risk
S32388,Female,Computer,89,78,97,7.14,0,4.8,0,Not At Risk
S32390,Male,Computer,51,64,60,5.98,3,2.4,1,At Risk
S32391,Male,AI,97,71,56,7.12,0,3.9,0,Not At Risk
S32392,Female,IT,53,49,62,5.27,2,3.8,1,At Risk
S32394,Male,IT,77,58,88,6.96,0,5.9,0,Not At Risk
S32397,Male,AI,79,74,89,7.31,0,3.2,0,Not At Risk
S32401,Male,Computer,70,100,62,8.88,0,6.5,0,Not At Risk
S32406,Male,IT,81,73,100,7.77,0,5.3,0,Not At Risk
S32407,Male,IT,77,78,98,8.1,0,4.8,0,Not At Risk
S32423,Male,AI,64,56,51,6.52,2,2.7,1,At Risk
S32424,Female,IT,79,100,98,9.13,0,4.9,0,Not At Risk
S32430,Female,Computer,80,59,57,8.17,0,5.7,0,Not At Risk
S32434,Female,Computer,81,73,87,8.52,1,3.0,0,Not At Risk
S32437,Male,IT,82,72,91,7.34,0,5.8,0,Not At Risk
S32438,Male,AI,100,88,77,7.3,1,7.0,0,Not At Risk
S32441,Female,Computer,93,77,73,9.88,1,6.1,0,Not At Risk
S32446,Male,IT,80,96,77,7.94,1,5.3,0,Not At Risk
S32453,Female,IT,95,69,65,9.77,0,5.3,0,Not At Risk
S32454,Female,IT,58,48,60,6.27,2,2.5,1,At Risk
S32456,Male,Computer,75,57,72,6.78,1,6.3,0,Not At Risk
S32457,Female,Computer,98,57,79,6.55,0,5.2,0,Not At Risk
S32460,Male,AI,77,96,70,9.44,0,7.6,0,Not At Risk
S32472,Male,IT,89,63,90,9.76,1,6.0,0,Not At Risk
S32478,Female,AI,88,73,74,8.93,0,3.8,0,Not At Risk
S32483,Female,IT,86,95,91,8.03,1,4.7,0,Not At Risk
S32487,Female,IT,51,53,60,5.44,1,1.5,1,At Risk
S32488,Male,AI,60,62,46,5.7,1,1.4,1,At Risk
S32495,Male,IT,95,88,68,8.79,0,5.8,0,Not At Risk
S32496,Female,Computer,84,82,63,7.2,0,7.2,0,Not At Risk
S32497,Female,AI,90,70,75,7.13,1,6.2,0,Not At Risk
S32498,Female,AI,81,70,59,9.73,1,3.8,0,Not At Risk
S32501,Female,IT,89,66,90,8.92,0,4.9,0,Not At Risk
S32507,Male,Computer,61,54,50,6.48,2,1.5,1,At Risk
S32510,Female,Computer,74,86,74,6.73,0,4.9,0,Not At Risk
S32512,Male,AI,77,76,67,9.17,0,4.4,0,Not At Risk
S32513,Male,IT,68,67,77,9.16,0,7.7,0,Not At Risk
S32515,Male,Computer,100,94,75,7.38,1,7.1,0,Not At Risk
S32526,Female,IT,93,87,61,9.01,0,4.9,0,Not At Risk
S32529,Female,Computer,76,62,90,7.29,0,5.4,0,Not At Risk
S32536,Male,AI,87,80,93,6.9,1,4.8,0,Not At Risk
S32540,Female,Computer,50,39,56,5.32,3,2.3,1,At Risk
S32542,Male,Computer,71,55,57,8.61,0,3.9,0,Not At Risk
S32544,Female,IT,66,78,96,9.39,1,5.2,0,Not At Risk
S32549,Male,Computer,65,65,95,8.7,1,7.3,0,Not At Risk
S32557,Male,AI,47,59,59,5.77,3,1.2,1,At Risk
S32561,Female,IT,67,82,91,7.29,0,3.9,0,Not At Risk
S32562,Female,IT,84,82,85,8.29,1,4.7,0,Not At Risk
S32563,Female,IT,75,83,93,8.3,0,4.2,0,Not At Risk
S32564,Female,Computer,71,73,71,9.72,0,6.9,0,Not At Risk
S32569,Male,IT,45,38,37,5.29,1,1.6,1,At Risk
S32585,Male,AI,74,83,87,7.52,0,5.3,0,Not At Risk
S32590,Female,Computer,62,58,41,5.78,3,3.3,1,At Risk
S32598,Female,Computer,73,72,84,8.87,1,7.7,0,Not At Risk
S32605,Male,AI,65,48,58,5.02,2,2.4,1,At Risk
S32611,Female,AI,75,88,84,8.16,0,3.6,0,Not At Risk
S32614,Female,Computer,92,63,62,8.1,1,6.8,0,Not At Risk
S32618,Male,IT,68,57,38,5.06,2,3.7,1,At Risk
S32621,Male,IT,59,55,53,6.74,2,1.7,1,At Risk
S32628,Male,AI,59,56,36,5.04,3,1.2,1,At Risk
S32631,Female,IT,78,93,87,7.33,0,6.2,0,Not At Risk
S32638,Female,Computer,77,68,100,7.48,1,3.3,0,Not At Risk
S32647,Male,IT,54,59,49,5.7,3,2.7,1,At Risk
S32648,Female,AI,61,43,35,5.9,3,1.5,1,At Risk
S32649,Female,Computer,70,75,76,8.22,0,6.4,0,Not At Risk
S32653,Male,IT,71,76,59,9.2,0,6.1,0,Not At Risk
S32657,Female,AI,77,86,55,6.68,1,4.8,0,Not At Risk
S32664,Female,AI,80,73,79,7.15,0,5.5,0,Not At Risk
S32665,Male,Computer,94,83,73,7.98,1,6.1,0,Not At Risk
S32666,Male,IT,100,86,79,6.68,1,6.9,0,Not At Risk
S32677,Female,AI,68,69,79,7.63,0,7.6,0,Not At Risk
S32682,Male,AI,74,95,73,9.99,0,7.3,0,Not At Risk
S32683,Female,AI,47,64,42,5.26,3,1.9,1,At Risk
S32693,Female,Computer,55,35,48,6.46,1,3.0,1,At Risk
S32697,Female,IT,86,69,70,8.1,0,7.9,0,Not At Risk
S32703,Female,IT,66,70,83,8.34,0,7.4,0,Not At Risk
S32705,Male,Computer,67,78,82,7.82,0,3.7,0,Not At Risk
S32712,Female,Computer,71,80,91,9.85,0,7.3,0,Not At Risk
S32714,Female,AI,68,87,81,6.62,1,4.4,0,Not At Risk
S32727,Female,Computer,63,55,53,5.32,2,1.9,1,At Risk
S32742,Male,Computer,93,58,90,8.36,1,4.3,0,Not At Risk
S32751,Female,Computer,70,93,71,7.43,0,3.6,0,Not At Risk
S32752,Female,AI,96,55,90,9.5,0,5.7,0,Not At Risk
S32757,Male,AI,79,71,90,6.77,0,6.7,0,Not At Risk
S32765,Female,IT,55,42,66,4.9,3,1.2,1,At Risk
S32766,Female,AI,91,64,93,6.63,0,3.6,0,Not At Risk
S32769,Female,IT,69,96,71,9.47,0,7.2,0,Not At Risk
S32776,Female,IT,88,69,68,9.93,0,6.2,0,Not At Risk
S32779,Male,Computer,66,84,79,7.08,0,6.0,0,Not At Risk
S32780,Male,Computer,51,55,61,5.24,2,4.0,1,At Risk
S32782,Male,Computer,72,76,56,9.9,1,3.0,0,Not At Risk
S32788,Female,AI,87,84,89,7.92,0,4.1,0,Not At Risk
S32790,Male,Computer,79,71,73,8.19,0,5.2,0,Not At Risk
S32795,Female,AI,87,93,68,6.53,0,6.4,0,Not At Risk
S32814,Female,AI,94,88,81,9.99,0,6.0,0,Not At Risk
S32823,Female,AI,46,64,51,4.96,1,1.5,1,At Risk
S32824,Male,Computer,86,95,57,8.56,0,6.2,0,Not At Risk
S32829,Male,IT,96,66,95,6.63,0,6.6,0,Not At Risk
S32832,Male,IT,65,55,54,6.28,1,1.7,1,At Risk
S32843,Female,IT,73,57,73,9.55,0,7.6,0,Not At Risk
S32848,Female,AI,95,90,99,8.22,1,4.9,0,Not At Risk
S32853,Male,IT,97,71,62,8.36,0,4.4,0,Not At Risk
S32856,Female,IT,95,58,67,7.59,0,4.8,0,Not At Risk
S32857,Male,Computer,91,82,83,9.77,0,6.7,0,Not At Risk
S32859,Female,AI,84,84,80,6.54,1,4.0,0,Not At Risk
S32868,Male,Computer,79,75,78,8.26,0,3.7,0,Not At Risk
S32870,Female,Computer,88,97,63,8.41,1,7.6,0,Not At Risk
S32871,Male,IT,46,37,68,5.09,1,1.4,1,At Risk
S32874,Female,IT,86,98,59,7.93,0,7.3,0,Not At Risk
S32888,Male,IT,74,97,97,6.69,0,5.8,0,Not At Risk
S32889,Male,AI,67,57,43,6.37,3,1.9,1,At Risk
S32890,Female,IT,86,60,87,8.85,1,4.1,0,Not At Risk
S32891,Female,IT,83,93,100,6.77,0,5.5,0,Not At Risk
S32895,Male,Computer,84,60,90,9.25,0,5.2,0,Not At Risk
S32897,Male,AI,47,50,60,6.54,2,2.6,1,At Risk
S32902,Female,Computer,46,54,56,5.14,3,2.3,1,At Risk
S32905,Male,Computer,77,55,85,8.34,0,6.1,0,Not At Risk
S32906,Male,IT,70,55,83,8.77,0,8.0,0,Not At Risk
S32907,Female,IT,76,87,59,8.17,1,7.0,0,Not At Risk
S32910,Female,Computer,71,83,100,8.79,0,3.9,0,Not At Risk
S32914,Male,Computer,77,91,57,8.61,0,3.9,0,Not At Risk
S32915,Male,AI,73,89,69,8.78,0,3.1,0,Not At Risk
S32916,Female,AI,58,53,49,5.88,2,2.6,1,At Risk
S32918,Female,Computer,90,77,83,8.21,0,7.9,0,Not At Risk
S32921,Female,AI,81,86,93,9.92,1,4.3,0,Not At Risk
S32923,Male,Computer,90,90,63,7.82,0,4.7,0,Not At Risk
S32930,Male,Computer,94,68,69,9.73,0,8.0,0,Not At Risk
S32931,Female,Computer,76,72,65,7.74,0,6.2,0,Not At Risk
S32934,Female,IT,95,84,99,9.07,1,6.4,0,Not At Risk
S32937,Male,Computer,86,98,90,9.99,1,7.6,0,Not At Risk
S32941,Female,IT,76,69,76,8.47,0,5.0,0,Not At Risk
S32942,Female,Computer,75,74,60,6.71,1,5.3,0,Not At Risk
S32948,Female,IT,90,62,79,6.67,0,5.4,0,Not At Risk
S32959,Male,Computer,69,79,73,9.1,1,3.3,0,Not At Risk
S32960,Female,AI,83,100,98,9.76,0,5.0,0,Not At Risk
S32964,Male,IT,87,62,65,9.06,1,7.2,0,Not At Risk
S32968,Male,Computer,59,41,60,5.59,2,1.7,1,At Risk
S32972,Female,AI,86,55,89,8.96,0,7.6,0,Not At Risk
S32979,Male,AI,96,64,93,7.46,1,3.4,0,Not At Risk
S32991,Male,Computer,95,76,82,9.57,0,5.8,0,Not At Risk
S32992,Male,Computer,74,72,72,7.9,0,3.3,0,Not At Risk
S32997,Female,Computer,83,72,96,7.31,0,6.8,0,Not At Risk
S33003,Male,IT,65,72,97,7.4,0,4.9,0,Not At Risk
S33005,Male,Computer,95,76,66,9.51,1,7.8,0,Not At Risk
S33013,Female,AI,71,57,96,9.12,0,7.6,0,Not At Risk
S33020,Male,Computer,95,98,80,6.58,1,5.3,0,Not At Risk
S33025,Male,Computer,71,78,66,6.78,0,7.4,0,Not At Risk
S33038,Female,Computer,51,43,67,6.17,1,1.6,1,At Risk
S33041,Male,Computer,69,67,72,9.55,1,4.4,0,Not At Risk
S33050,Female,Computer,65,54,50,6.43,3,3.6,1,At Risk
S33053,Female,Computer,86,61,59,8.18,0,5.5,0,Not At Risk
S33054,Male,IT,60,36,38,6.1,2,1.2,1,At Risk
S33061,Male,AI,90,92,63,9.2,0,4.9,0,Not At Risk
S33063,Male,IT,56,50,67,6.4,2,2.5,1,At Risk
S33065,Male,AI,100,85,80,9.43,0,4.1,0,Not At Risk
S33066,Female,IT,65,60,75,6.84,0,7.7,0,Not At Risk
S33070,Female,AI,95,56,66,9.59,0,6.1,0,Not At Risk
S33071,Male,Computer,86,74,66,9.89,0,3.6,0,Not At Risk
S33077,Female,AI,97,93,55,9.33,0,5.3,0,Not At Risk
S33084,Female,Computer,53,45,39,6.19,2,3.9,1,At Risk
S33086,Male,Computer,52,51,58,5.24,1,3.6,1,At Risk
S33087,Male,IT,68,90,62,7.15,0,5.2,0,Not At Risk
S33092,Female,IT,84,72,83,8.4,0,7.4,0,Not At Risk
S33093,Female,IT,68,88,79,6.63,0,3.8,0,Not At Risk
S33095,Male,IT,66,65,74,7.47,0,5.7,0,Not At Risk
S33102,Male,AI,79,69,58,9.32,1,4.1,0,Not At Risk
S33105,Male,IT,77,78,93,8.05,1,6.8,0,Not At Risk
S33112,Male,Computer,50,49,41,5.93,3,3.7,1,At Risk
S33117,Male,IT,94,98,85,8.55,0,5.8,0,Not At Risk
S33122,Male,IT,83,76,71,8.13,0,6.2,0,Not At Risk
S33124,Female,IT,55,56,55,5.38,2,3.7,1,At Risk
S33125,Male,Computer,83,81,55,6.77,0,5.8,0,Not At Risk
S33134,Female,AI,74,64,86,9.17,0,5.0,0,Not At Risk
S33137,Female,AI,97,56,98,7.09,1,3.6,0,Not At Risk
S33142,Female,IT,64,53,64,5.95,2,2.5,1,At Risk
S33143,Male,IT,84,86,55,7.33,0,4.5,0,Not At Risk
S33147,Male,AI,84,84,94,7.13,0,5.7,0,Not At Risk
S33149,Female,IT,97,86,70,8.42,0,7.0,0,Not At Risk
S33151,Male,AI,90,64,72,9.17,0,5.9,0,Not At Risk
S33152,Male,IT,73,70,70,9.13,0,7.8,0,Not At Risk
S33153,Male,Computer,95,77,79,8.25,0,5.7,0,Not At Risk
S33160,Female,Computer,77,71,88,6.78,0,4.4,0,Not At Risk
S33165,Male,IT,48,42,44,5.39,2,1.3,1,At Risk
S33169,Male,IT,85,70,57,8.18,0,7.6,0,Not At Risk
S33171,Female,IT,94,93,66,8.26,1,4.9,0,Not At Risk
S33172,Male,Computer,70,73,80,7.55,0,3.7,0,Not At Risk
S33176,Female,Computer,96,99,83,8.87,0,5.8,0,Not At Risk
S33177,Female,AI,96,76,63,8.6,0,6.5,0,Not At Risk
S33182,Female,Computer,79,77,70,6.96,0,7.1,0,Not At Risk
S33185,Female,Computer,96,66,78,8.65,1,5.1,0,Not At Risk
S33192,Male,IT,49,39,69,5.3,2,3.9,1,At Risk
S33193,Female,IT,95,89,79,9.53,0,5.5,0,Not At Risk
S33197,Female,AI,77,62,65,8.25,0,5.3,0,Not At Risk
S33200,Female,IT,96,88,82,7.29,0,5.8,0,Not At Risk
S33204,Female,Computer,90,88,95,8.36,1,7.0,0,Not At Risk
S33214,Male,AI,79,63,79,9.97,1,7.1,0,Not At Risk
S33220,Female,AI,92,95,58,7.83,0,4.6,0,Not At Risk
S33231,Male,IT,86,67,65,7.25,0,6.5,0,Not At Risk
S33233,Female,IT,88,79,99,6.79,0,6.2,0,Not At Risk
S33244,Female,Computer,91,77,55,8.68,0,4.5,0,Not At Risk
S33246,Female,AI,90,86,100,9.68,0,6.7,0,Not At Risk
S33249,Female,IT,90,79,80,9.57,0,7.0,0,Not At Risk
S33252,Female,AI,84,73,60,8.94,1,5.2,0,Not At Risk
S33260,Female,Computer,88,82,63,8.89,1,3.8,0,Not At Risk
S33261,Male,AI,81,62,75,9.41,0,6.9,0,Not At Risk
S33274,Male,Computer,63,64,54,6.64,2,1.1,1,At Risk
S33275,Female,AI,67,49,63,5.3,2,2.8,1,At Risk
S33280,Male,AI,68,87,98,8.61,0,5.4,0,Not At Risk
S33285,Male,IT,77,63,89,7.94,0,5.8,0,Not At Risk
S33286,Female,IT,85,100,91,9.07,0,5.9,0,Not At Risk
S33301,Male,AI,65,81,81,6.98,0,6.4,0,Not At Risk
S33313,Male,AI,74,79,84,7.3,1,4.6,0,Not At Risk
S33315,Female,AI,82,78,62,9.61,0,7.8,0,Not At Risk
S33316,Female,Computer,57,59,48,6.49,1,2.0,1,At Risk
S33318,Female,IT,93,73,82,7.77,0,3.5,0,Not At Risk
S33319,Male,AI,74,67,65,7.11,0,3.5,0,Not At Risk
S33326,Female,AI,96,71,67,8.27,0,3.4,0,Not At Risk
S33328,Female,IT,65,42,70,5.87,2,3.4,1,At Risk
S33329,Male,Computer,100,59,60,8.89,0,3.9,0,Not At Risk
S33330,Male,AI,77,65,56,7.58,0,7.0,0,Not At Risk
S33331,Male,Computer,68,77,89,8.08,0,3.0,0,Not At Risk
S33333,Female,Computer,91,90,70,7.37,0,6.4,0,Not At Risk
S33336,Male,AI,50,47,70,6.03,2,1.1,1,At Risk
S33337,Male,IT,78,98,65,6.79,0,7.2,0,Not At Risk
S33338,Female,IT,99,58,68,9.5,1,7.6,0,Not At Risk
S33354,Male,Computer,68,63,63,8.46,0,6.2,0,Not At Risk
S33355,Male,AI,81,55,73,6.85,0,7.6,0,Not At Risk
S33358,Female,AI,92,97,63,7.82,0,6.5,0,Not At Risk
S33363,Female,IT,98,99,99,9.05,1,7.1,0,Not At Risk
S33376,Male,Computer,52,46,51,6.15,1,3.4,1,At Risk
S33377,Male,AI,77,72,93,7.91,0,4.8,0,Not At Risk
S33378,Male,Computer,55,46,49,6.1,3,3.7,1,At Risk
S33380,Female,Computer,52,37,39,5.74,1,1.1,1,At Risk
S33382,Male,AI,76,78,79,9.95,0,7.1,0,Not At Risk
S33385,Female,AI,82,85,97,7.11,0,7.8,0,Not At Risk
S33391,Male,Computer,96,56,77,9.0,0,6.6,0,Not At Risk
S33394,Male,AI,86,95,80,7.48,0,3.8,0,Not At Risk
S33403,Female,Computer,99,85,91,8.55,0,4.0,0,Not At Risk
S33406,Male,Computer,96,91,61,8.65,1,7.4,0,Not At Risk
S33423,Male,AI,60,46,46,5.39,2,1.3,1,At Risk
S33430,Female,Computer,75,78,70,8.9,0,5.3,0,Not At Risk
S33431,Female,Computer,91,93,100,7.82,0,6.1,0,Not At Risk
S33433,Female,AI,99,82,58,8.72,0,4.6,0,Not At Risk
S33443,Female,AI,60,50,65,6.56,2,1.2,1,At Risk
S33444,Female,Computer,90,80,71,9.6,0,3.6,0,Not At Risk
S33450,Female,Computer,80,100,73,9.29,0,5.6,0,Not At Risk
S33455,Female,Computer,76,95,85,9.25,0,6.6,0,Not At Risk
S33461,Male,AI,78,93,65,7.16,0,6.2,0,Not At Risk
S33466,Male,Computer,66,82,64,7.78,1,4.9,0,Not At Risk
S33468,Female,Computer,74,81,83,8.82,0,5.8,0,Not At Risk
S33469,Male,AI,76,69,87,7.28,0,4.5,0,Not At Risk
S33473,Male,AI,71,63,86,9.92,0,4.0,0,Not At Risk
S33476,Male,AI,63,41,61,5.14,1,2.9,1,At Risk
S33477,Female,Computer,67,53,37,6.58,1,3.6,1,At Risk
S33478,Female,AI,66,86,74,6.67,0,5.6,0,Not At Risk
S33479,Female,AI,68,82,96,9.18,0,4.3,0,Not At Risk
S33480,Male,AI,70,48,53,6.8,2,3.3,1,At Risk
S33483,Male,AI,95,57,59,7.79,1,7.2,0,Not At Risk
S33491,Male,AI,83,70,97,8.93,0,3.6,0,Not At Risk
S33493,Male,Computer,50,51,53,6.78,1,2.2,1,At Risk
S33497,Female,Computer,95,86,100,7.52,0,5.0,0,Not At Risk
S33511,Female,AI,92,94,93,7.47,0,3.9,0,Not At Risk
S33526,Male,IT,92,100,67,8.39,0,3.7,0,Not At Risk
S33531,Female,IT,67,36,49,5.26,1,2.2,1,At Risk
S33532,Male,Computer,94,91,90,8.32,0,7.7,0,Not At Risk
S33534,Male,IT,69,96,62,9.7,0,4.9,0,Not At Risk
S33545,Female,AI,99,95,74,8.51,0,3.5,0,Not At Risk
S33546,Male,IT,47,39,62,5.49,1,1.7,1,At Risk
S33548,Male,IT,67,97,62,8.47,0,6.6,0,Not At Risk
S33549,Male,Computer,92,87,90,8.31,0,5.6,0,Not At Risk
S33563,Female,AI,74,87,66,8.58,1,6.7,0,Not At Risk
S33571,Female,Computer,86,84,61,7.81,0,7.6,0,Not At Risk
S33573,Male,AI,99,69,85,9.51,0,3.5,0,Not At Risk
S33588,Female,IT,82,81,75,7.57,0,6.0,0,Not At Risk
S33593,Female,IT,60,36,60,4.89,1,3.0,1,At Risk
S33594,Female,AI,86,97,67,7.95,0,6.6,0,Not At Risk
S33607,Female,AI,77,81,91,7.22,0,4.8,0,Not At Risk
S33614,Male,Computer,78,76,99,9.71,0,7.7,0,Not At Risk
S33617,Male,Computer,67,98,99,9.86,1,5.0,0,Not At Risk
S33628,Female,IT,76,80,83,7.46,1,3.3,0,Not At Risk
S33631,Female,AI,84,56,97,9.58,1,6.9,0,Not At Risk
S33644,Male,IT,65,99,58,7.28,0,6.6,0,Not At Risk
S33646,Male,IT,65,68,57,8.96,0,3.5,0,Not At Risk
S33654,Male,IT,76,93,97,9.07,0,7.0,0,Not At Risk
S33655,Male,IT,79,68,91,7.92,0,6.9,0,Not At Risk
S33658,Female,IT,70,87,89,8.65,0,6.1,0,Not At Risk
S33662,Male,AI,88,85,95,7.74,0,4.0,0,Not At Risk
S33671,Male,IT,96,60,77,9.86,1,4.4,0,Not At Risk
S33674,Male,IT,84,85,85,8.16,0,6.8,0,Not At Risk
S33675,Female,IT,99,89,66,8.29,0,3.2,0,Not At Risk
S33682,Male,IT,89,68,66,9.04,0,5.7,0,Not At Risk
S33685,Male,Computer,67,66,82,7.08,0,6.3,0,Not At Risk
S33686,Male,AI,92,73,64,8.59,0,4.8,0,Not At Risk
S33694,Male,Computer,62,63,47,6.72,2,2.2,1,At Risk
S33696,Female,Computer,95,98,55,8.45,0,3.3,0,Not At Risk
S33699,Female,IT,67,89,74,7.13,0,4.6,0,Not At Risk
S33711,Male,IT,82,94,66,8.42,0,6.8,0,Not At Risk
S33726,Female,IT,70,80,79,7.65,0,7.5,0,Not At Risk
S33727,Male,Computer,69,74,92,8.24,0,6.6,0,Not At Risk
S33735,Female,Computer,92,76,82,8.87,0,3.5,0,Not At Risk
S33736,Male,AI,68,64,87,8.54,1,5.4,0,Not At Risk
S33739,Male,Computer,48,36,59,5.35,2,2.6,1,At Risk
S33740,Female,Computer,74,79,89,7.57,0,6.7,0,Not At Risk
S33760,Male,IT,91,69,73,9.76,0,5.3,0,Not At Risk
S33764,Female,AI,50,65,54,5.38,1,3.9,1,At Risk
S33769,Male,IT,84,56,68,8.96,0,3.3,0,Not At Risk
S33774,Female,AI,64,49,54,5.57,2,3.8,1,At Risk
S33779,Male,AI,60,35,69,5.51,2,3.5,1,At Risk
S33789,Male,IT,100,62,69,7.61,0,3.7,0,Not At Risk
S33791,Male,Computer,91,86,98,8.51,0,7.1,0,Not At Risk
S33798,Male,AI,88,93,92,6.87,1,5.9,0,Not At Risk
S33820,Male,IT,50,64,49,5.76,1,2.1,1,At Risk
S33823,Female,Computer,87,98,85,9.19,0,4.2,0,Not At Risk
S33824,Male,IT,66,65,50,4.86,2,2.0,1,At Risk
S33840,Female,IT,100,75,82,6.97,1,5.6,0,Not At Risk
S33847,Female,AI,68,95,77,9.57,0,3.8,0,Not At Risk
S33849,Female,AI,97,69,79,7.03,0,3.7,0,Not At Risk
S33851,Female,Computer,82,59,57,7.43,0,4.5,0,Not At Risk
S33862,Male,Computer,93,79,81,7.62,0,5.3,0,Not At Risk
S33863,Male,IT,100,98,62,8.66,0,5.0,0,Not At Risk
S33867,Female,IT,84,56,59,9.59,1,7.1,0,Not At Risk
S33869,Female,Computer,68,63,88,9.05,0,3.1,0,Not At Risk
S33870,Male,AI,92,76,97,9.89,0,4.2,0,Not At Risk
S33889,Female,Computer,73,60,70,9.37,0,5.3,0,Not At Risk
S33891,Male,IT,92,78,77,8.29,1,3.0,0,Not At Risk
S33892,Female,AI,69,82,74,6.82,0,5.1,0,Not At Risk
S33898,Female,AI,63,49,44,5.77,3,2.1,1,At Risk
S33904,Male,AI,91,78,73,9.08,0,3.4,0,Not At Risk
S33913,Female,Computer,51,50,40,6.5,1,1.4,1,At Risk
S33914,Male,Computer,70,71,89,9.35,0,5.6,0,Not At Risk
S33915,Male,Computer,96,98,92,9.48,0,3.9,0,Not At Risk
S33917,Female,IT,84,85,71,9.29,1,4.6,0,Not At Risk
S33920,Male,IT,90,62,80,9.95,1,4.0,0,Not At Risk
S33921,Female,IT,67,87,61,6.6,0,3.2,0,Not At Risk
S33926,Male,AI,73,71,76,8.87,0,4.8,0,Not At Risk
S33929,Male,IT,69,72,91,6.58,0,7.6,0,Not At Risk
S33933,Male,AI,83,57,82,6.95,0,4.9,0,Not At Risk
S33935,Male,Computer,86,93,62,7.07,0,4.3,0,Not At Risk
S33937,Female,IT,94,79,80,8.75,0,5.7,0,Not At Risk
S33940,Female,AI,78,72,90,6.63,1,6.3,0,Not At Risk
S33949,Male,AI,87,90,75,6.61,1,3.6,0,Not At Risk
S33950,Female,IT,92,75,55,7.9,1,7.0,0,Not At Risk
S33954,Male,IT,79,69,84,9.08,0,7.6,0,Not At Risk
S33958,Male,AI,90,80,94,9.38,0,5.8,0,Not At Risk
S33962,Female,Computer,48,39,61,6.61,3,1.4,1,At Risk
S33969,Female,Computer,49,58,42,6.03,1,2.9,1,At Risk
S33971,Female,Computer,89,65,58,6.65,0,4.2,0,Not At Risk
S33973,Male,AI,94,87,88,6.66,0,8.0,0,Not At Risk
S33974,Female,IT,97,68,75,6.99,0,7.4,0,Not At Risk
S33976,Female,AI,73,96,82,6.72,1,5.5,0,Not At Risk
S33985,Female,IT,94,57,91,6.97,0,5.1,0,Not At Risk
S33994,Male,AI,82,83,55,8.92,0,3.8,0,Not At Risk
S33995,Female,IT,65,90,95,9.52,0,4.5,0,Not At Risk
S34018,Female,Computer,64,43,57,5.06,2,2.3,1,At Risk
S34022,Male,AI,46,48,60,5.07,2,2.4,1,At Risk
S34024,Male,Computer,82,55,77,7.98,0,7.4,0,Not At Risk
S34025,Female,AI,86,85,80,8.27,0,3.7,0,Not At Risk
S34029,Male,AI,55,47,42,5.9,1,3.2,1,At Risk
S34038,Female,Computer,54,55,45,5.8,2,1.6,1,At Risk
S34044,Male,Computer,72,69,56,9.13,0,5.9,0,Not At Risk
S34046,Male,Computer,88,60,78,7.76,0,3.5,0,Not At Risk
S34048,Male,Computer,65,58,55,8.36,0,7.8,0,Not At Risk
S34051,Female,AI,91,65,100,6.66,0,6.3,0,Not At Risk
S34053,Male,AI,77,76,95,9.67,1,7.3,0,Not At Risk
S34056,Male,AI,81,66,82,8.65,0,7.7,0,Not At Risk
S34057,Female,Computer,80,62,69,8.2,1,7.3,0,Not At Risk
S34072,Male,IT,95,95,86,8.16,0,4.1,0,Not At Risk
S34073,Female,Computer,97,85,60,9.72,0,3.7,0,Not At Risk
S34075,Male,IT,91,56,55,8.84,0,8.0,0,Not At Risk
S34076,Male,IT,68,49,46,6.7,1,2.3,1,At Risk
S34077,Male,IT,80,87,57,9.27,0,6.2,0,Not At Risk
S34086,Female,IT,74,82,91,7.13,1,4.2,0,Not At Risk
S34092,Male,IT,57,35,39,4.85,1,1.2,1,At Risk
S34098,Male,AI,93,64,87,8.58,0,5.5,0,Not At Risk
S34100,Female,Computer,95,73,71,7.21,1,6.4,0,Not At Risk
S34106,Female,IT,89,79,93,9.49,0,3.6,0,Not At Risk
S34115,Male,Computer,85,66,56,7.72,0,3.6,0,Not At Risk
S34116,Female,AI,89,60,76,9.0,0,7.9,0,Not At Risk
S34123,Male,IT,95,56,93,7.16,0,4.5,0,Not At Risk
S34145,Male,AI,73,55,69,8.66,0,5.8,0,Not At Risk
S34150,Female,IT,94,89,60,7.15,0,4.7,0,Not At Risk
S34161,Female,Computer,96,74,65,8.23,0,5.8,0,Not At Risk
S34163,Female,Computer,94,76,68,7.59,0,7.6,0,Not At Risk
S34165,Male,Computer,70,62,93,9.69,0,6.5,0,Not At Risk
S34167,Female,IT,48,62,64,6.77,1,3.6,1,At Risk
S34174,Female,IT,65,70,81,7.48,0,5.0,0,Not At Risk
S34178,Male,Computer,97,87,94,6.85,0,7.9,0,Not At Risk
S34181,Male,IT,83,55,88,9.31,0,5.8,0,Not At Risk
S34188,Male,Computer,56,46,49,5.19,1,2.9,1,At Risk
S34195,Female,IT,49,49,36,6.67,2,2.2,1,At Risk
S34201,Male,Computer,88,84,83,6.83,0,6.0,0,Not At Risk
S34203,Male,Computer,90,76,84,9.83,0,6.3,0,Not At Risk
S34210,Female,IT,46,61,69,5.19,1,2.8,1,At Risk
S34213,Male,IT,100,67,86,9.57,0,6.2,0,Not At Risk
S34215,Male,Computer,78,91,57,7.71,0,5.6,0,Not At Risk
S34224,Male,AI,97,92,91,9.3,0,4.5,0,Not At Risk
S34233,Female,Computer,73,68,71,9.41,0,5.9,0,Not At Risk
S34237,Male,IT,80,93,95,8.29,0,3.5,0,Not At Risk
S34241,Male,IT,79,58,57,9.07,0,4.9,0,Not At Risk
S34248,Male,IT,48,51,64,5.2,3,1.3,1,At Risk
S34251,Female,Computer,84,90,72,7.89,0,5.0,0,Not At Risk
S34258,Female,Computer,78,95,89,8.08,0,4.5,0,Not At Risk
S34259,Male,Computer,70,52,70,5.23,1,2.1,1,At Risk
S34265,Male,AI,93,99,91,9.19,1,4.8,0,Not At Risk
S34270,Female,Computer,76,88,94,9.96,1,7.4,0,Not At Risk
S34279,Male,AI,90,76,99,7.21,0,3.1,0,Not At Risk
S34280,Male,Computer,74,55,64,9.87,0,5.1,0,Not At Risk
S34286,Male,AI,72,61,85,7.28,1,3.6,0,Not At Risk
S34287,Female,AI,55,51,63,6.06,2,1.8,1,At Risk
S34289,Male,Computer,65,65,86,9.3,0,6.9,0,Not At Risk
S34290,Male,IT,69,89,90,9.42,1,8.0,0,Not At Risk
S34293,Male,Computer,84,73,88,7.59,0,5.4,0,Not At Risk
S34306,Male,IT,69,98,83,6.54,1,3.5,0,Not At Risk
S34311,Male,IT,65,64,67,6.12,2,2.3,1,At Risk
S34315,Male,IT,65,60,45,4.82,3,3.9,1,At Risk
S34318,Female,IT,92,63,90,9.81,0,4.9,0,Not At Risk
S34321,Female,AI,69,63,90,7.33,0,5.1,0,Not At Risk
S34325,Female,IT,65,52,42,5.71,2,3.4,1,At Risk
S34327,Male,IT,72,79,77,8.13,0,7.1,0,Not At Risk
S34331,Male,Computer,69,88,81,7.58,1,3.8,0,Not At Risk
S34336,Male,IT,68,91,91,9.05,1,5.4,0,Not At Risk
S34337,Female,AI,73,94,64,7.68,0,4.6,0,Not At Risk
S34350,Male,AI,100,92,87,6.72,0,7.2,0,Not At Risk
S34355,Male,Computer,73,76,70,9.07,0,7.5,0,Not At Risk
S34356,Female,AI,94,73,67,8.61,1,7.5,0,Not At Risk
S34359,Female,IT,58,59,36,5.47,3,2.8,1,At Risk
S34362,Female,Computer,69,62,57,7.67,0,5.7,0,Not At Risk
S34364,Female,IT,54,39,46,6.17,1,3.4,1,At Risk
S34371,Male,AI,89,67,77,8.08,0,5.9,0,Not At Risk
S34372,Male,IT,67,90,87,9.16,0,5.4,0,Not At Risk
S34378,Female,Computer,65,41,70,6.07,2,2.5,1,At Risk
S34379,Male,AI,67,88,56,9.89,1,3.4,0,Not At Risk
S34383,Female,IT,95,72,97,8.84,1,4.2,0,Not At Risk
S34388,Male,IT,58,64,61,6.71,2,1.4,1,At Risk
S34391,Male,Computer,85,56,66,8.51,0,3.5,0,Not At Risk
S34393,Male,IT,74,96,91,9.86,0,5.6,0,Not At Risk
S34396,Female,Computer,83,94,66,9.16,1,4.5,0,Not At Risk
S34398,Female,Computer,65,77,65,9.04,0,7.0,0,Not At Risk
S34402,Male,IT,77,91,90,7.03,0,5.9,0,Not At Risk
S34403,Male,IT,96,67,68,8.5,1,7.4,0,Not At Risk
S34404,Female,Computer,65,89,99,8.19,0,3.4,0,Not At Risk
S34411,Female,AI,78,94,57,8.29,0,5.1,0,Not At Risk
S34419,Female,AI,78,80,67,6.53,1,6.7,0,Not At Risk
S34437,Female,AI,92,86,94,9.79,1,6.2,0,Not At Risk
S34440,Male,IT,86,78,95,9.19,0,5.3,0,Not At Risk
S34441,Female,AI,79,58,59,8.96,1,4.7,0,Not At Risk
S34443,Male,IT,62,60,49,5.31,1,2.3,1,At Risk
S34454,Male,Computer,69,79,84,9.68,0,4.0,0,Not At Risk
S34457,Female,AI,84,66,69,8.87,0,5.1,0,Not At Risk
S34459,Male,Computer,78,78,75,8.49,0,7.4,0,Not At Risk
S34464,Male,Computer,66,80,63,6.93,0,5.9,0,Not At Risk
S34465,Male,Computer,78,56,63,7.59,0,3.7,0,Not At Risk
S34479,Female,AI,89,58,67,9.79,1,3.9,0,Not At Risk
S34480,Female,IT,68,57,97,8.32,0,3.2,0,Not At Risk
S34481,Male,Computer,80,70,55,8.02,0,3.8,0,Not At Risk
S34484,Male,IT,94,69,78,8.88,0,4.1,0,Not At Risk
S34491,Male,AI,66,55,68,5.29,3,1.9,1,At Risk
S34495,Male,AI,92,90,86,8.11,0,3.2,0,Not At Risk
S34500,Male,Computer,82,91,64,9.31,0,4.0,0,Not At Risk
S34503,Male,IT,73,85,55,7.69,0,6.4,0,Not At Risk
S34504,Female,IT,84,95,74,6.85,1,4.0,0,Not At Risk
S34510,Female,IT,56,38,44,6.21,2,3.8,1,At Risk
S34521,Male,IT,70,38,61,4.92,3,2.3,1,At Risk
S34523,Female,IT,79,75,56,8.29,1,3.9,0,Not At Risk
S34529,Male,Computer,66,63,35,5.17,1,1.6,1,At Risk
S34530,Female,IT,66,75,71,7.34,1,3.2,0,Not At Risk
S34547,Female,Computer,82,78,84,8.25,0,6.1,0,Not At Risk
S34552,Female,Computer,97,75,75,8.7,0,6.5,0,Not At Risk
S34559,Female,Computer,71,56,62,6.73,0,4.5,0,Not At Risk
S34566,Female,AI,86,91,95,8.03,0,7.2,0,Not At Risk
S34570,Female,Computer,65,59,87,9.36,1,4.0,0,Not At Risk
S34575,Male,Computer,55,41,48,6.29,1,3.5,1,At Risk
S34576,Male,Computer,71,84,91,6.59,1,4.0,0,Not At Risk
S34580,Female,AI,80,69,76,8.64,1,6.0,0,Not At Risk
S34583,Female,AI,56,62,57,5.22,2,3.1,1,At Risk
S34588,Male,Computer,84,87,70,8.13,0,3.4,0,Not At Risk
S34593,Female,Computer,71,95,80,8.74,0,6.4,0,Not At Risk
S34600,Female,AI,82,72,80,7.92,0,7.0,0,Not At Risk
S34603,Female,AI,89,99,76,7.33,1,6.7,0,Not At Risk
S34620,Female,AI,76,68,65,6.87,0,7.3,0,Not At Risk
S34627,Female,Computer,88,96,82,6.71,0,5.9,0,Not At Risk
S34633,Male,AI,77,70,89,9.93,0,4.2,0,Not At Risk
S34634,Female,IT,69,84,85,8.13,1,3.1,0,Not At Risk
S34637,Male,Computer,70,78,62,8.25,0,3.1,0,Not At Risk
S34641,Male,AI,54,54,47,6.1,1,1.6,1,At Risk
S34649,Female,IT,79,91,87,6.58,1,3.9,0,Not At Risk
S34653,Female,Computer,69,55,96,8.97,1,7.0,0,Not At Risk
S34670,Female,IT,87,62,73,7.12,0,6.6,0,Not At Risk
S34681,Male,Computer,85,90,92,8.42,1,4.5,0,Not At Risk
S34682,Male,Computer,75,58,88,8.5,0,3.4,0,Not At Risk
S34687,Female,Computer,95,89,92,7.41,0,3.5,0,Not At Risk
S34688,Female,Computer,67,76,67,8.03,0,7.0,0,Not At Risk
S34694,Male,IT,100,85,79,8.33,1,6.4,0,Not At Risk
S34696,Male,Computer,91,100,72,8.91,0,7.6,0,Not At Risk
S34698,Female,Computer,82,83,100,8.03,1,5.1,0,Not At Risk
S34702,Male,Computer,88,71,63,8.58,0,3.6,0,Not At Risk
S34708,Female,AI,57,59,64,6.07,3,1.2,1,At Risk
S34709,Male,Computer,45,44,56,6.01,3,1.0,1,At Risk
S34710,Male,IT,87,84,62,8.29,0,5.9,0,Not At Risk
S34717,Male,Computer,54,61,42,5.47,3,2.5,1,At Risk
S34722,Female,Computer,83,91,75,6.87,0,6.4,0,Not At Risk
S34725,Female,Computer,97,82,55,7.96,0,4.8,0,Not At Risk
S34726,Female,AI,50,36,40,6.5,1,3.2,1,At Risk
S34727,Female,Computer,80,69,89,6.78,0,3.1,0,Not At Risk
S34735,Male,AI,76,66,60,9.99,1,5.4,0,Not At Risk
S34738,Male,Computer,93,86,62,7.08,0,3.4,0,Not At Risk
S34739,Male,AI,76,100,55,9.91,1,3.9,0,Not At Risk
S34748,Male,IT,65,95,55,6.63,1,6.4,0,Not At Risk
S34774,Male,Computer,83,99,66,7.24,1,6.5,0,Not At Risk
S34781,Female,IT,95,69,91,8.88,1,6.5,0,Not At Risk
S34786,Male,Computer,68,49,36,5.29,3,3.6,1,At Risk
S34796,Male,Computer,65,62,54,6.28,2,2.6,1,At Risk
S34804,Male,AI,85,60,83,9.26,0,7.4,0,Not At Risk
S34818,Male,AI,50,63,50,6.56,1,2.9,1,At Risk
S34821,Female,IT,81,93,83,9.75,0,7.7,0,Not At Risk
S34822,Female,Computer,78,99,97,9.43,0,5.9,0,Not At Risk
S34824,Female,AI,89,70,64,9.11,1,4.1,0,Not At Risk
S34826,Female,IT,76,77,69,8.27,1,6.9,0,Not At Risk
S34831,Male,Computer,65,59,36,5.26,1,1.1,1,At Risk
S34833,Male,IT,70,67,86,9.8,0,6.4,0,Not At Risk
S34834,Female,Computer,48,55,38,4.85,1,1.0,1,At Risk
S34851,Male,Computer,84,69,80,9.84,0,6.3,0,Not At Risk
S34852,Male,Computer,71,90,65,9.47,0,3.6,0,Not At Risk
S34857,Female,AI,67,73,76,7.02,1,3.7,0,Not At Risk
S34867,Female,IT,92,60,78,7.94,0,6.8,0,Not At Risk
S34875,Male,Computer,79,55,95,7.22,0,4.7,0,Not At Risk
S34881,Female,AI,97,57,57,6.53,0,7.1,0,Not At Risk
S34882,Male,Computer,98,55,100,8.08,0,4.8,0,Not At Risk
S34885,Female,IT,87,94,84,7.99,1,5.9,0,Not At Risk
S34887,Male,AI,93,55,79,6.97,0,7.5,0,Not At Risk
S34898,Male,Computer,64,59,39,5.71,1,3.6,1,At Risk
S34901,Male,Computer,55,65,63,6.3,2,3.3,1,At Risk
S34902,Male,AI,97,75,65,6.73,1,7.8,0,Not At Risk
S34903,Female,IT,45,51,49,5.54,3,3.4,1,At Risk
S34907,Male,IT,90,77,100,8.65,0,4.3,0,Not At Risk
S34909,Female,Computer,94,91,85,8.76,0,4.9,0,Not At Risk
S34911,Female,IT,65,60,75,6.67,0,6.2,0,Not At Risk
S34915,Female,AI,77,96,79,7.36,1,6.0,0,Not At Risk
S34919,Male,IT,91,57,99,7.94,1,7.5,0,Not At Risk
S34929,Male,Computer,97,67,86,6.73,0,5.8,0,Not At Risk
S34936,Female,IT,79,57,68,8.92,0,4.6,0,Not At Risk
S34939,Male,IT,90,84,91,9.58,0,6.9,0,Not At Risk
S34942,Female,Computer,70,99,56,9.1,1,5.0,0,Not At Risk
S34945,Female,Computer,66,68,65,7.86,1,3.3,0,Not At Risk
S34948,Male,Computer,100,74,78,7.81,1,4.7,0,Not At Risk
S34955,Female,IT,70,64,58,9.98,0,4.8,0,Not At Risk
S34958,Female,IT,80,100,78,7.62,0,6.7,0,Not At Risk
S34962,Male,IT,93,80,56,9.13,0,6.0,0,Not At Risk
S34963,Female,AI,67,74,85,9.0,1,6.2,0,Not At Risk
S34969,Female,IT,89,60,75,9.83,0,4.6,0,Not At Risk
S34972,Female,AI,57,52,67,6.43,3,1.9,1,At Risk
S34974,Female,IT,72,67,93,9.14,1,3.6,0,Not At Risk
S34978,Female,AI,53,43,68,5.33,1,3.2,1,At Risk
S34981,Male,AI,78,61,66,9.1,0,3.6,0,Not At Risk
S34985,Female,IT,95,83,96,8.17,0,3.9,0,Not At Risk
S34999,Male,Computer,66,74,65,8.54,0,7.2,0,Not At Risk
S35001,Male,IT,81,66,95,6.94,0,6.2,0,Not At Risk
S35002,Female,AI,87,55,77,8.89,0,3.4,0,Not At Risk
S35007,Female,Computer,82,79,81,7.92,0,7.6,0,Not At Risk
S35009,Female,Computer,76,56,95,7.46,0,8.0,0,Not At Risk
S35010,Male,AI,71,76,88,7.51,0,6.6,0,Not At Risk
S35013,Female,IT,68,61,86,7.54,0,3.9,0,Not At Risk
S35023,Female,AI,46,44,52,5.1,1,1.7,1,At Risk
S35028,Male,AI,80,81,84,7.29,0,7.8,0,Not At Risk
S35029,Female,IT,96,99,57,9.43,0,4.5,0,Not At Risk
S35031,Male,IT,91,64,55,9.16,0,3.7,0,Not At Risk
S35039,Female,AI,85,68,95,9.95,0,5.3,0,Not At Risk
S35045,Female,Computer,67,45,60,6.47,1,1.9,1,At Risk
S35050,Female,IT,96,71,97,7.39,0,7.5,0,Not At Risk
S35053,Male,AI,94,96,82,6.55,0,4.0,0,Not At Risk
S35055,Male,IT,59,55,46,5.82,2,2.4,1,At Risk
S35060,Female,Computer,77,84,89,6.83,0,4.0,0,Not At Risk
S35069,Male,IT,94,83,62,7.59,1,7.5,0,Not At Risk
S35073,Male,IT,97,81,65,7.61,0,3.6,0,Not At Risk
S35097,Female,Computer,75,68,80,8.2,1,3.7,0,Not At Risk
S35100,Female,AI,48,38,56,5.18,1,2.8,1,At Risk
S35104,Female,IT,83,90,63,9.74,0,5.8,0,Not At Risk
S35108,Female,Computer,86,67,74,8.44,1,4.3,0,Not At Risk
S35109,Male,AI,74,79,60,7.98,0,4.5,0,Not At Risk
S35110,Male,AI,68,82,96,6.82,0,4.1,0,Not At Risk
S35114,Male,Computer,87,96,81,7.76,1,7.6,0,Not At Risk
S35119,Female,Computer,72,55,88,6.97,0,8.0,0,Not At Risk
S35131,Male,IT,90,92,55,7.25,0,4.9,0,Not At Risk
S35132,Male,AI,65,66,99,9.39,0,6.8,0,Not At Risk
S35145,Female,Computer,55,62,47,6.51,3,1.4,1,At Risk
S35153,Female,AI,47,39,54,5.38,3,1.1,1,At Risk
S35155,Male,Computer,100,55,95,6.8,0,7.9,0,Not At Risk
S35156,Female,AI,84,87,57,6.62,0,3.7,0,Not At Risk
S35158,Female,AI,95,74,76,8.66,0,5.3,0,Not At Risk
S35160,Male,Computer,87,88,64,8.88,0,5.7,0,Not At Risk
S35161,Female,IT,64,43,38,5.04,3,2.0,1,At Risk
S35169,Male,AI,95,90,84,6.58,0,5.9,0,Not At Risk
S35173,Female,Computer,97,95,62,7.15,0,6.6,0,Not At Risk
S35180,Female,IT,67,78,68,7.18,1,4.9,0,Not At Risk
S35181,Female,Computer,76,63,86,7.43,1,4.1,0,Not At Risk
S35186,Female,IT,73,77,92,8.41,1,5.5,0,Not At Risk
S35188,Male,Computer,65,70,78,8.39,1,7.7,0,Not At Risk
S35189,Female,Computer,85,64,90,7.26,0,3.6,0,Not At Risk
S35203,Male,Computer,65,83,95,8.5,0,3.5,0,Not At Risk
S35216,Male,AI,87,83,97,8.26,0,6.2,0,Not At Risk
S35217,Female,AI,55,40,53,4.95,2,3.5,1,At Risk
S35221,Male,AI,45,53,47,5.69,2,1.3,1,At Risk
S35225,Female,IT,88,75,66,9.1,0,5.2,0,Not At Risk
S35229,Male,AI,85,66,94,7.28,0,4.9,0,Not At Risk
S35232,Male,IT,64,49,37,5.37,2,3.0,1,At Risk
S35242,Female,AI,74,59,79,7.16,0,4.8,0,Not At Risk
S35248,Male,Computer,48,60,63,5.26,3,1.0,1,At Risk
S35250,Female,IT,65,90,91,8.87,1,3.9,0,Not At Risk
S35252,Female,Computer,66,62,64,5.08,3,3.6,1,At Risk
S35255,Female,IT,91,89,97,7.08,0,6.9,0,Not At Risk
S35256,Male,IT,66,67,66,9.89,0,7.8,0,Not At Risk
S35264,Female,IT,72,65,59,8.67,1,3.1,0,Not At Risk
S35278,Male,AI,64,38,61,5.78,2,2.4,1,At Risk
S35295,Female,Computer,92,99,59,6.52,0,3.3,0,Not At Risk
S35301,Female,IT,80,79,74,7.11,1,5.6,0,Not At Risk
S35309,Male,AI,93,58,94,7.35,0,6.1,0,Not At Risk
S35313,Male,AI,71,74,80,8.42,0,7.1,0,Not At Risk
S35317,Female,IT,75,72,95,7.9,0,7.4,0,Not At Risk
S35322,Male,IT,70,79,64,8.22,0,7.1,0,Not At Risk
S35324,Female,Computer,68,100,60,7.82,0,5.6,0,Not At Risk
S35327,Female,AI,75,62,83,8.03,0,4.9,0,Not At Risk
S35329,Male,IT,79,62,61,7.31,0,7.9,0,Not At Risk
S35331,Female,IT,100,71,69,9.08,0,5.5,0,Not At Risk
S35350,Male,Computer,87,80,79,7.16,1,6.8,0,Not At Risk
S35351,Female,Computer,96,88,94,7.75,1,6.8,0,Not At Risk
S35354,Female,AI,74,65,74,8.22,1,3.3,0,Not At Risk
S35356,Male,IT,47,43,69,6.3,3,2.5,1,At Risk
S35365,Male,Computer,58,60,63,5.31,1,1.2,1,At Risk
S35367,Male,IT,92,56,70,8.91,0,5.4,0,Not At Risk
S35371,Male,AI,73,71,59,8.95,0,8.0,0,Not At Risk
S35372,Male,AI,65,85,89,7.17,0,7.7,0,Not At Risk
S35399,Male,AI,59,37,44,4.85,2,3.5,1,At Risk
S35402,Male,IT,99,69,58,8.81,0,7.6,0,Not At Risk
S35406,Female,AI,55,59,41,6.05,2,1.5,1,At Risk
S35408,Female,Computer,100,64,94,8.11,1,5.6,0,Not At Risk
S35413,Male,AI,66,61,90,7.44,0,5.1,0,Not At Risk
S35426,Male,IT,99,98,62,9.05,0,6.1,0,Not At Risk
S35429,Male,AI,72,63,67,8.29,0,6.8,0,Not At Risk
S35438,Male,IT,50,64,41,5.82,1,4.0,1,At Risk
S35443,Female,Computer,72,96,72,7.1,0,7.2,0,Not At Risk
S35454,Male,AI,69,73,85,7.76,1,6.9,0,Not At Risk
S35460,Male,AI,66,98,76,9.84,1,6.6,0,Not At Risk
S35466,Female,Computer,85,81,58,9.45,0,6.3,0,Not At Risk
S35470,Female,Computer,83,88,65,8.49,1,6.8,0,Not At Risk
S35478,Male,AI,66,45,44,6.0,1,3.4,1,At Risk
S35481,Male,IT,93,78,78,6.88,1,3.1,0,Not At Risk
S35483,Male,AI,100,65,94,7.34,0,6.8,0,Not At Risk
S35484,Female,AI,74,99,74,9.99,0,7.9,0,Not At Risk
S35489,Male,AI,91,93,100,6.7,0,3.7,0,Not At Risk
S35493,Male,IT,98,75,93,6.77,1,3.5,0,Not At Risk
S35494,Male,AI,93,74,65,6.86,1,5.9,0,Not At Risk
S35500,Female,IT,88,82,74,8.83,1,5.9,0,Not At Risk
S35512,Male,IT,71,63,73,7.7,0,5.0,0,Not At Risk
S35515,Male,Computer,93,69,96,9.85,0,5.4,0,Not At Risk
S35518,Male,AI,65,82,96,6.57,0,3.5,0,Not At Risk
S35522,Male,AI,68,73,56,6.69,0,7.6,0,Not At Risk
S35524,Female,AI,100,84,89,6.71,1,4.2,0,Not At Risk
S35529,Male,Computer,68,51,40,5.11,1,3.1,1,At Risk
S35532,Male,IT,90,83,84,9.09,0,6.8,0,Not At Risk
S35545,Female,AI,50,58,49,5.54,1,2.7,1,At Risk
S35556,Male,IT,91,69,66,9.45,1,3.6,0,Not At Risk
S35562,Male,Computer,88,83,77,8.61,1,3.0,0,Not At Risk
S35566,Male,AI,94,56,67,7.45,0,7.9,0,Not At Risk
S35568,Male,Computer,67,87,88,8.77,1,7.2,0,Not At Risk
S35574,Female,IT,65,51,68,6.57,2,2.6,1,At Risk
S35580,Male,AI,65,66,87,7.47,0,7.0,0,Not At Risk
S35590,Male,AI,49,47,40,6.08,1,1.5,1,At Risk
S35594,Female,IT,89,71,96,9.81,0,5.0,0,Not At Risk
S35599,Male,Computer,65,56,98,8.07,0,5.8,0,Not At Risk
S35611,Male,AI,91,84,97,9.94,0,3.3,0,Not At Risk
S35613,Female,IT,88,85,91,9.14,1,4.5,0,Not At Risk
S35615,Male,Computer,95,65,61,9.36,0,7.0,0,Not At Risk
S35624,Male,AI,62,45,35,6.01,3,2.3,1,At Risk
S35627,Male,IT,92,77,67,7.63,1,5.3,0,Not At Risk
S35632,Female,IT,66,64,66,9.3,0,5.3,0,Not At Risk
S35646,Male,AI,90,62,83,9.82,1,4.9,0,Not At Risk
S35647,Female,Computer,92,61,75,7.64,0,6.2,0,Not At Risk
S35648,Female,Computer,53,59,46,5.47,3,1.0,1,At Risk
S35658,Male,IT,78,92,82,7.77,0,4.8,0,Not At Risk
S35668,Female,IT,82,94,92,7.19,0,4.7,0,Not At Risk
S35669,Female,IT,86,89,100,6.8,0,4.2,0,Not At Risk
S35671,Male,AI,87,63,80,8.08,1,7.4,0,Not At Risk
S35672,Male,Computer,73,64,91,8.61,0,4.3,0,Not At Risk
S35673,Male,Computer,71,61,82,7.96,1,5.9,0,Not At Risk
S35688,Male,IT,96,91,79,9.27,0,3.2,0,Not At Risk
S35689,Female,AI,78,79,96,9.66,0,4.3,0,Not At Risk
S35694,Female,AI,91,59,97,8.19,0,5.0,0,Not At Risk
S35700,Male,Computer,95,73,75,8.43,0,3.7,0,Not At Risk
S35708,Male,IT,71,82,79,9.21,1,4.7,0,Not At Risk
S35715,Male,AI,61,58,50,5.26,2,1.5,1,At Risk
S35733,Female,Computer,94,66,67,7.2,1,6.5,0,Not At Risk
S35734,Male,Computer,77,71,66,6.57,0,4.0,0,Not At Risk
S35737,Male,IT,76,86,86,6.53,0,5.6,0,Not At Risk
S35745,Female,AI,98,67,98,9.75,0,4.7,0,Not At Risk
S35755,Male,AI,73,72,69,9.27,0,4.2,0,Not At Risk
S35756,Female,IT,87,97,91,9.49,0,4.3,0,Not At Risk
S35764,Female,IT,89,58,92,7.82,0,7.2,0,Not At Risk
S35770,Male,IT,100,61,61,9.25,0,7.2,0,Not At Risk
S35771,Female,AI,90,89,69,10.0,0,5.4,0,Not At Risk
S35777,Female,Computer,65,63,42,5.05,3,2.1,1,At Risk
S35781,Male,Computer,95,65,92,8.93,0,3.4,0,Not At Risk
S35783,Female,IT,86,56,59,8.3,0,3.5,0,Not At Risk
S35784,Male,Computer,65,38,52,6.08,1,3.5,1,At Risk
S35790,Male,Computer,65,96,65,9.34,0,6.2,0,Not At Risk
S35791,Male,IT,78,63,73,9.44,0,6.5,0,Not At Risk
S35796,Female,IT,88,78,72,8.78,0,7.8,0,Not At Risk
S35800,Male,IT,75,61,71,7.21,0,3.9,0,Not At Risk
S35806,Male,IT,67,60,96,9.45,0,6.8,0,Not At Risk
S35808,Male,IT,74,62,88,6.65,1,6.0,0,Not At Risk
S35811,Male,AI,68,76,98,7.98,0,5.7,0,Not At Risk
S35820,Male,IT,80,88,91,7.62,0,3.0,0,Not At Risk
S35845,Female,AI,66,87,69,7.37,0,4.6,0,Not At Risk
S35847,Female,IT,61,42,66,6.68,2,2.2,1,At Risk
S35858,Male,AI,67,39,50,4.93,1,1.1,1,At Risk
S35862,Female,IT,94,77,86,9.84,1,7.2,0,Not At Risk
S35863,Male,IT,77,96,70,9.34,1,6.4,0,Not At Risk
S35868,Female,IT,83,82,76,7.23,0,7.5,0,Not At Risk
S35873,Male,IT,68,56,41,5.88,2,2.4,1,At Risk
S35874,Female,Computer,97,68,62,7.36,0,6.9,0,Not At Risk
S35877,Male,AI,85,70,90,8.99,0,7.3,0,Not At Risk
S35879,Female,Computer,50,46,57,6.56,2,3.0,1,At Risk
S35884,Male,IT,94,73,85,9.01,0,4.3,0,Not At Risk
S35887,Male,AI,92,56,85,7.33,0,7.6,0,Not At Risk
S35891,Male,Computer,83,74,90,9.92,1,3.4,0,Not At Risk
S35908,Male,IT,98,58,91,7.02,1,3.3,0,Not At Risk
S35911,Male,AI,80,78,90,7.99,1,6.6,0,Not At Risk
S35913,Female,AI,46,44,43,5.49,2,2.5,1,At Risk
S35917,Male,Computer,54,53,50,6.48,2,2.3,1,At Risk
S35919,Female,IT,72,81,62,8.15,0,6.3,0,Not At Risk
S35927,Male,IT,97,64,91,9.36,1,6.3,0,Not At Risk
S35934,Male,AI,89,89,55,7.02,0,6.7,0,Not At Risk
S35946,Female,IT,96,74,87,7.19,0,6.7,0,Not At Risk
S35953,Male,IT,53,50,44,5.7,2,3.3,1,At Risk
S35963,Male,IT,69,88,89,9.42,0,3.4,0,Not At Risk
S35966,Male,Computer,97,68,92,9.97,0,4.9,0,Not At Risk
S35974,Male,Computer,68,40,57,6.26,1,2.7,1,At Risk
S35978,Male,AI,76,67,65,7.84,0,3.8,0,Not At Risk
S35979,Male,AI,75,97,80,8.55,0,4.5,0,Not At Risk
S36000,Female,IT,58,53,49,4.92,2,1.4,1,At Risk
S36001,Female,IT,98,55,57,7.1,0,7.1,0,Not At Risk
S36010,Male,AI,85,73,88,9.11,0,5.5,0,Not At Risk
S36014,Male,IT,87,96,86,9.0,0,7.6,0,Not At Risk
S36019,Female,IT,60,52,70,5.75,2,1.1,1,At Risk
S36029,Female,IT,57,38,44,5.43,1,1.9,1,At Risk
S36030,Male,Computer,54,39,69,4.87,3,3.2,1,At Risk
S36031,Male,IT,92,98,65,8.05,0,3.7,0,Not At Risk
S36032,Male,IT,59,63,35,4.85,3,3.2,1,At Risk
S36034,Male,Computer,89,66,74,7.91,0,4.6,0,Not At Risk
S36040,Female,AI,86,77,77,8.05,1,6.0,0,Not At Risk
S36048,Female,IT,97,70,61,7.41,1,6.1,0,Not At Risk
S36056,Male,IT,89,93,98,8.37,0,5.8,0,Not At Risk
S36061,Male,AI,55,61,43,6.35,3,3.4,1,At Risk
S36065,Male,AI,84,86,79,8.81,0,7.0,0,Not At Risk
S36072,Female,IT,89,98,66,9.39,0,3.8,0,Not At Risk
S36080,Male,Computer,99,58,56,8.16,1,3.7,0,Not At Risk
S36090,Female,AI,84,100,75,7.33,0,4.9,0,Not At Risk
S36096,Male,Computer,92,89,85,7.93,0,5.0,0,Not At Risk
S36102,Female,Computer,96,80,84,7.59,0,4.8,0,Not At Risk
S36111,Female,AI,77,63,72,6.83,1,7.1,0,Not At Risk
S36113,Male,Computer,98,59,87,7.51,0,6.4,0,Not At Risk
S36115,Female,AI,58,49,37,5.15,2,2.2,1,At Risk
S36119,Male,AI,88,55,98,6.99,1,3.7,0,Not At Risk
S36129,Male,IT,95,88,94,7.53,0,3.4,0,Not At Risk
S36130,Female,IT,98,93,94,7.15,0,7.5,0,Not At Risk
S36134,Male,Computer,76,82,86,8.11,1,4.8,0,Not At Risk
S36139,Male,IT,84,77,57,6.66,0,7.8,0,Not At Risk
S36141,Female,AI,92,98,96,8.2,0,5.4,0,Not At Risk
S36142,Male,Computer,49,52,63,6.43,1,3.1,1,At Risk
S36145,Female,Computer,77,62,71,8.61,0,6.6,0,Not At Risk
S36147,Male,Computer,97,73,64,6.9,0,6.3,0,Not At Risk
S36150,Male,AI,49,35,60,4.88,2,1.5,1,At Risk
S36152,Female,AI,80,62,76,8.45,0,6.1,0,Not At Risk
S36160,Male,AI,64,61,67,6.16,2,3.0,1,At Risk
S36162,Male,Computer,65,57,87,9.55,0,3.7,0,Not At Risk
S36163,Female,Computer,71,66,98,9.01,1,5.8,0,Not At Risk
S36165,Female,Computer,94,60,87,9.43,0,6.0,0,Not At Risk
S36168,Male,IT,84,66,81,8.34,0,6.3,0,Not At Risk
S36177,Male,Computer,66,64,76,8.33,1,4.7,0,Not At Risk
S36178,Female,IT,45,47,69,5.77,2,1.6,1,At Risk
S36183,Female,AI,65,97,62,9.41,0,6.0,0,Not At Risk
S36187,Female,IT,63,43,35,6.35,1,3.1,1,At Risk
S36188,Male,Computer,59,40,53,5.76,3,2.1,1,At Risk
S36198,Male,AI,80,62,59,6.92,0,6.2,0,Not At Risk
S36210,Female,AI,94,75,72,8.76,1,7.3,0,Not At Risk
S36215,Female,IT,70,61,66,7.29,0,7.9,0,Not At Risk
S36217,Male,Computer,65,35,65,5.79,3,3.6,1,At Risk
S36218,Female,AI,66,66,79,8.53,0,4.9,0,Not At Risk
S36225,Male,Computer,56,42,58,5.91,1,3.0,1,At Risk
S36232,Male,Computer,92,79,71,8.04,1,5.4,0,Not At Risk
S36234,Female,IT,78,59,75,6.66,0,4.2,0,Not At Risk
S36240,Female,Computer,68,84,98,9.52,0,5.5,0,Not At Risk
S36241,Male,IT,50,48,49,6.43,1,3.7,1,At Risk
S36251,Male,IT,83,88,66,7.79,1,4.7,0,Not At Risk
S36265,Male,IT,87,95,100,9.02,0,4.4,0,Not At Risk
S36266,Male,AI,45,36,67,4.95,1,2.3,1,At Risk
S36271,Female,IT,68,97,69,9.75,1,3.4,0,Not At Risk
S36272,Male,IT,84,79,74,7.64,0,3.0,0,Not At Risk
S36276,Male,AI,80,80,89,7.22,0,7.7,0,Not At Risk
S36283,Female,IT,86,95,63,8.85,1,4.5,0,Not At Risk
S36293,Female,AI,65,63,60,4.92,3,2.4,1,At Risk
S36302,Male,AI,96,81,73,7.13,0,4.7,0,Not At Risk
S36305,Female,AI,67,86,95,8.98,1,3.2,0,Not At Risk
S36309,Male,Computer,94,62,92,8.6,0,6.8,0,Not At Risk
S36310,Female,AI,86,90,84,8.36,0,5.9,0,Not At Risk
S36311,Male,IT,94,88,82,9.51,0,5.4,0,Not At Risk
S36314,Male,AI,54,55,48,6.54,1,3.1,1,At Risk
S36316,Female,AI,82,57,99,9.59,0,5.2,0,Not At Risk
S36326,Female,AI,65,91,81,7.99,0,6.1,0,Not At Risk
S36327,Female,IT,84,70,88,9.94,0,3.6,0,Not At Risk
S36330,Female,Computer,85,99,66,9.77,1,4.4,0,Not At Risk
S36333,Female,AI,69,87,99,9.68,0,5.4,0,Not At Risk
S36338,Male,IT,47,36,39,6.6,2,3.6,1,At Risk
S36341,Male,AI,68,61,70,9.36,0,4.7,0,Not At Risk
S36352,Male,AI,74,87,59,8.86,0,3.7,0,Not At Risk
S36353,Male,IT,46,60,68,5.49,3,3.7,1,At Risk
S36356,Male,AI,65,92,63,6.63,0,6.2,0,Not At Risk
S36362,Male,AI,89,71,70,8.8,0,4.5,0,Not At Risk
S36365,Female,IT,90,84,74,9.42,0,4.4,0,Not At Risk
S36377,Female,Computer,79,68,70,7.91,0,4.8,0,Not At Risk
S36378,Male,Computer,79,84,57,9.25,0,7.8,0,Not At Risk
S36382,Female,IT,68,83,62,8.61,0,4.6,0,Not At Risk
S36384,Female,AI,90,78,95,7.0,1,4.0,0,Not At Risk
S36393,Male,Computer,68,99,63,6.93,0,5.9,0,Not At Risk
S36396,Male,AI,91,69,61,9.73,0,6.2,0,Not At Risk
S36401,Male,Computer,97,64,88,7.95,0,3.8,0,Not At Risk
S36402,Male,AI,74,71,88,6.69,0,6.7,0,Not At Risk
S36404,Male,IT,76,99,90,6.64,0,5.7,0,Not At Risk
S36406,Male,AI,77,58,96,9.16,1,7.9,0,Not At Risk
S36407,Female,AI,100,82,76,9.22,0,7.5,0,Not At Risk
S36410,Female,AI,68,64,85,7.93,0,6.1,0,Not At Risk
S36413,Female,Computer,60,38,42,5.2,3,1.0,1,At Risk
S36414,Female,AI,90,79,62,9.13,0,3.3,0,Not At Risk
S36417,Male,Computer,69,76,63,7.32,0,7.4,0,Not At Risk
S36421,Female,AI,100,80,100,9.7,0,5.2,0,Not At Risk
S36427,Male,IT,70,74,55,6.78,0,5.5,0,Not At Risk
S36435,Female,Computer,74,73,69,9.9,0,3.4,0,Not At Risk
S36438,Male,AI,100,56,86,7.59,0,6.2,0,Not At Risk
S36450,Female,AI,53,41,38,5.09,1,1.8,1,At Risk
S36452,Male,IT,87,55,93,8.7,0,6.1,0,Not At Risk
S36454,Male,Computer,87,75,93,8.38,0,3.6,0,Not At Risk
S36464,Female,Computer,74,80,63,7.56,0,7.9,0,Not At Risk
S36465,Female,IT,81,93,74,7.18,1,6.7,0,Not At Risk
S36471,Male,IT,72,61,92,8.95,0,8.0,0,Not At Risk
S36472,Male,IT,83,60,100,9.91,0,7.8,0,Not At Risk
S36473,Male,AI,68,100,100,9.71,0,5.1,0,Not At Risk
S36476,Female,AI,86,92,75,9.08,0,6.6,0,Not At Risk
S36480,Male,AI,57,48,35,6.76,3,3.4,1,At Risk
S36481,Female,Computer,82,69,96,7.31,0,6.0,0,Not At Risk
S36483,Female,IT,51,52,38,6.19,3,1.2,1,At Risk
S36484,Female,Computer,73,59,94,8.95,0,5.5,0,Not At Risk
S36488,Female,AI,76,87,59,7.92,0,7.7,0,Not At Risk
S36489,Female,Computer,80,70,91,7.75,0,5.1,0,Not At Risk
S36492,Female,Computer,96,81,60,8.45,0,7.3,0,Not At Risk
S36496,Female,AI,76,92,97,7.33,0,6.5,0,Not At Risk
S36498,Female,AI,67,64,50,6.65,1,1.8,1,At Risk
S36500,Female,AI,95,87,81,9.91,1,5.3,0,Not At Risk
S36504,Female,IT,65,88,65,9.51,0,4.2,0,Not At Risk
S36509,Male,AI,76,88,89,9.44,0,7.7,0,Not At Risk
S36512,Female,AI,66,100,87,6.55,0,5.7,0,Not At Risk
S36514,Male,IT,74,62,63,8.53,0,5.5,0,Not At Risk
S36517,Female,AI,97,56,74,7.64,0,5.1,0,Not At Risk
S36525,Male,AI,99,87,56,7.99,1,3.8,0,Not At Risk
S36526,Female,IT,84,93,100,9.66,0,4.3,0,Not At Risk
S36532,Male,IT,85,71,78,7.05,1,4.2,0,Not At Risk
S36545,Male,AI,80,69,88,6.78,1,7.3,0,Not At Risk
S36550,Female,IT,50,52,53,6.26,3,2.3,1,At Risk
S36574,Male,Computer,88,65,89,7.12,0,6.4,0,Not At Risk
S36575,Female,Computer,66,95,98,6.68,1,3.3,0,Not At Risk
S36596,Male,AI,69,74,86,7.7,0,4.9,0,Not At Risk
S36599,Female,Computer,92,98,93,7.97,0,4.0,0,Not At Risk
S36601,Female,IT,86,88,67,6.8,1,3.2,0,Not At Risk
S36604,Male,Computer,80,83,99,9.94,0,6.4,0,Not At Risk
S36606,Male,AI,76,76,93,9.71,1,7.2,0,Not At Risk
S36618,Male,AI,70,61,74,8.81,0,5.5,0,Not At Risk
S36623,Female,Computer,70,71,83,9.8,0,6.7,0,Not At Risk
S36647,Male,AI,93,71,73,7.38,0,6.7,0,Not At Risk
S36654,Female,AI,82,67,88,8.65,0,4.7,0,Not At Risk
S36657,Male,AI,84,85,95,9.18,0,3.5,0,Not At Risk
S36661,Male,IT,92,68,83,7.71,0,5.2,0,Not At Risk
S36665,Female,Computer,95,76,96,9.92,1,4.3,0,Not At Risk
S36670,Female,Computer,79,79,74,9.11,1,6.0,0,Not At Risk
S36674,Male,IT,73,57,67,6.81,1,7.8,0,Not At Risk
S36681,Female,IT,85,84,87,6.68,1,4.1,0,Not At Risk
S36688,Female,IT,81,57,68,6.72,0,5.4,0,Not At Risk
S36690,Male,Computer,48,44,49,4.93,2,3.0,1,At Risk
S36699,Female,AI,65,62,73,8.44,0,7.7,0,Not At Risk
S36702,Male,Computer,84,96,78,7.76,0,6.3,0,Not At Risk
S36704,Male,IT,56,50,70,6.03,2,1.8,1,At Risk
S36711,Female,Computer,100,97,68,8.53,0,7.9,0,Not At Risk
S36712,Female,IT,97,66,67,9.83,1,4.4,0,Not At Risk
S36718,Male,IT,62,64,68,6.57,2,1.8,1,At Risk
S36726,Male,AI,97,84,68,8.26,0,3.5,0,Not At Risk
S36731,Female,IT,77,83,74,8.76,1,5.9,0,Not At Risk
S36733,Female,IT,82,97,100,9.64,1,4.9,0,Not At Risk
S36746,Male,IT,54,53,59,5.6,2,3.0,1,At Risk
S36747,Female,Computer,83,71,92,7.52,0,3.6,0,Not At Risk
S36750,Female,Computer,83,85,87,9.86,0,4.5,0,Not At Risk
S36756,Male,AI,92,77,90,8.61,0,5.7,0,Not At Risk
S36762,Male,Computer,91,73,83,9.17,1,3.2,0,Not At Risk
S36764,Female,AI,95,66,69,7.94,0,4.3,0,Not At Risk
S36767,Female,AI,95,90,61,9.8,0,7.3,0,Not At Risk
S36776,Male,IT,98,83,64,8.07,0,5.7,0,Not At Risk
S36777,Male,IT,74,71,77,9.15,1,7.0,0,Not At Risk
S36778,Female,AI,66,70,96,8.23,0,7.8,0,Not At Risk
S36779,Female,AI,87,79,60,7.21,0,6.9,0,Not At Risk
S36783,Female,IT,85,62,94,9.68,0,4.4,0,Not At Risk
S36787,Male,AI,59,42,69,5.73,1,3.7,1,At Risk
S36788,Male,IT,69,61,93,7.86,1,5.3,0,Not At Risk
S36794,Female,IT,67,100,89,7.72,1,7.3,0,Not At Risk
S36796,Male,IT,94,78,74,6.68,1,4.2,0,Not At Risk
S36797,Male,IT,94,60,64,7.05,0,6.2,0,Not At Risk
S36806,Female,Computer,65,96,90,9.34,0,4.5,0,Not At Risk
S36807,Male,Computer,78,78,63,8.86,0,7.8,0,Not At Risk
S36814,Male,IT,73,87,60,9.05,1,6.4,0,Not At Risk
S36815,Male,AI,85,63,70,9.9,0,5.3,0,Not At Risk
S36823,Male,Computer,95,72,97,7.82,1,3.4,0,Not At Risk
S36830,Male,AI,99,65,61,8.88,0,5.9,0,Not At Risk
S36834,Male,IT,50,59,38,5.43,2,2.8,1,At Risk
S36836,Male,AI,96,86,60,7.36,0,4.8,0,Not At Risk
S36858,Male,Computer,75,57,84,7.27,1,4.3,0,Not At Risk
S36860,Female,AI,79,99,66,8.2,0,4.7,0,Not At Risk
S36862,Male,AI,76,100,84,8.74,1,5.0,0,Not At Risk
S36882,Female,AI,65,56,67,8.84,0,5.8,0,Not At Risk
S36891,Female,IT,56,38,53,6.05,1,3.6,1,At Risk
S36894,Male,IT,72,67,83,8.78,0,3.3,0,Not At Risk
S36907,Male,AI,66,73,88,8.97,0,6.3,0,Not At Risk
S36915,Female,AI,77,59,82,7.57,0,3.9,0,Not At Risk
S36916,Female,Computer,73,100,88,7.52,0,3.4,0,Not At Risk
S36919,Male,AI,99,84,99,6.86,0,7.2,0,Not At Risk
S36922,Female,IT,92,72,98,8.37,1,4.4,0,Not At Risk
S36923,Female,AI,65,58,70,5.93,2,2.8,1,At Risk
S36930,Female,Computer,72,74,61,8.17,0,3.4,0,Not At Risk
S36934,Female,IT,94,67,58,8.73,1,7.2,0,Not At Risk
S36935,Male,Computer,62,57,54,6.68,3,1.9,1,At Risk
S36936,Female,AI,92,92,100,7.32,1,4.1,0,Not At Risk
S36939,Female,IT,77,70,57,7.55,1,6.4,0,Not At Risk
S36941,Female,IT,59,58,67,6.19,1,2.0,1,At Risk
S36947,Male,IT,84,72,89,7.96,0,5.9,0,Not At Risk
S36951,Male,IT,57,55,49,6.53,2,2.4,1,At Risk
S36955,Male,AI,72,75,64,7.86,0,7.8,0,Not At Risk
S36957,Female,AI,89,85,79,8.31,0,6.3,0,Not At Risk
S36965,Male,IT,77,92,68,7.09,0,3.4,0,Not At Risk
S36969,Male,IT,83,100,72,8.4,0,4.0,0,Not At Risk
S36971,Male,IT,99,60,70,7.43,0,6.2,0,Not At Risk
S36976,Female,IT,47,51,61,6.79,1,2.5,1,At Risk
S36981,Male,AI,97,98,89,7.22,0,7.6,0,Not At Risk
S36984,Male,AI,85,76,88,9.6,0,5.3,0,Not At Risk
S36993,Female,Computer,76,85,89,8.57,0,6.3,0,Not At Risk
S36994,Male,Computer,81,65,69,9.44,1,7.1,0,Not At Risk
S36998,Male,AI,81,87,99,9.57,0,3.9,0,Not At Risk
S37000,Female,AI,71,73,59,7.15,0,5.9,0,Not At Risk
S37003,Female,IT,85,87,80,7.55,0,5.8,0,Not At Risk
S37005,Female,Computer,58,65,48,4.83,2,2.8,1,At Risk
S37007,Male,AI,79,91,56,7.72,0,4.4,0,Not At Risk
S37008,Female,IT,74,55,97,7.1,1,3.1,0,Not At Risk
S37010,Male,Computer,86,94,66,7.25,0,5.3,0,Not At Risk
S37023,Male,Computer,81,82,62,8.63,0,4.8,0,Not At Risk
S37040,Male,AI,69,56,63,6.02,2,1.4,1,At Risk
S37042,Male,IT,97,71,97,9.77,1,3.0,0,Not At Risk
S37045,Male,AI,53,54,54,6.23,1,3.2,1,At Risk
S37047,Female,IT,65,92,99,6.61,0,5.9,0,Not At Risk
S37052,Female,AI,68,68,88,8.8,0,5.3,0,Not At Risk
S37056,Male,Computer,66,79,75,6.85,0,3.3,0,Not At Risk
S37059,Female,Computer,87,82,93,6.81,0,6.7,0,Not At Risk
S37060,Male,Computer,51,44,69,5.84,2,4.0,1,At Risk
S37065,Male,Computer,68,61,88,9.78,0,5.9,0,Not At Risk
S37070,Female,IT,90,64,56,8.37,0,6.3,0,Not At Risk
S37076,Female,Computer,96,83,89,7.01,0,4.1,0,Not At Risk
S37077,Female,Computer,83,77,87,6.74,0,7.0,0,Not At Risk
S37085,Female,AI,77,99,97,8.0,0,5.8,0,Not At Risk
S37086,Male,Computer,73,55,90,8.29,0,8.0,0,Not At Risk
S37094,Male,Computer,94,80,100,6.81,1,7.2,0,Not At Risk
S37096,Male,Computer,58,62,68,6.28,2,2.7,1,At Risk
S37099,Female,IT,95,76,68,7.34,0,5.4,0,Not At Risk
S37101,Female,IT,79,61,100,9.34,0,7.7,0,Not At Risk
S37105,Male,Computer,73,80,81,9.61,0,6.8,0,Not At Risk
S37115,Female,IT,84,75,63,9.65,1,7.6,0,Not At Risk
S37121,Male,IT,72,90,94,9.42,0,7.3,0,Not At Risk
S37126,Female,AI,72,56,92,9.05,0,5.6,0,Not At Risk
S37133,Male,IT,80,83,73,9.97,0,6.7,0,Not At Risk
S37134,Female,Computer,67,93,62,6.7,0,7.7,0,Not At Risk
S37139,Female,Computer,74,68,59,9.31,0,6.4,0,Not At Risk
S37145,Male,IT,79,55,56,7.57,0,3.5,0,Not At Risk
S37152,Female,Computer,75,99,88,8.32,0,5.6,0,Not At Risk
S37153,Male,IT,67,65,47,5.23,3,3.7,1,At Risk
S37182,Female,Computer,70,58,87,6.66,0,7.0,0,Not At Risk
S37186,Female,AI,87,98,64,6.57,0,7.4,0,Not At Risk
S37187,Male,Computer,65,99,60,9.48,0,6.2,0,Not At Risk
S37196,Male,IT,68,78,79,9.79,0,4.0,0,Not At Risk
S37198,Female,IT,88,70,88,7.01,0,5.3,0,Not At Risk
S37211,Male,AI,53,38,62,5.39,2,3.2,1,At Risk
S37215,Female,IT,84,80,90,6.6,0,3.1,0,Not At Risk
S37219,Male,IT,54,42,54,5.49,2,2.4,1,At Risk
S37223,Male,Computer,90,73,60,8.81,0,6.2,0,Not At Risk
S37232,Male,AI,64,54,61,5.68,1,3.8,1,At Risk
S37245,Male,AI,89,100,95,7.23,0,3.1,0,Not At Risk
S37247,Male,IT,93,72,60,6.75,0,5.9,0,Not At Risk
S37249,Male,AI,56,37,50,5.29,3,1.3,1,At Risk
S37250,Male,AI,71,91,64,6.9,0,5.6,0,Not At Risk
S37251,Male,IT,73,68,58,8.95,0,7.3,0,Not At Risk
S37261,Female,IT,53,43,45,6.76,1,3.4,1,At Risk
S37264,Female,IT,79,88,100,9.68,0,4.4,0,Not At Risk
S37265,Female,IT,91,72,71,7.31,0,6.7,0,Not At Risk
S37269,Female,IT,74,68,96,8.18,1,7.1,0,Not At Risk
S37272,Male,IT,73,71,70,9.81,0,7.0,0,Not At Risk
S37279,Female,AI,69,91,87,6.56,1,6.7,0,Not At Risk
S37294,Female,IT,69,50,70,6.41,2,2.7,1,At Risk
S37296,Female,IT,81,69,84,7.16,0,7.1,0,Not At Risk
S37298,Female,Computer,74,69,98,7.79,0,6.5,0,Not At Risk
S37301,Male,AI,81,85,57,7.4,0,7.6,0,Not At Risk
S37302,Male,IT,98,70,75,9.06,0,7.2,0,Not At Risk
S37303,Male,IT,64,63,63,6.65,1,1.9,1,At Risk
S37305,Female,Computer,95,57,66,8.49,0,4.6,0,Not At Risk
S37314,Female,IT,94,70,99,9.82,0,6.7,0,Not At Risk
S37315,Male,AI,93,100,81,9.15,1,3.9,0,Not At Risk
S37316,Female,AI,85,69,69,8.59,1,6.9,0,Not At Risk
S37317,Male,AI,71,98,87,8.7,1,4.7,0,Not At Risk
S37319,Female,AI,78,90,100,7.97,0,5.0,0,Not At Risk
S37322,Male,AI,99,96,56,7.14,0,5.0,0,Not At Risk
S37327,Female,Computer,91,92,95,7.26,0,4.1,0,Not At Risk
S37332,Female,IT,72,69,63,8.15,0,6.3,0,Not At Risk
S37338,Female,AI,66,54,70,4.85,3,2.4,1,At Risk
S37340,Female,AI,88,83,92,7.34,1,4.5,0,Not At Risk
S37357,Male,IT,90,75,72,7.53,0,5.3,0,Not At Risk
S37358,Female,Computer,69,62,74,6.7,0,4.8,0,Not At Risk
S37365,Female,Computer,50,36,67,6.32,1,3.6,1,At Risk
S37368,Male,IT,65,58,64,9.55,0,5.8,0,Not At Risk
S37373,Female,AI,97,83,80,9.19,0,5.8,0,Not At Risk
S37386,Male,AI,91,82,79,7.02,1,3.9,0,Not At Risk
S37394,Male,IT,81,67,76,9.24,1,5.7,0,Not At Risk
S37407,Female,Computer,79,74,81,8.44,1,6.1,0,Not At Risk
S37413,Male,AI,100,62,81,9.08,0,5.9,0,Not At Risk
S37419,Female,AI,81,93,62,7.01,0,6.8,0,Not At Risk
S37428,Female,IT,76,60,58,9.71,0,3.5,0,Not At Risk
S37434,Female,IT,80,83,96,7.98,0,6.7,0,Not At Risk
S37436,Female,AI,78,66,74,9.5,0,7.6,0,Not At Risk
S37439,Male,AI,55,52,41,5.08,2,2.0,1,At Risk
S37440,Female,AI,68,77,64,7.0,1,5.2,0,Not At Risk
S37450,Male,AI,64,36,46,5.0,3,3.0,1,At Risk
S37451,Male,Computer,67,66,55,8.98,0,5.4,0,Not At Risk
S37454,Male,Computer,94,97,59,7.95,1,4.5,0,Not At Risk
S37457,Male,AI,75,88,72,6.5,0,5.7,0,Not At Risk
S37463,Male,AI,95,95,82,6.73,0,6.3,0,Not At Risk
S37472,Male,AI,77,60,80,8.71,1,3.0,0,Not At Risk
S37475,Female,AI,74,67,56,9.58,0,5.0,0,Not At Risk
S37479,Male,IT,63,41,56,5.71,3,2.8,1,At Risk
S37482,Male,AI,69,71,76,7.0,0,3.4,0,Not At Risk
S37485,Male,AI,73,84,90,7.71,0,4.3,0,Not At Risk
S37492,Female,IT,89,83,95,6.89,1,5.1,0,Not At Risk
S37498,Female,Computer,86,91,84,8.1,0,5.2,0,Not At Risk
S37499,Female,AI,61,62,48,4.85,1,4.0,1,At Risk
S37502,Female,IT,94,57,66,8.05,0,3.0,0,Not At Risk
S37504,Female,AI,98,56,78,7.77,0,3.3,0,Not At Risk
S37505,Female,AI,70,87,63,7.29,0,4.9,0,Not At Risk
S37511,Male,IT,100,70,57,7.01,1,3.5,0,Not At Risk
S37514,Female,AI,71,61,71,7.8,1,7.2,0,Not At Risk
S37528,Female,Computer,76,89,64,9.14,0,3.1,0,Not At Risk
S37534,Male,Computer,83,82,93,9.41,0,3.8,0,Not At Risk
S37538,Female,AI,100,77,73,7.86,0,7.1,0,Not At Risk
S37540,Male,IT,60,42,53,6.23,1,3.6,1,At Risk
S37541,Female,IT,86,73,87,8.38,0,7.8,0,Not At Risk
S37548,Male,IT,71,82,57,8.88,1,6.1,0,Not At Risk
S37552,Male,AI,89,79,67,7.58,0,5.5,0,Not At Risk
S37553,Female,AI,91,88,78,7.12,0,7.6,0,Not At Risk
S37556,Male,AI,72,79,65,8.92,0,4.4,0,Not At Risk
S37557,Female,IT,100,79,92,6.57,0,5.6,0,Not At Risk
S37560,Male,IT,96,64,59,6.6,0,4.3,0,Not At Risk
S37561,Male,IT,89,95,67,9.37,1,3.3,0,Not At Risk
S37562,Male,IT,100,62,96,6.99,0,4.6,0,Not At Risk
S37563,Female,AI,80,66,55,6.72,0,6.8,0,Not At Risk
S37567,Female,AI,72,75,80,7.88,1,6.1,0,Not At Risk
S37571,Male,AI,80,85,64,9.26,0,7.4,0,Not At Risk
S37574,Female,IT,93,55,97,9.83,0,4.7,0,Not At Risk
S37575,Female,AI,91,97,90,9.8,1,5.5,0,Not At Risk
S37576,Female,IT,81,72,91,7.2,0,6.1,0,Not At Risk
S37579,Female,IT,70,89,74,8.34,0,6.0,0,Not At Risk
S37581,Male,Computer,86,56,65,7.41,0,5.7,0,Not At Risk
S37582,Female,AI,84,77,79,7.5,1,3.2,0,Not At Risk
S37592,Female,AI,84,82,55,7.68,0,3.4,0,Not At Risk
S37598,Female,IT,95,99,78,7.02,0,6.0,0,Not At Risk
S37621,Female,AI,69,87,87,9.75,0,6.1,0,Not At Risk
S37623,Female,AI,84,68,90,8.91,0,7.4,0,Not At Risk
S37625,Male,IT,94,69,94,9.76,0,7.1,0,Not At Risk
S37628,Male,IT,78,62,61,7.77,0,6.2,0,Not At Risk
S37632,Female,IT,64,65,36,4.91,3,3.3,1,At Risk
S37633,Female,IT,76,57,57,7.52,0,6.8,0,Not At Risk
S37635,Male,AI,55,44,61,6.37,2,2.2,1,At Risk
S37636,Female,Computer,70,89,95,7.72,0,3.3,0,Not At Risk
S37637,Male,AI,75,65,94,6.98,1,5.7,0,Not At Risk
S37638,Female,Computer,68,40,52,5.61,2,2.9,1,At Risk
S37642,Male,IT,46,57,64,5.91,3,2.2,1,At Risk
S37648,Male,AI,92,91,63,8.1,1,6.7,0,Not At Risk
S37650,Male,Computer,85,73,71,9.59,0,7.6,0,Not At Risk
S37662,Male,AI,97,70,59,9.42,0,7.2,0,Not At Risk
S37680,Male,AI,69,64,60,8.32,1,7.2,0,Not At Risk
S37689,Male,AI,78,83,90,7.01,0,7.9,0,Not At Risk
S37696,Male,IT,71,77,75,8.55,0,4.6,0,Not At Risk
S37702,Female,Computer,76,58,98,8.45,0,5.9,0,Not At Risk
S37709,Male,AI,59,43,40,5.23,1,1.1,1,At Risk
S37711,Male,IT,68,52,36,5.9,2,3.4,1,At Risk
S37712,Female,IT,83,89,92,8.18,1,6.6,0,Not At Risk
S37715,Female,AI,80,78,62,8.1,0,4.1,0,Not At Risk
S37723,Female,IT,63,52,57,5.35,1,1.5,1,At Risk
S37729,Female,AI,86,57,83,8.6,0,5.5,0,Not At Risk
S37730,Female,AI,87,61,93,6.74,1,5.1,0,Not At Risk
S37731,Male,IT,71,81,91,7.61,1,5.3,0,Not At Risk
S37733,Female,Computer,88,83,66,9.4,1,5.4,0,Not At Risk
S37737,Male,IT,81,64,59,9.03,0,5.5,0,Not At Risk
S37743,Male,Computer,66,64,62,8.6,0,5.8,0,Not At Risk
S37750,Female,Computer,75,90,67,9.77,0,3.7,0,Not At Risk
S37754,Male,AI,55,42,58,6.72,3,1.9,1,At Risk
S37756,Female,Computer,68,65,57,6.39,2,3.2,1,At Risk
S37759,Female,IT,67,35,49,5.44,2,3.1,1,At Risk
S37762,Male,IT,50,47,47,5.9,1,2.2,1,At Risk
S37764,Female,Computer,57,65,62,5.44,1,2.6,1,At Risk
S37768,Female,IT,45,42,59,5.34,1,2.3,1,At Risk
S37786,Male,AI,48,37,43,5.57,2,1.9,1,At Risk
S37788,Female,Computer,80,70,90,9.02,1,5.1,0,Not At Risk
S37804,Male,Computer,66,58,72,6.64,0,5.2,0,Not At Risk
S37806,Female,AI,93,55,63,7.82,0,7.3,0,Not At Risk
S37823,Female,AI,100,80,93,7.55,0,7.2,0,Not At Risk
S37829,Female,IT,70,84,78,9.75,0,7.2,0,Not At Risk
S37832,Female,Computer,88,71,76,9.77,0,6.1,0,Not At Risk
S37833,Female,AI,94,74,89,7.91,0,5.6,0,Not At Risk
S37855,Male,IT,77,96,72,9.43,0,4.7,0,Not At Risk
S37856,Male,AI,99,71,76,6.56,1,3.1,0,Not At Risk
S37872,Male,AI,57,44,37,5.16,2,1.5,1,At Risk
S37874,Male,AI,87,65,98,7.38,0,3.9,0,Not At Risk
S37875,Female,Computer,72,62,87,9.96,0,6.0,0,Not At Risk
S37877,Male,AI,66,66,74,9.28,0,6.5,0,Not At Risk
S37886,Female,AI,82,72,80,8.95,0,4.8,0,Not At Risk
S37887,Female,IT,79,63,74,7.67,0,7.1,0,Not At Risk
S37898,Female,Computer,71,67,87,8.47,0,6.8,0,Not At Risk
S37901,Female,Computer,98,86,57,9.62,1,7.8,0,Not At Risk
S37904,Male,Computer,81,56,97,7.46,0,3.5,0,Not At Risk
S37919,Male,IT,71,90,58,6.88,0,7.3,0,Not At Risk
S37924,Male,AI,71,85,90,7.19,0,3.9,0,Not At Risk
S37925,Male,Computer,84,84,84,9.56,0,6.5,0,Not At Risk
S37928,Female,Computer,91,61,66,7.41,0,4.4,0,Not At Risk
S37932,Female,AI,84,71,80,8.99,0,5.0,0,Not At Risk
S37934,Female,AI,69,55,72,8.8,0,6.0,0,Not At Risk
S37938,Female,AI,48,59,65,5.75,1,2.9,1,At Risk
S37943,Female,AI,47,64,55,5.92,3,2.5,1,At Risk
S37952,Male,Computer,49,40,44,5.12,1,3.6,1,At Risk
S37953,Male,IT,80,59,82,7.1,0,4.9,0,Not At Risk
S37954,Male,IT,88,90,84,6.51,0,7.9,0,Not At Risk
S37957,Male,IT,94,84,62,8.02,0,4.8,0,Not At Risk
S37961,Female,IT,67,40,38,4.82,3,3.2,1,At Risk
S37964,Male,AI,65,40,68,6.73,2,2.8,1,At Risk
S37966,Female,Computer,76,68,91,6.54,0,5.1,0,Not At Risk
S37971,Male,Computer,93,83,74,9.54,0,4.2,0,Not At Risk
S37995,Female,IT,74,64,74,9.98,1,4.3,0,Not At Risk
S37998,Male,IT,84,70,69,6.86,0,6.7,0,Not At Risk
S38000,Female,AI,78,80,67,7.43,1,7.5,0,Not At Risk
S38001,Female,AI,63,42,58,5.16,1,2.7,1,At Risk
S38003,Female,Computer,99,64,95,8.79,0,3.4,0,Not At Risk
S38011,Male,AI,73,88,55,9.08,0,4.0,0,Not At Risk
S38012,Male,IT,82,83,97,6.65,1,4.5,0,Not At Risk
S38015,Male,IT,65,77,88,7.74,1,5.8,0,Not At Risk
S38019,Male,Computer,66,77,59,9.65,1,6.4,0,Not At Risk
S38022,Female,Computer,92,87,68,8.05,0,3.4,0,Not At Risk
S38027,Female,Computer,77,58,79,8.2,1,7.2,0,Not At Risk
S38029,Male,Computer,99,93,82,6.82,0,3.7,0,Not At Risk
S38037,Female,IT,91,82,70,6.91,0,7.8,0,Not At Risk
S38058,Male,IT,48,58,70,5.64,3,1.1,1,At Risk
S38064,Female,IT,71,68,61,9.42,0,4.8,0,Not At Risk
S38073,Male,IT,82,97,64,9.26,0,4.3,0,Not At Risk
S38075,Female,AI,100,93,92,8.05,0,6.1,0,Not At Risk
S38076,Female,IT,73,90,93,7.27,0,5.2,0,Not At Risk
S38083,Female,IT,85,99,95,7.65,0,6.1,0,Not At Risk
S38084,Male,Computer,87,67,99,6.52,0,4.4,0,Not At Risk
S38090,Female,IT,91,64,93,7.01,0,5.2,0,Not At Risk
S38091,Female,AI,85,64,77,6.91,1,6.2,0,Not At Risk
S38093,Male,IT,92,74,56,6.83,0,6.1,0,Not At Risk
S38097,Female,AI,76,91,78,8.98,0,4.7,0,Not At Risk
S38098,Male,IT,81,66,79,9.43,0,5.1,0,Not At Risk
S38103,Male,AI,50,59,57,5.63,2,1.7,1,At Risk
S38107,Male,IT,53,63,58,6.71,1,1.3,1,At Risk
S38117,Female,IT,92,77,80,9.2,1,4.1,0,Not At Risk
S38125,Female,Computer,91,76,65,8.72,0,7.4,0,Not At Risk
S38128,Male,Computer,68,80,95,7.52,1,3.8,0,Not At Risk
S38130,Male,IT,73,73,81,9.57,0,3.6,0,Not At Risk
S38137,Male,Computer,84,71,86,9.55,0,7.2,0,Not At Risk
S38140,Male,IT,76,85,81,7.61,1,4.0,0,Not At Risk
S38143,Male,AI,51,55,70,6.13,1,3.1,1,At Risk
S38145,Male,Computer,68,90,92,8.46,1,6.4,0,Not At Risk
S38150,Female,AI,76,94,85,9.09,0,5.4,0,Not At Risk
S38174,Female,AI,100,68,69,7.29,0,4.1,0,Not At Risk
S38187,Male,IT,84,57,93,8.78,0,5.7,0,Not At Risk
S38194,Male,Computer,90,69,90,9.09,0,6.9,0,Not At Risk
S38198,Female,IT,94,64,64,9.93,0,6.2,0,Not At Risk
S38207,Female,AI,85,89,59,8.64,0,7.5,0,Not At Risk
S38212,Female,Computer,77,56,86,9.04,0,5.5,0,Not At Risk
S38221,Female,IT,67,79,80,7.02,1,4.2,0,Not At Risk
S38228,Male,Computer,58,64,57,6.07,1,2.9,1,At Risk
S38231,Male,IT,92,97,66,9.97,0,4.6,0,Not At Risk
S38232,Male,AI,50,55,65,5.77,2,1.3,1,At Risk
S38242,Female,AI,96,94,69,7.37,0,6.1,0,Not At Risk
S38249,Female,IT,77,67,65,6.58,0,6.5,0,Not At Risk
S38254,Female,Computer,85,82,95,7.31,1,3.2,0,Not At Risk
S38259,Female,AI,67,58,98,8.58,1,4.0,0,Not At Risk
S38260,Female,IT,95,55,63,7.63,0,4.0,0,Not At Risk
S38263,Male,Computer,95,79,89,9.81,1,6.9,0,Not At Risk
S38264,Male,Computer,92,69,70,6.61,0,5.3,0,Not At Risk
S38271,Male,Computer,90,67,98,9.04,1,5.1,0,Not At Risk
S38280,Male,Computer,68,63,71,8.0,1,4.7,0,Not At Risk
S38291,Male,IT,70,58,86,9.03,0,5.7,0,Not At Risk
S38292,Male,IT,69,43,49,5.95,3,3.0,1,At Risk
S38294,Female,AI,100,63,60,9.93,0,5.8,0,Not At Risk
S38296,Male,IT,66,78,64,9.61,0,3.9,0,Not At Risk
S38297,Female,AI,90,67,88,8.39,1,8.0,0,Not At Risk
S38298,Female,Computer,81,95,72,8.94,1,3.7,0,Not At Risk
S38308,Male,Computer,77,69,65,7.4,0,7.3,0,Not At Risk
S38311,Male,Computer,81,100,57,6.99,0,7.2,0,Not At Risk
S38319,Female,Computer,76,63,93,8.35,1,6.8,0,Not At Risk
S38322,Female,AI,66,91,69,8.25,0,4.3,0,Not At Risk
S38324,Female,Computer,96,85,57,9.27,0,5.1,0,Not At Risk
S38339,Male,Computer,70,67,70,9.39,0,6.9,0,Not At Risk
S38340,Male,AI,66,87,75,7.11,1,5.4,0,Not At Risk
S38341,Female,IT,57,44,47,5.93,2,1.6,1,At Risk
S38344,Female,Computer,69,79,61,7.85,0,7.6,0,Not At Risk
S38349,Female,IT,98,78,61,8.28,0,7.7,0,Not At Risk
S38353,Male,AI,46,51,46,6.51,1,2.2,1,At Risk
S38356,Male,Computer,71,65,60,9.87,0,3.1,0,Not At Risk
S38358,Male,AI,80,68,92,9.47,0,5.6,0,Not At Risk
S38361,Male,IT,86,99,86,8.69,0,4.0,0,Not At Risk
S38362,Female,AI,77,69,94,7.54,0,5.4,0,Not At Risk
S38363,Male,IT,92,55,96,8.72,0,4.9,0,Not At Risk
S38377,Female,IT,91,75,68,8.64,0,4.1,0,Not At Risk
S38385,Female,AI,87,60,68,8.32,0,3.7,0,Not At Risk
S38390,Male,Computer,79,60,92,9.72,0,5.5,0,Not At Risk
S38392,Female,AI,96,97,84,7.09,1,6.2,0,Not At Risk
S38416,Male,AI,72,62,98,8.92,0,5.7,0,Not At Risk
S38430,Female,AI,94,94,62,8.61,0,6.5,0,Not At Risk
S38433,Male,IT,89,57,98,8.32,1,6.5,0,Not At Risk
S38442,Male,AI,80,79,87,8.6,0,3.3,0,Not At Risk
S38444,Female,IT,100,94,86,6.51,0,6.0,0,Not At Risk
S38455,Male,IT,55,37,56,5.34,2,3.1,1,At Risk
S38460,Female,AI,89,91,60,7.34,0,6.0,0,Not At Risk
S38468,Male,AI,94,88,63,6.89,0,5.2,0,Not At Risk
S38472,Female,Computer,93,67,66,8.7,0,7.8,0,Not At Risk
S38473,Male,IT,81,87,100,7.17,0,7.9,0,Not At Risk
S38478,Female,AI,85,77,62,7.87,0,7.3,0,Not At Risk
S38481,Female,AI,93,91,81,7.99,0,3.5,0,Not At Risk
S38483,Male,AI,65,85,56,9.18,0,6.0,0,Not At Risk
S38488,Female,Computer,98,84,93,7.59,0,5.7,0,Not At Risk
S38490,Male,Computer,88,75,95,8.81,1,7.9,0,Not At Risk
S38494,Female,Computer,81,100,81,9.99,0,4.6,0,Not At Risk
S38505,Female,Computer,55,48,52,4.82,1,1.2,1,At Risk
S38509,Male,AI,86,96,99,8.75,0,4.0,0,Not At Risk
S38525,Male,IT,69,44,42,6.67,2,3.1,1,At Risk
S38529,Female,IT,74,76,74,9.85,1,5.3,0,Not At Risk
S38531,Male,IT,91,67,100,9.18,0,5.7,0,Not At Risk
S38536,Female,IT,66,92,98,8.63,0,4.9,0,Not At Risk
S38546,Female,AI,93,77,91,8.4,0,7.1,0,Not At Risk
S38554,Female,IT,100,75,64,8.42,0,5.2,0,Not At Risk
S38559,Male,Computer,75,66,76,6.75,1,4.6,0,Not At Risk
S38561,Female,Computer,79,92,87,8.75,0,6.9,0,Not At Risk
S38565,Male,Computer,61,43,42,6.6,3,3.8,1,At Risk
S38566,Male,AI,93,90,100,7.36,0,3.6,0,Not At Risk
S38570,Female,Computer,65,82,63,9.58,1,6.2,0,Not At Risk
S38578,Female,Computer,67,42,60,6.22,2,3.8,1,At Risk
S38581,Female,IT,50,64,52,6.08,1,1.0,1,At Risk
S38585,Female,IT,99,85,56,7.39,0,7.7,0,Not At Risk
S38594,Female,IT,71,58,62,8.8,0,5.0,0,Not At Risk
S38601,Male,Computer,95,59,79,7.2,1,5.0,0,Not At Risk
S38602,Female,Computer,75,68,74,7.81,0,6.4,0,Not At Risk
S38603,Male,AI,80,55,87,7.38,1,5.0,0,Not At Risk
S38627,Male,AI,66,75,84,9.37,0,6.3,0,Not At Risk
S38628,Female,IT,52,37,53,6.3,2,1.4,1,At Risk
S38637,Male,AI,72,78,89,8.9,0,6.5,0,Not At Risk
S38648,Male,AI,68,80,67,7.75,0,6.0,0,Not At Risk
S38653,Male,Computer,52,52,53,5.81,1,3.8,1,At Risk
S38664,Male,Computer,89,82,93,9.38,0,6.0,0,Not At Risk
S38667,Male,AI,86,84,96,9.14,1,3.5,0,Not At Risk
S38668,Female,AI,51,62,41,6.0,1,2.0,1,At Risk
S38669,Female,AI,49,56,64,5.85,2,3.7,1,At Risk
S38673,Male,Computer,46,45,48,5.54,2,3.1,1,At Risk
S38676,Male,Computer,85,97,92,8.29,0,4.1,0,Not At Risk
S38677,Female,AI,89,94,69,7.87,0,6.9,0,Not At Risk
S38684,Male,IT,90,75,74,9.02,0,5.0,0,Not At Risk
S38691,Female,Computer,59,63,46,4.91,2,4.0,1,At Risk
S38693,Female,IT,69,41,51,5.41,2,1.5,1,At Risk
S38694,Female,IT,91,73,64,9.35,0,4.9,0,Not At Risk
S38719,Male,IT,95,78,76,8.84,0,6.2,0,Not At Risk
S38721,Female,AI,66,68,72,7.17,1,6.1,0,Not At Risk
S38723,Male,Computer,86,79,76,9.5,0,6.7,0,Not At Risk
S38726,Female,IT,92,82,74,7.23,0,6.7,0,Not At Risk
S38728,Female,AI,71,85,94,6.96,0,4.6,0,Not At Risk
S38734,Female,IT,73,76,74,8.33,0,3.6,0,Not At Risk
S38735,Male,IT,83,62,60,6.55,1,5.5,0,Not At Risk
S38736,Female,IT,80,95,88,6.6,0,3.9,0,Not At Risk
S38737,Female,IT,81,95,76,9.07,1,5.5,0,Not At Risk
S38741,Male,IT,85,83,63,9.38,0,7.5,0,Not At Risk
S38742,Male,Computer,58,45,64,5.06,3,2.6,1,At Risk
S38745,Male,IT,92,99,76,8.99,0,5.2,0,Not At Risk
S38746,Male,Computer,98,69,65,8.87,0,3.8,0,Not At Risk
S38752,Male,AI,87,55,63,8.85,1,3.8,0,Not At Risk
S38753,Male,AI,89,88,96,8.07,0,6.7,0,Not At Risk
S38754,Male,Computer,79,58,80,7.78,1,5.3,0,Not At Risk
S38758,Male,Computer,74,86,90,8.65,0,3.3,0,Not At Risk
S38760,Female,AI,72,65,84,9.4,1,7.6,0,Not At Risk
S38761,Male,AI,55,43,63,6.06,1,2.7,1,At Risk
S38763,Male,IT,85,72,73,8.62,0,5.7,0,Not At Risk
S38771,Male,AI,98,99,70,7.23,0,4.4,0,Not At Risk
S38772,Female,IT,77,91,77,9.71,0,6.5,0,Not At Risk
S38775,Female,Computer,68,100,94,6.95,0,5.8,0,Not At Risk
S38779,Female,AI,74,77,60,7.09,1,4.6,0,Not At Risk
S38781,Female,AI,75,80,58,7.59,0,7.7,0,Not At Risk
S38782,Male,AI,86,89,78,8.33,0,5.5,0,Not At Risk
S38792,Male,AI,87,88,96,8.78,1,7.8,0,Not At Risk
S38793,Female,Computer,75,58,70,9.59,0,6.9,0,Not At Risk
S38795,Female,IT,94,93,75,9.99,0,4.8,0,Not At Risk
S38802,Female,Computer,68,61,98,8.99,0,3.6,0,Not At Risk
S38805,Female,IT,88,87,99,7.31,1,4.3,0,Not At Risk
S38812,Female,IT,67,59,35,6.0,3,1.1,1,At Risk
S38814,Male,IT,65,63,68,5.67,1,2.5,1,At Risk
S38820,Female,Computer,53,46,42,5.72,3,3.0,1,At Risk
S38828,Female,Computer,95,75,92,9.64,0,6.2,0,Not At Risk
S38831,Male,Computer,84,82,91,6.95,0,3.2,0,Not At Risk
S38841,Female,Computer,65,55,69,8.08,0,4.5,0,Not At Risk
S38844,Male,Computer,69,62,55,5.89,2,1.6,1,At Risk
S38848,Male,Computer,52,37,37,6.53,1,1.2,1,At Risk
S38849,Male,AI,68,61,67,8.45,0,7.9,0,Not At Risk
S38857,Female,Computer,67,39,55,6.1,1,2.5,1,At Risk
S38863,Male,Computer,100,62,58,8.63,1,4.6,0,Not At Risk
S38864,Female,Computer,72,90,98,7.72,0,4.9,0,Not At Risk
S38865,Female,AI,69,40,58,6.51,3,1.9,1,At Risk
S38875,Male,Computer,87,69,68,8.6,0,7.9,0,Not At Risk
S38877,Female,Computer,84,87,93,9.83,0,7.0,0,Not At Risk
S38879,Female,AI,68,84,57,7.56,1,3.2,0,Not At Risk
S38882,Female,AI,97,91,59,7.36,1,7.5,0,Not At Risk
S38884,Female,Computer,67,72,65,7.06,1,7.8,0,Not At Risk
S38888,Female,IT,94,59,68,7.35,0,4.8,0,Not At Risk
S38903,Male,IT,77,85,90,8.45,0,6.6,0,Not At Risk
S38908,Female,Computer,78,82,62,7.94,0,5.0,0,Not At Risk
S38917,Female,Computer,82,78,60,7.18,1,5.6,0,Not At Risk
S38924,Female,Computer,94,93,72,7.39,0,4.5,0,Not At Risk
S38927,Male,Computer,61,43,51,5.88,2,1.3,1,At Risk
S38933,Male,Computer,97,91,79,7.03,1,7.7,0,Not At Risk
S38948,Male,IT,98,96,86,7.36,0,6.7,0,Not At Risk
S38956,Female,AI,98,60,55,7.9,1,4.2,0,Not At Risk
S38962,Male,IT,89,80,62,9.91,1,4.5,0,Not At Risk
S38972,Female,IT,69,67,64,9.15,1,6.4,0,Not At Risk
S38985,Male,IT,93,99,69,6.85,0,3.4,0,Not At Risk
S38986,Female,AI,96,58,65,7.12,1,4.0,0,Not At Risk
S39000,Female,Computer,83,87,75,8.54,0,8.0,0,Not At Risk
S39011,Male,AI,93,86,62,7.37,0,6.8,0,Not At Risk
S39020,Female,Computer,51,54,70,6.03,1,1.8,1,At Risk
S39021,Male,Computer,100,74,72,6.65,0,7.6,0,Not At Risk
S39022,Female,IT,94,71,76,7.13,1,4.7,0,Not At Risk
S39023,Female,IT,89,88,70,6.78,0,3.3,0,Not At Risk
S39025,Female,AI,92,99,93,8.72,1,3.4,0,Not At Risk
S39027,Female,IT,77,78,69,7.02,0,7.7,0,Not At Risk
S39032,Female,Computer,90,58,95,6.85,0,3.2,0,Not At Risk
S39033,Male,IT,80,56,94,6.68,0,5.1,0,Not At Risk
S39038,Male,IT,75,61,60,8.73,1,3.1,0,Not At Risk
S39039,Female,AI,91,67,64,8.06,1,5.5,0,Not At Risk
S39040,Female,Computer,93,76,82,9.71,0,3.5,0,Not At Risk
S39046,Male,Computer,75,82,69,8.03,0,3.5,0,Not At Risk
S39057,Male,IT,75,82,79,7.55,1,4.6,0,Not At Risk
S39060,Female,AI,69,48,58,6.19,2,3.2,1,At Risk
S39069,Male,Computer,79,60,60,9.55,0,4.0,0,Not At Risk
S39079,Male,IT,46,51,66,5.15,2,3.2,1,At Risk
S39082,Male,AI,85,83,77,7.0,0,3.5,0,Not At Risk
S39088,Male,AI,66,54,59,4.91,2,3.4,1,At Risk
S39090,Male,AI,73,64,79,8.1,0,7.9,0,Not At Risk
S39092,Female,AI,68,71,82,7.12,0,4.7,0,Not At Risk
S39101,Male,AI,49,41,49,4.86,1,2.8,1,At Risk
S39104,Female,Computer,66,79,72,7.06,0,7.8,0,Not At Risk
S39106,Female,AI,57,48,41,5.22,2,1.4,1,At Risk
S39107,Male,AI,93,81,90,7.0,0,3.1,0,Not At Risk
S39109,Female,IT,66,55,83,7.59,0,6.8,0,Not At Risk
S39113,Male,AI,86,72,87,8.76,0,6.1,0,Not At Risk
S39123,Male,IT,83,93,95,6.68,1,5.4,0,Not At Risk
S39130,Female,Computer,99,96,72,8.89,0,3.1,0,Not At Risk
S39131,Female,AI,97,75,95,8.35,1,6.0,0,Not At Risk
S39139,Female,IT,87,73,89,7.02,0,5.2,0,Not At Risk
S39141,Female,IT,50,37,67,6.07,1,3.6,1,At Risk
S39145,Male,IT,81,89,95,7.51,0,3.2,0,Not At Risk
S39147,Female,Computer,67,36,64,5.37,3,2.2,1,At Risk
S39148,Male,Computer,96,91,76,8.52,0,3.9,0,Not At Risk
S39154,Female,AI,65,64,91,9.53,0,6.2,0,Not At Risk
S39155,Male,IT,90,66,73,7.22,0,5.9,0,Not At Risk
S39156,Male,IT,73,92,63,9.38,0,3.6,0,Not At Risk
S39157,Female,AI,52,50,64,6.7,1,1.3,1,At Risk
S39171,Male,IT,95,91,84,7.47,1,5.0,0,Not At Risk
S39182,Male,Computer,93,91,80,7.01,0,5.1,0,Not At Risk
S39186,Male,Computer,86,68,76,9.38,0,5.0,0,Not At Risk
S39190,Female,IT,69,63,64,7.8,0,6.3,0,Not At Risk
S39194,Male,IT,93,63,90,9.08,0,7.9,0,Not At Risk
S39195,Female,IT,95,71,85,9.81,1,3.8,0,Not At Risk
S39198,Female,IT,96,91,63,7.31,0,6.2,0,Not At Risk
S39201,Male,IT,46,61,43,5.18,1,3.2,1,At Risk
S39204,Female,Computer,54,52,37,5.17,1,2.4,1,At Risk
S39228,Male,Computer,94,70,96,9.62,0,4.8,0,Not At Risk
S39235,Female,AI,65,92,78,6.83,1,7.8,0,Not At Risk
S39240,Female,IT,54,45,50,5.27,3,2.1,1,At Risk
S39254,Female,AI,78,87,60,6.7,1,7.9,0,Not At Risk
S39261,Male,AI,69,80,60,7.37,0,4.7,0,Not At Risk
S39267,Male,IT,88,56,76,7.36,0,6.1,0,Not At Risk
S39278,Male,AI,93,78,89,8.59,0,4.6,0,Not At Risk
S39285,Male,AI,47,43,39,5.26,1,2.4,1,At Risk
S39291,Female,Computer,90,86,90,7.33,1,7.6,0,Not At Risk
S39299,Female,Computer,46,55,38,5.68,2,3.4,1,At Risk
S39301,Male,IT,65,58,57,7.12,0,4.2,0,Not At Risk
S39308,Male,AI,98,74,79,9.42,0,4.2,0,Not At Risk
S39309,Female,AI,96,89,79,7.17,1,5.8,0,Not At Risk
S39314,Female,AI,56,62,44,6.69,3,1.6,1,At Risk
S39320,Male,IT,76,74,68,9.58,1,5.3,0,Not At Risk
S39328,Female,Computer,66,95,99,7.33,0,4.6,0,Not At Risk
S39330,Male,Computer,76,60,65,9.25,0,5.5,0,Not At Risk
S39335,Female,AI,100,82,90,7.64,1,6.5,0,Not At Risk
S39337,Female,IT,65,65,72,9.75,1,3.9,0,Not At Risk
S39338,Female,Computer,91,62,83,9.75,0,4.6,0,Not At Risk
S39339,Male,IT,75,90,76,8.92,0,4.3,0,Not At Risk
S39350,Female,AI,85,76,62,7.43,0,7.9,0,Not At Risk
S39361,Male,Computer,77,67,69,6.66,0,4.6,0,Not At Risk
S39365,Female,AI,98,95,98,9.7,0,5.5,0,Not At Risk
S39374,Female,Computer,69,93,73,7.29,0,3.1,0,Not At Risk
S39375,Female,Computer,79,70,95,7.29,0,4.6,0,Not At Risk
S39376,Male,IT,76,96,87,7.86,0,4.2,0,Not At Risk
S39383,Male,Computer,68,81,99,7.42,0,5.2,0,Not At Risk
S39384,Female,AI,70,92,86,7.87,0,6.4,0,Not At Risk
S39386,Female,IT,76,98,76,8.32,1,3.4,0,Not At Risk
S39394,Female,Computer,61,44,65,5.73,2,1.3,1,At Risk
S39397,Male,IT,86,95,88,9.04,0,3.8,0,Not At Risk
S39401,Male,AI,89,91,100,8.93,0,6.4,0,Not At Risk
S39402,Female,Computer,49,46,38,4.95,3,1.2,1,At Risk
S39413,Male,IT,68,44,52,6.19,2,2.0,1,At Risk
S39415,Female,Computer,50,44,43,5.06,1,1.2,1,At Risk
S39417,Male,IT,89,84,83,9.09,0,6.3,0,Not At Risk
S39421,Male,Computer,94,88,78,6.77,1,5.7,0,Not At Risk
S39427,Male,AI,56,38,36,5.88,2,3.7,1,At Risk
S39429,Male,Computer,91,80,84,8.95,1,7.7,0,Not At Risk
S39430,Male,AI,99,93,82,8.6,1,5.8,0,Not At Risk
S39436,Male,Computer,69,77,72,7.4,0,4.6,0,Not At Risk
S39437,Female,IT,87,72,77,9.03,0,7.0,0,Not At Risk
S39439,Female,Computer,70,84,67,6.86,0,4.6,0,Not At Risk
S39446,Female,AI,95,76,76,8.97,1,4.0,0,Not At Risk
S39468,Male,IT,80,88,89,9.57,1,4.1,0,Not At Risk
S39469,Female,AI,86,69,89,6.84,0,7.7,0,Not At Risk
S39478,Male,AI,67,84,89,8.21,1,7.6,0,Not At Risk
S39484,Female,AI,98,66,76,6.64,0,6.7,0,Not At Risk
S39485,Female,IT,92,97,79,8.0,0,5.6,0,Not At Risk
S39497,Male,Computer,100,83,60,9.94,0,5.5,0,Not At Risk
S39500,Female,AI,78,94,65,7.33,1,4.0,0,Not At Risk
S39503,Female,AI,70,60,76,9.64,1,4.5,0,Not At Risk
S39509,Female,IT,67,100,94,6.56,0,7.3,0,Not At Risk
S39511,Female,AI,95,98,68,8.43,1,6.3,0,Not At Risk
S39513,Female,IT,97,100,83,9.25,0,6.8,0,Not At Risk
S39521,Female,AI,70,55,72,8.82,0,7.8,0,Not At Risk
S39530,Female,IT,78,72,55,9.03,0,5.6,0,Not At Risk
S39532,Male,AI,86,67,68,9.77,0,4.6,0,Not At Risk
S39540,Male,IT,52,47,38,5.49,3,4.0,1,At Risk
S39546,Female,Computer,96,87,62,9.06,0,5.9,0,Not At Risk
S39550,Female,Computer,76,88,79,6.62,0,7.9,0,Not At Risk
S39552,Female,AI,96,85,78,9.31,1,7.8,0,Not At Risk
S39554,Male,AI,60,40,57,5.76,3,1.7,1,At Risk
S39556,Male,AI,94,86,58,9.08,0,5.7,0,Not At Risk
S39557,Female,Computer,95,80,57,9.55,0,7.1,0,Not At Risk
S39567,Female,AI,89,93,90,8.95,1,4.5,0,Not At Risk
S39568,Male,Computer,68,75,70,6.89,0,3.3,0,Not At Risk
S39569,Female,IT,58,53,55,5.11,2,3.7,1,At Risk
S39571,Female,Computer,88,84,86,6.89,0,6.8,0,Not At Risk
S39572,Male,AI,53,44,63,6.78,3,3.4,1,At Risk
S39573,Male,AI,59,53,55,6.49,2,3.7,1,At Risk
S39574,Female,AI,79,72,99,8.63,0,5.3,0,Not At Risk
S39576,Female,IT,47,38,57,5.84,3,1.1,1,At Risk
S39577,Female,Computer,89,97,86,6.63,0,3.1,0,Not At Risk
S39587,Male,Computer,97,77,95,7.85,1,6.9,0,Not At Risk
S39588,Male,AI,70,36,48,5.25,2,3.1,1,At Risk
S39594,Male,Computer,73,59,79,9.38,0,4.9,0,Not At Risk
S39596,Male,AI,74,85,64,9.14,0,4.9,0,Not At Risk
S39597,Male,AI,100,74,73,7.09,0,6.6,0,Not At Risk
S39603,Female,IT,51,58,60,6.76,1,3.9,1,At Risk
S39624,Male,Computer,76,95,86,8.04,0,5.6,0,Not At Risk
S39626,Male,Computer,69,58,69,5.68,2,2.3,1,At Risk
S39629,Female,Computer,51,47,51,5.8,3,1.8,1,At Risk
S39636,Male,AI,90,96,98,9.05,0,7.9,0,Not At Risk
S39637,Female,AI,50,38,36,6.24,3,2.9,1,At Risk
S39641,Female,AI,60,37,39,6.26,2,1.7,1,At Risk
S39650,Male,Computer,89,79,57,8.9,0,6.7,0,Not At Risk
S39661,Male,AI,78,92,72,9.38,0,5.7,0,Not At Risk
S39662,Male,Computer,69,65,76,9.65,0,7.4,0,Not At Risk
S39663,Female,IT,47,51,48,5.04,1,2.6,1,At Risk
S39667,Female,IT,85,55,100,6.6,0,7.2,0,Not At Risk
S39669,Female,Computer,82,99,91,8.19,0,6.0,0,Not At Risk
S39676,Male,Computer,100,79,69,7.04,0,5.7,0,Not At Risk
S39683,Female,Computer,90,93,77,8.13,1,7.3,0,Not At Risk
S39686,Male,Computer,45,48,68,5.04,1,1.6,1,At Risk
S39695,Female,Computer,79,81,82,8.33,0,3.4,0,Not At Risk
S39697,Female,IT,80,93,82,9.68,0,4.5,0,Not At Risk
S39700,Female,AI,98,88,83,8.32,0,6.2,0,Not At Risk
S39704,Male,Computer,96,90,56,9.83,0,3.8,0,Not At Risk
S39716,Female,Computer,88,56,87,7.22,0,4.2,0,Not At Risk
S39717,Male,IT,67,84,68,9.35,0,5.5,0,Not At Risk
S39718,Female,IT,51,57,45,4.94,3,1.3,1,At Risk
S39720,Male,AI,67,42,46,4.94,2,3.5,1,At Risk
S39724,Male,Computer,87,65,61,7.87,0,5.8,0,Not At Risk
S39730,Male,IT,73,100,71,9.7,0,6.2,0,Not At Risk
S39741,Female,IT,69,41,43,5.34,3,2.4,1,At Risk
S39749,Female,AI,92,84,98,9.58,0,6.2,0,Not At Risk
S39756,Male,IT,71,84,71,7.18,0,4.2,0,Not At Risk
S39760,Female,AI,91,65,71,9.38,0,3.4,0,Not At Risk
S39761,Male,Computer,71,73,91,9.95,0,8.0,0,Not At Risk
S39762,Female,Computer,68,95,62,7.53,0,5.3,0,Not At Risk
S39770,Male,IT,76,91,100,8.67,0,6.6,0,Not At Risk
S39776,Male,Computer,94,65,97,7.79,1,6.7,0,Not At Risk
S39787,Female,Computer,65,64,85,7.49,0,7.6,0,Not At Risk
S39789,Female,IT,90,60,83,8.06,1,3.2,0,Not At Risk
S39791,Female,AI,90,56,97,9.58,1,4.4,0,Not At Risk
S39795,Female,AI,95,85,67,7.23,0,3.3,0,Not At Risk
S39798,Male,IT,89,55,86,9.45,0,5.1,0,Not At Risk
S39811,Female,IT,54,53,63,5.88,3,3.5,1,At Risk
S39816,Female,Computer,86,71,75,7.13,1,7.4,0,Not At Risk
S39817,Female,Computer,62,41,62,5.21,3,3.3,1,At Risk
S39819,Male,IT,55,55,44,6.46,3,1.8,1,At Risk
S39821,Male,AI,100,83,76,6.67,1,6.0,0,Not At Risk
S39830,Female,Computer,86,92,97,7.6,1,5.7,0,Not At Risk
S39843,Female,Computer,89,70,91,7.84,0,7.8,0,Not At Risk
S39844,Female,IT,93,62,80,9.88,1,3.7,0,Not At Risk
S39850,Female,Computer,75,55,60,7.42,0,7.7,0,Not At Risk
S39856,Female,Computer,57,55,41,6.03,2,4.0,1,At Risk
S39861,Female,AI,78,79,69,9.05,0,3.7,0,Not At Risk
S39862,Male,AI,83,72,66,9.32,0,3.5,0,Not At Risk
S39865,Male,AI,97,85,61,7.5,0,6.3,0,Not At Risk
S39881,Male,IT,66,49,68,5.38,3,3.3,1,At Risk
S39883,Male,IT,55,60,51,5.8,2,2.9,1,At Risk
S39885,Male,AI,65,92,98,8.68,1,7.7,0,Not At Risk
S39887,Female,IT,85,95,78,9.76,1,4.8,0,Not At Risk
S39890,Female,IT,98,93,80,6.71,0,7.7,0,Not At Risk
S39907,Female,AI,63,36,59,5.77,2,1.2,1,At Risk
S39910,Female,IT,74,88,64,9.54,0,7.1,0,Not At Risk
S39914,Male,AI,83,89,96,9.46,0,3.9,0,Not At Risk
S39915,Female,AI,94,95,76,9.66,0,7.3,0,Not At Risk
S39919,Male,AI,92,77,61,8.74,0,4.6,0,Not At Risk
S39922,Male,IT,74,98,88,9.85,0,6.7,0,Not At Risk
S39924,Male,AI,68,94,86,8.98,0,5.4,0,Not At Risk
S39940,Male,AI,69,72,85,6.74,0,5.9,0,Not At Risk
S39948,Female,Computer,66,88,55,8.39,1,4.8,0,Not At Risk
S39950,Male,IT,87,79,85,9.31,0,4.5,0,Not At Risk
S39959,Female,Computer,98,91,99,9.34,1,7.0,0,Not At Risk
S39971,Female,Computer,90,70,73,8.06,0,3.8,0,Not At Risk
S39973,Female,Computer,80,61,78,9.44,0,5.2,0,Not At Risk
S39977,Female,Computer,73,88,76,7.81,1,7.0,0,Not At Risk
S39981,Female,AI,76,60,65,7.8,0,7.2,0,Not At Risk
S39982,Female,IT,66,88,62,8.42,0,8.0,0,Not At Risk
S39983,Male,Computer,80,86,61,8.65,0,4.1,0,Not At Risk
S39993,Male,AI,95,88,77,9.55,0,8.0,0,Not At Risk
S39995,Male,Computer,100,87,66,9.99,1,6.7,0,Not At Risk
S40009,Male,IT,77,93,80,8.94,0,3.7,0,Not At Risk
S40012,Female,IT,100,87,74,8.61,0,6.4,0,Not At Risk
S40018,Male,AI,46,61,48,5.58,3,1.2,1,At Risk
S40022,Female,IT,48,45,70,4.89,1,2.4,1,At Risk
S40024,Female,Computer,64,53,48,4.84,2,3.3,1,At Risk
S40029,Female,Computer,83,61,93,9.32,0,3.2,0,Not At Risk
S40033,Male,Computer,87,61,98,7.93,1,4.9,0,Not At Risk
S40043,Female,IT,73,68,80,7.68,0,4.8,0,Not At Risk
S40050,Female,IT,91,79,77,8.97,0,4.0,0,Not At Risk
S40053,Male,AI,74,96,88,6.81,0,4.2,0,Not At Risk
S40062,Female,AI,84,82,94,6.56,0,7.6,0,Not At Risk
S40070,Male,AI,81,68,67,8.62,0,4.9,0,Not At Risk
S40072,Female,Computer,72,73,99,6.61,0,6.8,0,Not At Risk
S40075,Female,IT,76,89,68,9.83,1,4.9,0,Not At Risk
S40081,Female,Computer,89,55,77,8.04,1,7.5,0,Not At Risk
S40083,Male,Computer,97,95,98,9.04,0,5.3,0,Not At Risk
S40096,Male,Computer,85,70,68,9.01,0,6.2,0,Not At Risk
S40100,Female,Computer,69,55,70,9.55,1,6.2,0,Not At Risk
S40101,Male,AI,77,83,92,7.94,0,5.6,0,Not At Risk
S40102,Male,Computer,72,93,79,9.69,0,3.8,0,Not At Risk
S40104,Male,Computer,72,91,71,7.44,0,4.0,0,Not At Risk
S40108,Female,IT,67,75,96,7.88,1,5.7,0,Not At Risk
S40113,Female,Computer,96,90,72,8.95,0,4.9,0,Not At Risk
S40116,Female,Computer,77,63,94,9.06,0,5.0,0,Not At Risk
S40122,Female,IT,92,58,97,9.5,0,6.9,0,Not At Risk
S40127,Female,AI,64,42,36,6.17,3,1.9,1,At Risk
S40131,Female,AI,71,95,75,9.59,0,4.5,0,Not At Risk
S40136,Female,IT,70,62,67,6.64,1,2.0,1,At Risk
S40142,Female,AI,67,41,56,5.17,3,3.4,1,At Risk
S40154,Male,IT,75,57,90,8.36,1,6.6,0,Not At Risk
S40160,Female,Computer,63,43,70,5.62,1,2.0,1,At Risk
S40162,Male,AI,96,95,98,7.06,0,3.0,0,Not At Risk
S40163,Male,Computer,86,66,56,8.91,0,4.8,0,Not At Risk
S40184,Male,Computer,93,55,78,6.75,0,6.1,0,Not At Risk
S40185,Male,Computer,99,73,83,8.15,0,6.0,0,Not At Risk
S40186,Male,IT,82,63,60,9.18,0,4.1,0,Not At Risk
S40193,Male,AI,80,59,96,9.75,1,5.3,0,Not At Risk
S40195,Female,IT,96,63,75,6.61,1,4.4,0,Not At Risk
S40197,Male,Computer,69,96,67,9.9,0,3.3,0,Not At Risk
S40199,Female,Computer,81,78,70,8.73,1,7.9,0,Not At Risk
S40201,Female,Computer,85,68,96,8.59,0,5.7,0,Not At Risk
S40207,Female,IT,82,91,69,9.62,0,7.1,0,Not At Risk
S40214,Male,AI,92,98,80,7.26,0,5.9,0,Not At Risk
S40224,Male,Computer,54,44,39,6.3,2,3.3,1,At Risk
S40225,Male,AI,71,88,62,9.05,1,5.4,0,Not At Risk
S40226,Female,IT,76,65,82,7.42,0,4.9,0,Not At Risk
S40230,Male,IT,70,56,39,6.02,3,3.5,1,At Risk
S40232,Female,AI,69,92,94,7.99,0,3.2,0,Not At Risk
S40238,Female,AI,96,92,62,6.89,0,6.7,0,Not At Risk
S40242,Female,AI,84,67,89,8.14,0,4.1,0,Not At Risk
S40243,Female,IT,71,60,79,7.9,0,6.5,0,Not At Risk
S40246,Female,AI,65,62,63,4.99,2,1.5,1,At Risk
S40254,Female,Computer,88,86,55,9.64,0,6.7,0,Not At Risk
S40277,Female,Computer,90,85,71,7.08,1,4.8,0,Not At Risk
S40281,Male,Computer,89,75,57,8.24,0,4.0,0,Not At Risk
S40282,Male,Computer,94,82,94,8.44,1,6.6,0,Not At Risk
S40285,Female,IT,78,61,80,7.18,1,4.2,0,Not At Risk
S40287,Male,AI,70,64,89,7.88,0,4.0,0,Not At Risk
S40289,Female,AI,96,70,78,9.58,0,3.6,0,Not At Risk
S40296,Female,IT,46,54,38,5.84,3,1.4,1,At Risk
S40298,Male,AI,65,80,81,7.55,0,6.9,0,Not At Risk
S40307,Male,AI,82,58,62,9.62,0,4.0,0,Not At Risk
S40315,Male,Computer,58,37,54,5.49,3,3.5,1,At Risk
S40316,Male,IT,90,74,68,7.84,1,4.9,0,Not At Risk
S40325,Male,Computer,75,64,90,6.52,1,4.5,0,Not At Risk
S40328,Female,Computer,96,78,79,9.24,1,4.9,0,Not At Risk
S40331,Female,AI,84,91,97,8.48,0,3.4,0,Not At Risk
S40339,Male,Computer,96,75,72,9.16,0,7.2,0,Not At Risk
S40346,Female,AI,84,66,93,8.59,0,5.2,0,Not At Risk
S40349,Male,Computer,80,68,59,6.79,1,5.7,0,Not At Risk
S40353,Male,Computer,52,60,60,6.51,2,2.0,1,At Risk
S40358,Female,AI,75,64,78,9.77,0,7.3,0,Not At Risk
S40389,Male,IT,96,91,86,9.88,0,3.9,0,Not At Risk
S40405,Male,IT,95,66,67,8.21,0,4.2,0,Not At Risk
S40406,Male,IT,78,92,79,8.47,0,3.2,0,Not At Risk
S40415,Female,IT,78,69,82,9.1,1,7.8,0,Not At Risk
S40426,Female,Computer,75,91,87,6.96,1,5.7,0,Not At Risk
S40428,Male,Computer,78,64,98,8.06,0,4.2,0,Not At Risk
S40432,Male,IT,82,96,85,9.39,0,7.1,0,Not At Risk
S40434,Male,AI,71,96,92,7.12,1,7.5,0,Not At Risk
S40436,Male,IT,97,90,64,9.81,0,7.8,0,Not At Risk
S40437,Male,IT,69,88,97,7.52,1,5.9,0,Not At Risk
S40440,Female,AI,74,89,99,7.37,0,7.8,0,Not At Risk
S40442,Male,IT,88,71,91,9.07,0,3.2,0,Not At Risk
S40448,Male,IT,97,56,78,6.95,1,7.6,0,Not At Risk
S40453,Female,AI,49,59,61,6.1,2,1.9,1,At Risk
S40456,Male,IT,49,54,58,4.88,3,1.2,1,At Risk
S40462,Female,Computer,75,75,83,7.7,1,6.3,0,Not At Risk
S40470,Female,Computer,48,52,41,6.71,1,1.5,1,At Risk
S40471,Female,AI,82,94,63,6.59,1,3.6,0,Not At Risk
S40481,Female,Computer,57,43,66,6.57,3,3.1,1,At Risk
S40487,Female,AI,68,59,60,8.96,0,6.0,0,Not At Risk
S40490,Male,Computer,57,62,38,5.33,1,2.6,1,At Risk
S40493,Male,AI,91,96,69,8.52,1,5.7,0,Not At Risk
S40502,Male,AI,77,60,98,7.08,0,5.7,0,Not At Risk
S40515,Male,Computer,93,58,81,8.98,0,5.4,0,Not At Risk
S40517,Male,Computer,73,61,90,9.71,0,3.1,0,Not At Risk
S40524,Female,AI,68,90,71,9.8,1,5.8,0,Not At Risk
S40536,Male,AI,86,74,78,8.83,1,3.4,0,Not At Risk
S40537,Male,Computer,79,76,81,8.68,0,5.4,0,Not At Risk
S40542,Male,AI,92,68,93,7.15,1,7.6,0,Not At Risk
S40552,Male,AI,86,83,75,8.58,0,3.9,0,Not At Risk
S40555,Male,AI,65,57,82,9.43,0,5.4,0,Not At Risk
S40557,Male,Computer,67,78,97,9.26,0,4.8,0,Not At Risk
S40560,Female,IT,52,36,57,5.22,3,3.5,1,At Risk
S40568,Male,Computer,96,89,63,8.86,0,7.8,0,Not At Risk
S40569,Female,AI,61,39,69,5.78,3,2.9,1,At Risk
S40570,Male,AI,79,60,99,9.9,0,4.0,0,Not At Risk
S40574,Male,IT,85,98,90,8.79,1,6.9,0,Not At Risk
S40576,Female,Computer,67,85,79,7.43,0,3.5,0,Not At Risk
S40577,Female,AI,97,69,72,8.32,0,6.5,0,Not At Risk
S40586,Female,IT,88,91,75,8.3,0,4.7,0,Not At Risk
S40588,Male,Computer,58,63,37,6.33,2,3.0,1,At Risk
S40591,Female,AI,67,97,87,7.77,1,5.5,0,Not At Risk
S40593,Female,Computer,82,68,71,7.52,0,4.8,0,Not At Risk
S40610,Male,IT,66,60,68,4.9,2,1.2,1,At Risk
S40613,Male,AI,81,58,73,9.08,0,7.1,0,Not At Risk
S40615,Male,AI,84,69,91,6.69,0,7.9,0,Not At Risk
S40618,Male,AI,81,86,100,6.87,0,4.4,0,Not At Risk
S40619,Male,IT,68,59,58,7.79,0,7.8,0,Not At Risk
S40633,Male,IT,98,55,83,7.98,0,4.4,0,Not At Risk
S40636,Male,AI,81,74,63,8.02,0,6.5,0,Not At Risk
S40637,Male,IT,76,88,97,7.06,0,3.4,0,Not At Risk
S40639,Male,IT,97,58,77,6.75,0,3.7,0,Not At Risk
S40645,Male,Computer,56,58,66,6.17,2,2.9,1,At Risk
S40654,Male,AI,69,60,71,8.09,0,3.1,0,Not At Risk
S40659,Female,AI,92,92,57,8.17,0,4.8,0,Not At Risk
S40663,Male,AI,58,63,50,6.1,1,3.6,1,At Risk
S40664,Male,Computer,82,56,81,7.56,0,5.3,0,Not At Risk
S40670,Male,Computer,98,56,76,9.03,0,6.0,0,Not At Risk
S40674,Male,AI,98,67,96,8.6,0,7.1,0,Not At Risk
S40676,Female,Computer,81,84,90,7.36,1,3.2,0,Not At Risk
S40681,Female,IT,49,39,45,4.81,1,3.0,1,At Risk
S40689,Male,IT,85,57,94,9.64,0,3.5,0,Not At Risk
S40691,Male,AI,69,69,78,7.69,0,6.6,0,Not At Risk
S40694,Female,AI,69,65,67,4.8,1,2.6,1,At Risk
S40699,Male,Computer,89,91,59,8.99,0,5.3,0,Not At Risk
S40700,Male,IT,70,59,58,7.79,0,7.3,0,Not At Risk
S40709,Male,IT,51,54,58,5.6,3,1.5,1,At Risk
S40711,Male,AI,78,58,82,7.01,0,3.3,0,Not At Risk
S40712,Male,IT,69,54,44,5.25,3,2.2,1,At Risk
S40714,Male,IT,100,98,61,8.6,0,7.3,0,Not At Risk
S40715,Female,Computer,95,99,97,6.78,0,6.0,0,Not At Risk
S40716,Male,IT,45,63,63,5.57,1,1.9,1,At Risk
S40717,Male,AI,71,71,67,9.3,0,3.5,0,Not At Risk
S40729,Male,Computer,68,57,46,5.7,2,3.8,1,At Risk
S40734,Female,AI,100,66,93,6.8,0,7.7,0,Not At Risk
S40735,Female,AI,66,91,70,8.4,0,3.5,0,Not At Risk
S40736,Male,IT,69,54,45,4.85,2,3.4,1,At Risk
S40745,Male,IT,70,59,53,6.21,1,1.4,1,At Risk
S40747,Male,Computer,97,92,86,7.78,0,4.6,0,Not At Risk
S40750,Male,IT,95,61,56,7.15,0,3.2,0,Not At Risk
S40751,Male,AI,75,63,70,7.79,0,6.4,0,Not At Risk
S40760,Male,IT,70,60,95,9.91,0,5.0,0,Not At Risk
S40763,Female,Computer,70,69,81,7.75,0,4.9,0,Not At Risk
S40772,Male,IT,83,67,76,8.62,1,6.7,0,Not At Risk
S40773,Female,AI,76,76,84,9.8,0,5.6,0,Not At Risk
S40775,Female,Computer,78,97,62,8.06,0,7.4,0,Not At Risk
S40784,Female,AI,82,81,93,8.78,1,5.8,0,Not At Risk
S40789,Male,AI,76,71,70,7.71,0,4.1,0,Not At Risk
S40790,Female,Computer,88,81,57,8.17,1,3.8,0,Not At Risk
S40796,Female,IT,99,89,66,8.86,0,4.9,0,Not At Risk
S40799,Male,IT,49,44,66,6.61,2,2.2,1,At Risk
S40815,Female,Computer,99,93,95,7.11,0,6.0,0,Not At Risk
S40816,Male,IT,95,72,94,9.58,0,6.0,0,Not At Risk
S40818,Female,Computer,89,94,92,9.28,0,4.7,0,Not At Risk
S40819,Male,Computer,86,85,99,9.61,0,3.3,0,Not At Risk
S40842,Female,IT,92,62,80,7.91,0,4.1,0,Not At Risk
S40851,Female,AI,88,74,98,7.23,0,3.6,0,Not At Risk
S40852,Female,Computer,70,61,94,6.91,0,5.6,0,Not At Risk
S40870,Female,IT,83,96,70,8.92,0,6.2,0,Not At Risk
S40872,Male,Computer,83,63,77,7.33,0,5.4,0,Not At Risk
S40876,Female,AI,55,36,58,5.01,3,2.6,1,At Risk
S40878,Female,AI,69,99,99,8.21,0,5.0,0,Not At Risk
S40883,Male,Computer,68,69,75,7.83,0,4.9,0,Not At Risk
S40884,Male,AI,66,84,81,7.78,1,4.3,0,Not At Risk
S40901,Female,IT,99,72,71,8.31,0,6.0,0,Not At Risk
S40906,Female,Computer,68,79,63,9.23,0,4.3,0,Not At Risk
S40915,Male,Computer,95,63,77,7.18,0,5.1,0,Not At Risk
S40916,Female,IT,67,55,60,6.64,0,5.4,0,Not At Risk
S40921,Male,Computer,70,90,100,8.42,0,3.3,0,Not At Risk
S40922,Female,AI,45,57,58,5.68,2,3.9,1,At Risk
S40924,Male,IT,78,86,98,9.0,1,3.4,0,Not At Risk
S40929,Male,AI,58,60,69,5.12,2,1.8,1,At Risk
S40939,Male,Computer,48,51,40,5.57,3,2.7,1,At Risk
S40943,Female,IT,84,67,89,8.18,0,3.5,0,Not At Risk
S40950,Female,IT,77,73,74,6.65,1,7.5,0,Not At Risk
S40952,Female,IT,66,76,67,9.38,1,5.1,0,Not At Risk
S40953,Female,IT,85,65,56,6.99,0,3.6,0,Not At Risk
S40954,Male,AI,88,63,62,9.6,0,3.5,0,Not At Risk
S40955,Female,AI,73,86,87,9.37,0,4.5,0,Not At Risk
S40958,Female,Computer,58,56,43,6.29,3,3.5,1,At Risk
S40962,Female,AI,70,90,95,8.42,0,5.6,0,Not At Risk
S40964,Male,AI,86,96,73,7.41,0,4.0,0,Not At Risk
S40973,Male,AI,66,80,88,7.72,0,4.1,0,Not At Risk
S40975,Female,AI,86,63,90,9.46,0,6.5,0,Not At Risk
S40976,Female,AI,73,61,72,7.47,0,6.7,0,Not At Risk
S40979,Female,IT,97,81,89,8.93,0,7.6,0,Not At Risk
S40986,Male,AI,88,63,94,9.64,0,4.6,0,Not At Risk
S40987,Male,IT,96,73,85,7.2,0,4.0,0,Not At Risk
S40992,Female,AI,87,66,77,7.12,0,3.7,0,Not At Risk
S41006,Female,AI,72,98,71,7.53,0,7.8,0,Not At Risk
S41007,Female,Computer,68,67,57,8.36,0,3.2,0,Not At Risk
S41008,Male,IT,85,83,66,7.86,0,4.3,0,Not At Risk
S41013,Male,AI,49,47,44,6.78,2,2.2,1,At Risk
S41030,Male,Computer,81,97,63,8.8,0,6.1,0,Not At Risk
S41033,Male,AI,95,95,79,8.52,0,7.2,0,Not At Risk
S41035,Male,IT,77,61,68,7.22,0,5.6,0,Not At Risk
S41039,Male,Computer,84,81,76,6.93,0,7.4,0,Not At Risk
S41044,Male,Computer,88,88,65,9.86,0,6.7,0,Not At Risk
S41045,Male,IT,84,65,95,9.63,1,6.8,0,Not At Risk
S41049,Male,Computer,57,50,53,5.86,1,1.7,1,At Risk
S41055,Male,AI,51,49,58,6.52,3,3.5,1,At Risk
S41057,Female,Computer,81,69,64,9.09,0,3.4,0,Not At Risk
S41066,Male,AI,65,73,64,7.51,0,7.0,0,Not At Risk
S41067,Male,AI,89,66,88,7.52,0,4.5,0,Not At Risk
S41070,Female,Computer,67,70,83,7.1,0,6.9,0,Not At Risk
S41076,Male,IT,76,74,55,8.23,0,5.9,0,Not At Risk
S41088,Male,AI,49,36,41,5.76,3,2.7,1,At Risk
S41092,Female,AI,45,60,37,6.69,3,1.8,1,At Risk
S41099,Female,IT,97,85,67,9.54,0,7.0,0,Not At Risk
S41104,Female,Computer,89,58,87,6.95,0,3.2,0,Not At Risk
S41111,Female,IT,84,57,100,6.55,0,7.6,0,Not At Risk
S41113,Female,AI,91,93,79,6.53,0,4.2,0,Not At Risk
S41116,Male,AI,73,67,92,7.43,0,7.3,0,Not At Risk
S41119,Male,IT,93,94,83,7.23,0,4.9,0,Not At Risk
S41128,Female,IT,96,97,93,9.37,0,6.4,0,Not At Risk
S41132,Male,AI,67,53,36,5.15,2,3.2,1,At Risk
S41134,Female,IT,88,66,86,9.85,0,3.8,0,Not At Risk
S41155,Female,IT,85,66,58,7.35,1,7.1,0,Not At Risk
S41159,Male,IT,69,90,68,6.55,0,3.4,0,Not At Risk
S41160,Male,Computer,94,73,94,6.68,0,6.7,0,Not At Risk
S41165,Male,AI,78,74,63,8.07,0,4.3,0,Not At Risk
S41167,Male,Computer,65,61,69,7.6,0,4.0,0,Not At Risk
S41168,Female,Computer,60,49,58,6.41,2,3.4,1,At Risk
S41171,Female,IT,100,86,71,8.34,0,6.0,0,Not At Risk
S41172,Male,Computer,70,42,35,4.99,1,2.3,1,At Risk
S41174,Female,IT,69,94,67,9.86,0,3.0,0,Not At Risk
S41176,Female,IT,84,76,89,8.0,1,6.1,0,Not At Risk
S41178,Female,Computer,71,60,84,7.17,0,3.7,0,Not At Risk
S41184,Male,Computer,72,60,69,7.92,0,4.8,0,Not At Risk
S41187,Male,Computer,83,64,97,8.45,1,7.4,0,Not At Risk
S41192,Male,IT,85,71,72,9.03,0,5.7,0,Not At Risk
S41193,Male,Computer,89,68,84,9.52,0,3.9,0,Not At Risk
S41195,Male,Computer,96,74,62,9.49,0,4.9,0,Not At Risk
S41200,Female,IT,68,35,37,5.93,3,3.1,1,At Risk
S41215,Male,Computer,65,71,58,6.91,1,6.3,0,Not At Risk
S41217,Female,Computer,68,81,80,6.58,0,6.3,0,Not At Risk
S41223,Female,Computer,93,60,65,6.55,0,4.5,0,Not At Risk
S41224,Male,Computer,70,35,43,5.68,3,2.2,1,At Risk
S41225,Female,AI,62,37,64,5.58,2,1.4,1,At Risk
S41230,Male,AI,92,73,98,7.42,0,6.6,0,Not At Risk
S41232,Female,AI,70,73,83,9.56,0,7.4,0,Not At Risk
S41234,Female,IT,78,82,80,9.58,1,5.4,0,Not At Risk
S41236,Male,AI,99,70,71,7.67,1,7.9,0,Not At Risk
S41247,Female,Computer,85,63,96,9.42,0,7.3,0,Not At Risk
S41248,Male,Computer,95,75,95,7.31,0,7.3,0,Not At Risk
S41249,Male,AI,85,97,64,6.52,0,4.1,0,Not At Risk
S41263,Female,AI,99,95,61,7.83,0,4.3,0,Not At Risk
S41266,Male,IT,93,93,65,8.55,0,6.2,0,Not At Risk
S41278,Female,Computer,95,99,73,8.15,0,5.3,0,Not At Risk
S41286,Female,IT,70,71,61,9.93,1,4.7,0,Not At Risk
S41292,Female,Computer,52,44,64,5.41,3,1.7,1,At Risk
S41296,Male,Computer,67,53,39,5.76,3,1.5,1,At Risk
S41297,Female,Computer,74,55,98,9.55,0,5.9,0,Not At Risk
S41299,Female,Computer,67,62,60,6.18,2,2.3,1,At Risk
S41306,Female,Computer,52,41,58,6.35,2,1.8,1,At Risk
S41319,Female,IT,94,55,66,8.67,1,3.2,0,Not At Risk
S41323,Female,Computer,66,99,90,7.05,1,7.0,0,Not At Risk
S41335,Male,IT,96,65,88,7.85,0,3.2,0,Not At Risk
S41338,Male,AI,95,94,63,7.29,0,4.9,0,Not At Risk
S41343,Female,AI,56,47,58,6.52,3,3.5,1,At Risk
S41356,Male,IT,51,40,47,6.4,1,3.6,1,At Risk
S41357,Female,AI,51,53,69,6.6,1,1.6,1,At Risk
S41363,Female,Computer,88,79,65,8.85,0,4.8,0,Not At Risk
S41366,Male,IT,77,61,62,7.52,0,5.4,0,Not At Risk
S41371,Female,AI,83,79,74,7.26,0,6.7,0,Not At Risk
S41375,Female,Computer,70,42,47,5.18,3,2.5,1,At Risk
S41381,Female,Computer,95,57,65,9.65,0,3.5,0,Not At Risk
S41382,Male,IT,65,99,57,6.66,0,4.5,0,Not At Risk
S41389,Female,Computer,98,66,65,8.56,1,3.3,0,Not At Risk
S41396,Female,Computer,93,74,70,7.15,1,8.0,0,Not At Risk
S41403,Female,Computer,78,85,99,7.38,0,5.5,0,Not At Risk
S41404,Female,AI,94,82,88,9.58,0,3.9,0,Not At Risk
S41418,Male,IT,88,75,88,9.96,0,5.1,0,Not At Risk
S41420,Male,Computer,89,88,88,8.74,1,7.4,0,Not At Risk
S41425,Male,AI,77,56,82,9.67,1,3.6,0,Not At Risk
S41439,Male,AI,85,58,95,8.09,0,7.4,0,Not At Risk
S41446,Male,IT,68,62,70,4.84,1,2.7,1,At Risk
S41449,Male,Computer,100,73,79,9.11,0,3.1,0,Not At Risk
S41455,Male,Computer,82,79,88,7.59,0,7.0,0,Not At Risk
S41456,Female,Computer,82,90,81,7.64,0,5.0,0,Not At Risk
S41457,Male,AI,56,42,63,5.2,3,1.8,1,At Risk
S41459,Female,Computer,47,58,70,5.77,1,2.6,1,At Risk
S41461,Female,IT,77,78,66,8.52,0,3.3,0,Not At Risk
S41463,Female,AI,75,65,57,8.33,0,6.4,0,Not At Risk
S41469,Female,Computer,62,55,60,6.59,3,3.0,1,At Risk
S41471,Female,Computer,68,68,86,9.6,0,4.4,0,Not At Risk
S41474,Female,Computer,84,58,86,6.67,1,4.5,0,Not At Risk
S41476,Male,IT,80,86,80,8.85,0,6.5,0,Not At Risk
S41480,Male,IT,93,82,64,7.19,0,3.8,0,Not At Risk
S41482,Female,AI,97,89,95,8.82,1,6.3,0,Not At Risk
S41483,Female,Computer,99,62,87,9.79,0,5.6,0,Not At Risk
S41484,Female,IT,67,85,80,7.46,0,5.1,0,Not At Risk
S41486,Female,IT,89,69,76,9.15,1,5.9,0,Not At Risk
S41494,Female,Computer,65,80,61,7.88,0,4.3,0,Not At Risk
S41496,Female,Computer,51,38,53,5.44,3,2.6,1,At Risk
S41510,Male,IT,87,69,78,7.84,1,8.0,0,Not At Risk
S41512,Male,Computer,88,77,83,8.52,0,6.5,0,Not At Risk
S41519,Male,IT,72,64,63,7.85,0,3.3,0,Not At Risk
S41520,Male,IT,76,83,84,7.63,0,3.7,0,Not At Risk
S41526,Male,Computer,88,92,60,7.19,0,4.1,0,Not At Risk
S41527,Male,IT,85,57,63,8.78,0,7.5,0,Not At Risk
S41531,Male,IT,65,83,57,8.23,0,5.4,0,Not At Risk
S41533,Male,Computer,67,87,87,8.95,0,3.4,0,Not At Risk
S41545,Female,Computer,69,79,76,7.71,0,3.8,0,Not At Risk
S41549,Male,Computer,71,85,85,9.56,0,3.2,0,Not At Risk
S41553,Female,AI,82,88,100,9.18,1,3.4,0,Not At Risk
S41557,Male,AI,69,56,79,9.19,0,4.0,0,Not At Risk
S41559,Female,Computer,76,84,92,9.65,0,5.5,0,Not At Risk
S41568,Male,AI,85,75,65,7.42,0,5.1,0,Not At Risk
S41569,Female,IT,100,63,100,9.71,0,4.5,0,Not At Risk
S41570,Male,IT,47,65,48,6.7,2,2.0,1,At Risk
S41573,Male,Computer,91,82,70,7.5,1,6.8,0,Not At Risk
S41574,Female,Computer,77,69,71,8.59,0,6.1,0,Not At Risk
S41584,Male,IT,88,74,68,7.01,0,6.9,0,Not At Risk
S41589,Male,AI,89,55,100,7.41,1,3.2,0,Not At Risk
S41595,Female,AI,100,57,69,9.9,1,3.7,0,Not At Risk
S41597,Male,AI,91,81,76,9.19,0,7.4,0,Not At Risk
S41604,Female,Computer,65,80,70,7.84,0,5.4,0,Not At Risk
S41609,Male,AI,80,98,100,7.6,0,5.7,0,Not At Risk
S41613,Female,Computer,83,91,67,9.52,0,5.8,0,Not At Risk
S41622,Male,Computer,68,79,74,7.52,1,5.2,0,Not At Risk
S41626,Male,IT,80,94,87,9.99,0,7.1,0,Not At Risk
S41629,Male,AI,85,97,75,9.07,0,3.7,0,Not At Risk
S41632,Female,AI,100,75,76,7.95,0,7.3,0,Not At Risk
S41638,Male,AI,85,93,79,7.67,0,5.4,0,Not At Risk
S41640,Female,AI,71,65,95,8.73,0,4.3,0,Not At Risk
S41642,Male,Computer,65,83,97,9.83,1,4.3,0,Not At Risk
S41656,Male,Computer,50,62,40,6.03,1,1.2,1,At Risk
S41662,Female,AI,96,79,60,7.16,0,6.8,0,Not At Risk
S41664,Male,AI,87,67,65,8.89,1,3.6,0,Not At Risk
S41665,Male,IT,100,61,58,6.96,0,5.0,0,Not At Risk
S41670,Male,AI,89,86,86,9.82,0,4.3,0,Not At Risk
S41671,Female,Computer,57,42,66,5.77,3,3.4,1,At Risk
S41673,Male,Computer,82,71,89,7.37,0,6.0,0,Not At Risk
S41674,Male,IT,85,89,59,9.27,0,6.8,0,Not At Risk
S41683,Female,IT,87,55,77,8.86,0,6.7,0,Not At Risk
S41686,Male,Computer,94,86,73,7.96,0,3.7,0,Not At Risk
S41688,Female,Computer,68,83,85,8.93,0,7.4,0,Not At Risk
S41689,Female,Computer,68,42,51,4.86,3,1.2,1,At Risk
S41691,Male,AI,82,61,76,8.51,0,5.0,0,Not At Risk
S41698,Female,IT,69,79,93,8.85,1,4.5,0,Not At Risk
S41715,Female,Computer,97,85,100,6.86,0,5.5,0,Not At Risk
S41720,Female,IT,87,86,64,6.76,0,6.6,0,Not At Risk
S41721,Male,IT,69,61,42,6.62,2,2.8,1,At Risk
S41731,Male,IT,93,57,96,9.17,0,3.9,0,Not At Risk
S41737,Male,AI,95,85,55,9.44,0,7.7,0,Not At Risk
S41739,Male,AI,76,77,58,9.55,0,5.6,0,Not At Risk
S41742,Male,AI,69,51,39,6.55,1,3.1,1,At Risk
S41749,Female,IT,72,63,62,9.96,1,4.7,0,Not At Risk
S41754,Male,Computer,93,92,96,9.65,0,3.4,0,Not At Risk
S41757,Male,IT,80,98,99,7.44,0,6.6,0,Not At Risk
S41766,Male,Computer,69,55,86,7.48,0,5.5,0,Not At Risk
S41767,Male,AI,78,77,80,7.64,0,7.1,0,Not At Risk
S41770,Male,Computer,80,69,58,9.17,0,3.9,0,Not At Risk
S41772,Female,IT,84,60,75,9.5,0,5.6,0,Not At Risk
S41778,Male,IT,84,96,66,9.89,0,3.5,0,Not At Risk
S41779,Male,AI,91,55,85,6.69,0,7.6,0,Not At Risk
S41789,Female,AI,63,45,43,5.47,1,3.1,1,At Risk
S41790,Male,AI,48,51,44,5.16,2,4.0,1,At Risk
S41791,Male,Computer,85,76,92,8.3,0,4.0,0,Not At Risk
S41792,Male,Computer,66,92,67,9.28,0,3.1,0,Not At Risk
S41795,Female,Computer,91,90,97,6.53,0,7.8,0,Not At Risk
S41798,Female,AI,70,54,46,5.17,2,3.9,1,At Risk
S41800,Female,AI,67,48,64,4.85,3,2.5,1,At Risk
S41801,Female,IT,86,100,89,9.44,0,3.2,0,Not At Risk
S41808,Male,Computer,96,74,78,9.45,0,3.6,0,Not At Risk
S41813,Female,Computer,91,64,92,8.58,1,6.7,0,Not At Risk
S41814,Female,AI,67,68,75,7.67,0,6.1,0,Not At Risk
S41815,Female,IT,88,80,96,7.7,1,6.9,0,Not At Risk
S41823,Female,Computer,67,93,99,9.36,1,4.4,0,Not At Risk
S41825,Male,AI,48,61,47,6.06,3,4.0,1,At Risk
S41826,Female,Computer,77,96,67,9.27,1,5.1,0,Not At Risk
S41832,Female,Computer,75,56,80,9.14,0,3.7,0,Not At Risk
S41835,Male,Computer,89,59,69,9.7,0,5.5,0,Not At Risk
S41840,Male,AI,50,60,62,5.34,2,3.8,1,At Risk
S41846,Female,IT,49,51,41,6.41,3,1.5,1,At Risk
S41847,Female,IT,95,76,76,8.65,1,7.6,0,Not At Risk
S41850,Male,IT,86,66,89,7.0,0,6.6,0,Not At Risk
S41861,Female,AI,94,72,96,9.73,0,5.0,0,Not At Risk
S41866,Male,IT,74,100,84,8.08,1,3.1,0,Not At Risk
S41868,Male,AI,93,61,59,6.56,0,6.2,0,Not At Risk
S41876,Male,Computer,74,89,90,8.49,0,4.2,0,Not At Risk
S41880,Male,IT,53,51,37,5.47,1,2.9,1,At Risk
S41885,Male,Computer,50,44,58,6.13,3,2.3,1,At Risk
S41886,Female,Computer,79,66,89,8.38,0,5.1,0,Not At Risk
S41891,Female,IT,46,57,40,6.2,1,2.2,1,At Risk
S41892,Male,AI,76,83,71,7.83,0,5.9,0,Not At Risk
S41900,Female,AI,98,91,89,7.31,1,6.9,0,Not At Risk
S41903,Male,Computer,77,72,92,9.75,0,7.9,0,Not At Risk
S41904,Female,IT,84,94,72,7.64,0,4.0,0,Not At Risk
S41910,Male,Computer,81,80,98,8.71,0,5.2,0,Not At Risk
S41911,Female,AI,78,70,89,9.91,0,6.3,0,Not At Risk
S41915,Female,AI,79,88,90,9.76,0,5.2,0,Not At Risk
S41918,Female,IT,68,95,86,7.52,1,5.8,0,Not At Risk
S41920,Male,Computer,95,66,74,8.16,0,6.9,0,Not At Risk
S41924,Female,Computer,71,75,89,9.13,0,4.5,0,Not At Risk
S41926,Male,Computer,95,92,86,6.93,1,4.1,0,Not At Risk
S41931,Male,IT,85,91,71,9.19,0,7.4,0,Not At Risk
S41943,Male,IT,65,40,59,6.06,1,2.8,1,At Risk
S41944,Female,IT,86,100,62,8.17,0,3.4,0,Not At Risk
S41945,Female,AI,77,97,62,9.33,1,3.3,0,Not At Risk
S41955,Male,Computer,74,86,87,8.83,0,4.6,0,Not At Risk
S41961,Female,IT,65,61,97,8.24,1,7.3,0,Not At Risk
S41967,Female,Computer,89,86,82,8.02,0,6.2,0,Not At Risk
S41975,Female,AI,71,63,77,9.14,0,4.8,0,Not At Risk
S41977,Male,IT,67,89,67,7.61,0,6.6,0,Not At Risk
S41983,Male,AI,78,73,94,7.05,0,5.6,0,Not At Risk
S41985,Male,AI,97,93,92,7.87,0,3.1,0,Not At Risk
S41991,Male,AI,81,100,83,9.96,1,6.8,0,Not At Risk
S41993,Female,Computer,53,46,42,6.79,2,1.9,1,At Risk
S41999,Male,IT,96,77,91,9.19,1,3.3,0,Not At Risk
S42003,Female,Computer,100,73,83,6.82,0,7.9,0,Not At Risk
S42016,Male,AI,68,43,53,5.73,3,1.1,1,At Risk
S42018,Female,IT,95,98,55,8.93,0,6.0,0,Not At Risk
S42021,Male,AI,84,58,81,9.93,0,7.9,0,Not At Risk
S42022,Male,Computer,68,86,94,9.18,0,7.1,0,Not At Risk
S42024,Female,Computer,83,83,77,9.62,0,7.1,0,Not At Risk
S42040,Female,IT,70,82,59,9.56,0,6.1,0,Not At Risk
S42053,Male,Computer,67,95,64,8.23,1,4.3,0,Not At Risk
S42061,Male,Computer,70,93,62,7.65,0,7.8,0,Not At Risk
S42082,Female,IT,79,82,70,9.73,0,6.7,0,Not At Risk
S42083,Male,AI,56,51,49,5.08,3,1.8,1,At Risk
S42087,Male,IT,68,84,92,8.75,0,7.8,0,Not At Risk
S42090,Male,AI,89,63,74,9.43,0,7.9,0,Not At Risk
S42091,Female,IT,51,43,70,5.7,1,3.7,1,At Risk
S42092,Female,AI,90,66,77,7.64,0,6.8,0,Not At Risk
S42099,Female,IT,82,59,79,7.16,0,4.6,0,Not At Risk
S42127,Female,Computer,48,58,35,6.33,1,2.9,1,At Risk
S42130,Female,AI,71,59,95,8.8,1,7.2,0,Not At Risk
S42132,Female,Computer,61,47,63,5.15,3,2.8,1,At Risk
S42138,Male,AI,69,46,55,5.45,3,1.0,1,At Risk
S42139,Female,IT,81,77,92,9.43,0,4.0,0,Not At Risk
S42152,Female,IT,84,100,65,9.44,1,3.1,0,Not At Risk
S42157,Female,AI,53,52,51,5.56,2,1.5,1,At Risk
S42164,Male,IT,76,90,84,7.63,0,6.5,0,Not At Risk
S42168,Male,AI,50,58,58,6.09,2,4.0,1,At Risk
S42169,Male,Computer,97,90,77,7.12,1,6.7,0,Not At Risk
S42173,Female,AI,80,62,78,8.87,0,4.1,0,Not At Risk
S42185,Male,Computer,93,65,99,7.09,1,3.6,0,Not At Risk
S42187,Male,IT,92,56,88,6.93,1,4.8,0,Not At Risk
S42191,Male,IT,78,81,99,7.9,0,6.4,0,Not At Risk
S42196,Female,IT,78,72,85,8.67,0,7.2,0,Not At Risk
S42199,Male,AI,85,89,60,8.3,1,3.3,0,Not At Risk
S42202,Male,Computer,85,60,91,8.06,0,7.3,0,Not At Risk
S42211,Male,Computer,94,58,79,9.29,0,5.1,0,Not At Risk
S42216,Female,AI,69,66,81,7.38,0,7.6,0,Not At Risk
S42221,Female,Computer,49,65,42,6.1,1,2.9,1,At Risk
S42228,Male,AI,96,74,74,7.67,0,5.2,0,Not At Risk
S42232,Male,Computer,91,65,76,7.4,0,6.4,0,Not At Risk
S42237,Male,AI,54,57,49,5.84,3,1.2,1,At Risk
S42238,Male,IT,96,71,77,7.42,1,7.4,0,Not At Risk
S42240,Female,Computer,90,73,91,9.41,0,4.2,0,Not At Risk
S42246,Male,AI,64,44,66,5.52,1,3.4,1,At Risk
S42260,Female,IT,45,45,46,5.86,3,1.8,1,At Risk
S42263,Female,IT,98,74,94,6.78,0,6.2,0,Not At Risk
S42271,Female,Computer,82,73,71,8.44,0,6.3,0,Not At Risk
S42272,Male,AI,82,83,56,9.34,0,6.6,0,Not At Risk
S42278,Male,AI,96,84,87,9.78,0,5.3,0,Not At Risk
S42279,Female,Computer,67,60,69,5.29,1,1.7,1,At Risk
S42281,Male,AI,79,77,97,9.84,1,5.6,0,Not At Risk
S42284,Male,AI,69,40,37,5.57,2,2.2,1,At Risk
S42286,Male,AI,96,81,84,9.87,0,6.7,0,Not At Risk
S42290,Male,Computer,68,100,91,8.8,0,4.0,0,Not At Risk
S42291,Female,IT,76,91,90,8.72,0,7.3,0,Not At Risk
S42298,Female,IT,88,72,90,9.09,0,3.9,0,Not At Risk
S42299,Male,AI,54,56,53,5.84,1,2.1,1,At Risk
S42307,Male,AI,85,70,70,6.9,0,6.4,0,Not At Risk
S42312,Male,Computer,68,95,89,8.98,0,4.8,0,Not At Risk
S42318,Female,Computer,92,95,59,7.91,0,7.8,0,Not At Risk
S42324,Female,Computer,100,66,87,9.9,1,6.1,0,Not At Risk
S42337,Male,Computer,84,55,71,7.76,0,5.6,0,Not At Risk
S42338,Male,Computer,70,65,94,9.7,0,3.8,0,Not At Risk
S42345,Female,AI,99,91,66,6.99,1,4.3,0,Not At Risk
S42348,Male,IT,83,97,78,7.47,0,6.9,0,Not At Risk
S42360,Female,AI,82,69,62,7.37,1,3.3,0,Not At Risk
S42364,Female,Computer,65,87,58,6.72,1,6.5,0,Not At Risk
S42365,Female,IT,96,74,100,9.12,0,3.3,0,Not At Risk
S42371,Male,AI,66,36,70,6.58,3,1.6,1,At Risk
S42372,Male,Computer,96,91,58,7.68,0,4.7,0,Not At Risk
S42377,Female,Computer,99,60,93,8.19,0,4.4,0,Not At Risk
S42379,Male,AI,68,84,76,7.44,0,7.2,0,Not At Risk
S42384,Male,Computer,66,59,60,8.92,0,5.9,0,Not At Risk
S42388,Female,Computer,75,95,82,8.43,0,4.1,0,Not At Risk
S42393,Female,Computer,92,78,97,9.66,0,6.7,0,Not At Risk
S42395,Female,AI,80,60,92,7.2,0,7.5,0,Not At Risk
S42400,Female,IT,72,74,68,9.75,0,6.4,0,Not At Risk
S42418,Female,Computer,94,90,92,7.99,0,4.1,0,Not At Risk
S42429,Male,Computer,85,92,99,8.11,0,3.4,0,Not At Risk
S42434,Female,IT,98,76,55,9.87,0,6.6,0,Not At Risk
S42437,Female,IT,45,61,53,6.65,2,1.7,1,At Risk
S42440,Female,AI,55,50,43,6.8,3,2.1,1,At Risk
S42449,Male,Computer,82,87,88,8.74,1,3.1,0,Not At Risk
S42452,Male,Computer,85,60,87,8.07,0,5.8,0,Not At Risk
S42459,Male,IT,70,75,73,7.87,0,3.4,0,Not At Risk
S42462,Male,AI,75,74,70,8.71,0,4.6,0,Not At Risk
S42463,Female,AI,91,60,99,8.84,1,4.6,0,Not At Risk
S42466,Female,AI,74,57,78,7.76,0,7.6,0,Not At Risk
S42467,Male,IT,98,82,59,7.24,0,5.0,0,Not At Risk
S42469,Female,IT,87,93,84,8.97,0,7.0,0,Not At Risk
S42492,Female,AI,91,72,64,6.87,0,3.5,0,Not At Risk
S42499,Male,Computer,68,80,82,6.85,1,3.4,0,Not At Risk
S42509,Male,AI,86,68,78,7.85,0,4.3,0,Not At Risk
S42512,Female,Computer,96,88,67,8.5,0,5.3,0,Not At Risk
S42515,Female,AI,97,59,88,8.6,0,3.6,0,Not At Risk
S42516,Male,AI,73,81,89,7.83,0,7.8,0,Not At Risk
S42523,Male,AI,70,53,69,5.57,2,2.3,1,At Risk
S42526,Male,IT,95,62,83,7.67,0,3.1,0,Not At Risk
S42528,Female,AI,71,60,78,8.52,0,4.7,0,Not At Risk
S42543,Female,AI,98,55,88,6.87,0,4.8,0,Not At Risk
S42545,Male,Computer,68,87,62,8.81,0,6.5,0,Not At Risk
S42547,Female,IT,48,39,70,6.34,1,1.0,1,At Risk
S42552,Male,AI,98,95,59,8.67,0,4.9,0,Not At Risk
S42553,Female,AI,78,100,72,8.92,0,5.8,0,Not At Risk
S42558,Male,Computer,63,41,41,4.93,1,2.8,1,At Risk
S42561,Male,AI,49,59,70,4.97,2,3.2,1,At Risk
S42563,Male,IT,82,99,69,6.65,0,3.9,0,Not At Risk
S42568,Male,Computer,62,61,45,6.51,1,1.6,1,At Risk
S42586,Female,AI,82,90,79,7.68,0,3.4,0,Not At Risk
S42598,Female,Computer,75,59,98,8.32,0,4.8,0,Not At Risk
S42600,Female,AI,59,51,46,5.58,1,3.4,1,At Risk
S42602,Male,AI,77,75,57,8.51,0,4.4,0,Not At Risk
S42615,Female,AI,78,93,59,7.68,0,4.9,0,Not At Risk
S42619,Female,AI,72,95,100,8.08,1,7.7,0,Not At Risk
S42623,Male,Computer,75,79,61,8.2,0,7.9,0,Not At Risk
S42624,Male,AI,92,88,78,7.17,1,7.0,0,Not At Risk
S42626,Female,AI,87,100,70,6.84,0,5.2,0,Not At Risk
S42629,Female,IT,69,57,90,7.33,0,5.2,0,Not At Risk
S42643,Male,AI,53,50,70,5.68,2,1.9,1,At Risk
S42650,Male,AI,46,41,41,5.89,1,2.8,1,At Risk
S42651,Female,IT,63,62,38,5.52,3,2.7,1,At Risk
S42656,Male,AI,67,57,97,7.52,0,6.1,0,Not At Risk
S42660,Female,IT,85,79,84,9.64,0,6.1,0,Not At Risk
S42668,Female,Computer,95,57,90,7.93,0,5.5,0,Not At Risk
S42686,Female,Computer,45,57,50,5.36,3,3.3,1,At Risk
S42687,Male,AI,99,56,83,6.54,0,4.2,0,Not At Risk
S42688,Female,Computer,55,48,64,5.68,1,3.3,1,At Risk
S42692,Male,Computer,77,65,88,9.31,0,4.8,0,Not At Risk
S42704,Male,Computer,49,63,44,6.43,1,2.6,1,At Risk
S42707,Male,AI,94,85,88,6.53,0,7.0,0,Not At Risk
S42712,Female,AI,53,38,39,6.22,2,3.1,1,At Risk
S42738,Female,Computer,83,82,100,7.21,1,6.5,0,Not At Risk
S42744,Female,Computer,58,53,63,5.64,2,2.3,1,At Risk
S42745,Male,Computer,57,40,48,5.28,1,2.3,1,At Risk
S42750,Female,Computer,65,65,57,7.61,0,6.8,0,Not At Risk
S42759,Male,AI,83,66,70,9.87,0,4.8,0,Not At Risk
S42760,Female,Computer,53,36,66,5.06,3,2.4,1,At Risk
S42763,Male,Computer,66,58,55,7.1,1,3.4,0,Not At Risk
S42773,Female,Computer,95,87,97,9.66,0,4.0,0,Not At Risk
S42776,Male,AI,95,86,60,7.43,0,3.6,0,Not At Risk
S42780,Male,Computer,95,99,65,9.81,0,7.8,0,Not At Risk
S42784,Female,Computer,86,92,79,7.56,0,3.4,0,Not At Risk
S42788,Female,AI,89,94,58,8.03,0,5.2,0,Not At Risk
S42790,Male,AI,77,87,58,8.81,0,7.4,0,Not At Risk
S42791,Female,AI,74,98,64,7.46,0,5.2,0,Not At Risk
S42793,Female,IT,74,80,85,9.57,0,7.5,0,Not At Risk
S42805,Male,IT,92,94,78,8.45,0,6.7,0,Not At Risk
S42807,Male,IT,49,47,67,5.24,3,4.0,1,At Risk
S42808,Male,AI,74,69,67,7.88,1,4.1,0,Not At Risk
S42812,Female,IT,87,83,83,7.81,0,7.3,0,Not At Risk
S42813,Female,IT,73,62,98,7.39,1,5.5,0,Not At Risk
S42816,Male,Computer,79,77,94,6.67,1,3.0,0,Not At Risk
S42817,Male,IT,100,94,89,7.13,0,5.2,0,Not At Risk
S42827,Female,AI,59,43,66,6.21,2,2.0,1,At Risk
S42828,Male,AI,76,82,83,9.9,0,3.3,0,Not At Risk
S42838,Female,IT,97,78,60,6.52,0,7.1,0,Not At Risk
S42839,Female,IT,86,92,74,7.25,0,7.4,0,Not At Risk
S42841,Female,Computer,66,83,95,8.88,0,3.2,0,Not At Risk
S42846,Female,IT,94,69,90,9.46,0,5.3,0,Not At Risk
S42848,Male,AI,45,64,62,6.72,2,2.6,1,At Risk
S42849,Male,AI,86,57,96,7.42,0,7.0,0,Not At Risk
S42853,Male,IT,92,82,77,8.25,0,5.9,0,Not At Risk
S42855,Female,Computer,93,61,57,9.98,1,5.7,0,Not At Risk
S42857,Male,AI,69,75,81,9.06,1,6.1,0,Not At Risk
S42861,Male,IT,73,85,70,9.09,0,7.9,0,Not At Risk
S42866,Male,AI,92,67,86,9.7,1,3.5,0,Not At Risk
S42881,Female,Computer,93,95,86,6.5,0,4.8,0,Not At Risk
S42882,Female,Computer,60,53,40,5.2,2,3.0,1,At Risk
S42883,Male,Computer,67,95,84,9.6,0,6.2,0,Not At Risk
S42887,Female,IT,90,87,83,7.34,1,3.5,0,Not At Risk
S42894,Male,IT,48,39,61,5.44,2,2.4,1,At Risk
S42900,Male,Computer,87,57,91,9.99,1,3.7,0,Not At Risk
S42901,Male,Computer,89,56,90,9.99,0,5.2,0,Not At Risk
S42927,Male,Computer,85,92,94,7.57,0,3.8,0,Not At Risk
S42928,Female,AI,83,59,66,9.34,0,5.1,0,Not At Risk
S42937,Female,Computer,91,78,91,7.38,0,3.8,0,Not At Risk
S42940,Male,IT,69,73,78,7.12,0,5.6,0,Not At Risk
S42942,Female,IT,89,71,77,7.06,0,7.8,0,Not At Risk
S42944,Male,Computer,66,73,69,7.99,0,6.1,0,Not At Risk
S42958,Male,IT,83,75,95,8.44,0,4.3,0,Not At Risk
S42971,Female,Computer,72,58,90,8.75,0,4.2,0,Not At Risk
S42990,Female,Computer,97,68,92,8.09,0,4.7,0,Not At Risk
S42992,Female,Computer,86,81,87,7.31,1,3.9,0,Not At Risk
S42998,Female,Computer,96,75,84,9.73,0,6.8,0,Not At Risk
S42999,Male,AI,60,50,46,6.04,2,3.9,1,At Risk
S43001,Male,IT,61,37,37,5.63,2,3.8,1,At Risk
S43016,Female,AI,98,100,77,8.17,0,4.1,0,Not At Risk
S43017,Female,IT,83,85,55,9.65,0,7.3,0,Not At Risk
S43018,Male,IT,99,73,94,7.52,0,4.9,0,Not At Risk
S43023,Male,Computer,53,50,40,6.02,3,3.5,1,At Risk
S43038,Female,AI,96,62,63,8.49,0,3.5,0,Not At Risk
S43044,Male,AI,72,67,77,7.83,1,4.7,0,Not At Risk
S43046,Male,Computer,65,64,47,5.09,3,2.4,1,At Risk
S43049,Female,Computer,47,48,64,6.17,2,3.0,1,At Risk
S43050,Male,AI,93,59,84,8.74,0,6.1,0,Not At Risk
S43053,Male,IT,79,78,88,9.49,0,4.6,0,Not At Risk
S43057,Female,Computer,49,60,62,5.71,3,3.7,1,At Risk
S43060,Male,IT,84,78,57,9.8,0,5.6,0,Not At Risk
S43061,Male,IT,65,62,82,8.93,0,3.0,0,Not At Risk
S43066,Female,AI,54,44,47,6.63,2,2.9,1,At Risk
S43074,Male,Computer,67,94,88,8.9,0,7.3,0,Not At Risk
S43086,Male,IT,100,58,69,9.73,0,7.8,0,Not At Risk
S43091,Male,AI,66,99,81,8.57,1,6.0,0,Not At Risk
S43099,Male,IT,65,65,90,6.62,0,7.2,0,Not At Risk
S43102,Female,IT,76,60,60,9.93,0,6.6,0,Not At Risk
S43103,Male,IT,89,89,60,7.53,0,7.8,0,Not At Risk
S43104,Male,Computer,93,62,73,7.67,0,7.6,0,Not At Risk
S43105,Female,AI,85,90,66,6.81,0,7.7,0,Not At Risk
S43107,Female,Computer,73,93,64,7.23,0,7.2,0,Not At Risk
S43120,Female,Computer,81,88,65,7.08,0,6.9,0,Not At Risk
S43123,Male,IT,88,92,98,7.17,1,7.8,0,Not At Risk
S43125,Male,AI,92,57,60,8.46,0,3.6,0,Not At Risk
S43137,Male,AI,85,90,56,7.41,1,5.4,0,Not At Risk
S43140,Male,AI,62,54,45,6.37,3,3.6,1,At Risk
S43141,Male,IT,74,85,100,8.21,1,7.3,0,Not At Risk
S43149,Female,IT,98,78,74,9.45,1,6.8,0,Not At Risk
S43169,Male,IT,47,54,66,6.79,3,1.6,1,At Risk
S43178,Male,IT,87,90,66,7.66,0,5.5,0,Not At Risk
S43180,Male,Computer,78,70,97,8.88,0,5.0,0,Not At Risk
S43181,Male,Computer,99,92,69,9.41,0,5.4,0,Not At Risk
S43185,Male,IT,90,76,91,9.12,0,4.8,0,Not At Risk
S43186,Male,IT,96,61,87,9.15,0,3.4,0,Not At Risk
S43188,Male,Computer,67,67,55,8.89,0,5.0,0,Not At Risk
S43193,Female,IT,79,69,96,9.2,0,4.8,0,Not At Risk
S43199,Male,IT,84,96,74,6.81,1,5.4,0,Not At Risk
S43201,Male,Computer,57,37,49,5.33,3,2.8,1,At Risk
S43208,Female,Computer,100,91,98,8.47,0,7.9,0,Not At Risk
S43209,Male,Computer,80,98,96,8.4,0,6.7,0,Not At Risk
S43212,Male,AI,91,95,76,8.55,0,4.4,0,Not At Risk
S43217,Male,AI,80,63,68,7.85,0,7.4,0,Not At Risk
S43222,Female,AI,94,78,84,8.02,1,7.6,0,Not At Risk
S43228,Female,AI,92,80,66,7.53,0,5.7,0,Not At Risk
S43235,Female,AI,96,95,74,8.97,1,4.1,0,Not At Risk
S43237,Male,AI,79,99,66,9.4,0,3.8,0,Not At Risk
S43244,Female,IT,65,62,75,9.53,0,6.2,0,Not At Risk
S43246,Male,IT,99,75,77,9.11,0,4.2,0,Not At Risk
S43257,Male,IT,67,36,55,5.65,2,1.7,1,At Risk
S43262,Male,IT,45,41,54,5.22,2,2.7,1,At Risk
S43279,Female,Computer,78,88,77,7.51,0,7.2,0,Not At Risk
S43288,Female,IT,65,62,51,5.76,3,2.1,1,At Risk
S43291,Female,AI,89,67,56,9.56,0,7.8,0,Not At Risk
S43296,Female,AI,69,64,61,5.16,3,2.8,1,At Risk
S43298,Male,IT,87,59,74,7.98,0,3.3,0,Not At Risk
S43299,Male,AI,73,56,92,9.26,0,6.9,0,Not At Risk
S43301,Female,AI,83,79,78,8.83,0,7.2,0,Not At Risk
S43303,Female,AI,68,65,77,6.98,0,5.6,0,Not At Risk
S43305,Male,IT,65,51,42,6.21,3,2.1,1,At Risk
S43309,Female,AI,61,59,57,5.68,3,2.4,1,At Risk
S43313,Male,Computer,85,99,78,9.34,0,5.1,0,Not At Risk
S43325,Female,AI,69,35,41,6.68,2,1.5,1,At Risk
S43326,Female,AI,70,60,70,6.38,2,3.9,1,At Risk
S43331,Female,AI,77,86,61,7.87,0,6.1,0,Not At Risk
S43333,Male,AI,62,35,50,6.17,3,2.4,1,At Risk
S43335,Female,IT,72,80,93,6.68,0,3.3,0,Not At Risk
S43340,Male,IT,71,77,69,8.55,0,4.2,0,Not At Risk
S43342,Female,IT,88,61,71,7.37,0,3.3,0,Not At Risk
S43343,Male,AI,75,67,96,7.8,0,5.8,0,Not At Risk
S43349,Female,AI,87,68,76,7.1,0,4.0,0,Not At Risk
S43354,Male,AI,55,59,62,6.71,3,2.5,1,At Risk
S43357,Male,IT,93,69,68,7.83,1,3.5,0,Not At Risk
S43366,Male,IT,68,62,51,5.8,3,2.3,1,At Risk
S43371,Male,AI,99,55,95,7.01,0,5.6,0,Not At Risk
S43389,Male,IT,94,64,75,6.9,0,4.3,0,Not At Risk
S43390,Female,Computer,75,87,97,8.86,0,7.6,0,Not At Risk
S43391,Female,AI,98,63,62,7.03,0,4.0,0,Not At Risk
S43396,Female,IT,65,92,63,9.71,0,7.0,0,Not At Risk
S43402,Male,AI,89,98,88,9.46,0,7.3,0,Not At Risk
S43405,Male,IT,77,75,67,7.64,1,5.3,0,Not At Risk
S43415,Female,Computer,49,47,36,4.89,2,3.9,1,At Risk
S43416,Female,Computer,49,51,56,6.56,2,1.7,1,At Risk
S43417,Female,Computer,91,69,80,6.69,0,5.4,0,Not At Risk
S43419,Female,AI,82,86,66,9.14,0,3.4,0,Not At Risk
S43422,Male,AI,70,63,89,9.77,0,4.0,0,Not At Risk
S43425,Male,IT,64,35,43,6.67,1,3.8,1,At Risk
S43432,Female,Computer,88,90,78,8.92,1,3.8,0,Not At Risk
S43434,Female,Computer,70,95,88,7.0,1,6.4,0,Not At Risk
S43435,Female,AI,82,72,98,9.63,1,8.0,0,Not At Risk
S43437,Female,AI,68,59,98,7.33,0,3.6,0,Not At Risk
S43438,Female,IT,71,63,80,7.01,0,5.8,0,Not At Risk
S43443,Male,AI,74,86,70,6.95,0,3.5,0,Not At Risk
S43445,Male,AI,100,88,72,9.73,0,5.4,0,Not At Risk
S43449,Male,AI,81,96,96,6.9,0,5.0,0,Not At Risk
S43451,Male,Computer,83,55,94,8.08,1,7.1,0,Not At Risk
S43453,Female,AI,71,64,67,9.82,1,3.8,0,Not At Risk
S43454,Female,Computer,95,82,59,7.51,1,4.0,0,Not At Risk
S43457,Female,AI,67,65,60,9.45,1,3.6,0,Not At Risk
S43467,Male,AI,98,77,82,8.84,0,6.8,0,Not At Risk
S43474,Male,Computer,95,91,93,9.65,0,3.5,0,Not At Risk
S43480,Female,Computer,65,64,50,5.33,1,3.2,1,At Risk
S43486,Male,Computer,75,67,80,8.87,1,7.6,0,Not At Risk
S43491,Male,IT,99,92,74,8.11,1,7.4,0,Not At Risk
S43497,Female,AI,60,54,44,6.68,3,3.2,1,At Risk
S43508,Female,IT,71,65,98,7.89,0,8.0,0,Not At Risk
S43510,Female,AI,60,61,53,4.86,2,3.1,1,At Risk
S43514,Male,AI,86,69,91,8.69,1,5.5,0,Not At Risk
S43515,Female,IT,66,57,63,6.31,3,1.9,1,At Risk
S43517,Male,AI,70,81,87,9.71,0,7.5,0,Not At Risk
S43518,Male,Computer,77,64,67,7.02,0,6.0,0,Not At Risk
S43521,Female,IT,77,56,96,7.53,1,6.6,0,Not At Risk
S43528,Male,IT,81,97,59,7.63,0,4.8,0,Not At Risk
S43535,Female,Computer,76,72,67,7.66,0,7.5,0,Not At Risk
S43544,Male,AI,78,85,62,8.81,0,6.9,0,Not At Risk
S43546,Male,IT,68,64,98,7.09,0,3.0,0,Not At Risk
S43558,Male,AI,70,56,69,9.48,1,6.2,0,Not At Risk
S43566,Female,AI,88,58,90,9.64,0,6.1,0,Not At Risk
S43577,Female,IT,90,66,71,6.8,0,5.1,0,Not At Risk
S43582,Female,IT,46,65,37,6.59,2,1.5,1,At Risk
S43585,Female,IT,63,46,66,6.62,2,3.8,1,At Risk
S43586,Female,Computer,92,86,97,6.94,0,6.6,0,Not At Risk
S43587,Female,AI,99,63,76,9.11,1,3.6,0,Not At Risk
S43590,Female,AI,85,89,80,6.74,0,3.4,0,Not At Risk
S43609,Male,AI,81,56,66,7.07,0,5.1,0,Not At Risk
S43616,Female,Computer,65,55,80,8.07,1,6.4,0,Not At Risk
S43618,Female,IT,70,49,59,6.29,1,1.6,1,At Risk
S43626,Female,AI,71,92,91,9.54,0,5.3,0,Not At Risk
S43627,Male,Computer,65,70,56,8.38,0,4.2,0,Not At Risk
S43632,Female,IT,66,40,63,6.79,3,3.1,1,At Risk
S43636,Female,IT,90,99,55,9.4,0,6.3,0,Not At Risk
S43645,Female,IT,97,82,67,9.04,0,6.0,0,Not At Risk
S43647,Female,IT,99,99,81,6.92,0,5.3,0,Not At Risk
S43655,Male,Computer,79,62,65,9.24,1,3.6,0,Not At Risk
S43668,Female,IT,80,64,79,8.32,0,3.5,0,Not At Risk
S43671,Female,Computer,70,58,81,6.73,0,5.5,0,Not At Risk
S43681,Male,IT,96,62,73,9.66,0,5.9,0,Not At Risk
S43687,Female,IT,60,57,63,6.11,3,2.1,1,At Risk
S43688,Male,IT,69,67,72,7.32,0,3.6,0,Not At Risk
S43692,Male,AI,62,50,37,5.85,2,1.9,1,At Risk
S43693,Male,AI,66,61,61,8.54,0,6.3,0,Not At Risk
S43697,Male,Computer,87,72,90,8.34,0,7.8,0,Not At Risk
S43706,Female,AI,96,70,75,8.38,0,3.7,0,Not At Risk
S43712,Female,AI,91,84,69,9.0,0,3.4,0,Not At Risk
S43713,Female,Computer,62,59,65,6.66,3,3.2,1,At Risk
S43718,Male,Computer,84,64,78,6.57,0,7.9,0,Not At Risk
S43721,Female,Computer,71,92,59,9.93,0,7.9,0,Not At Risk
S43722,Female,AI,86,72,94,7.88,0,3.1,0,Not At Risk
S43723,Female,IT,75,76,80,7.08,1,5.9,0,Not At Risk
S43725,Female,Computer,67,57,49,5.01,3,2.7,1,At Risk
S43726,Female,IT,75,70,96,8.66,0,4.5,0,Not At Risk
S43728,Male,IT,65,37,66,6.55,3,1.9,1,At Risk
S43730,Female,Computer,67,50,40,5.93,2,3.9,1,At Risk
S43737,Male,AI,81,64,78,9.41,0,6.9,0,Not At Risk
S43738,Male,Computer,66,57,95,8.25,0,6.6,0,Not At Risk
S43745,Male,Computer,89,71,57,8.61,0,4.8,0,Not At Risk
S43750,Female,Computer,89,61,94,9.69,0,5.0,0,Not At Risk
S43755,Male,AI,67,61,91,7.93,1,5.8,0,Not At Risk
S43761,Female,AI,72,84,69,6.7,1,4.7,0,Not At Risk
S43764,Male,IT,99,99,61,8.42,0,3.6,0,Not At Risk
S43771,Female,Computer,76,93,83,9.51,0,3.6,0,Not At Risk
S43772,Female,Computer,78,90,58,9.87,0,7.9,0,Not At Risk
S43778,Female,Computer,60,65,36,4.89,1,2.6,1,At Risk
S43779,Male,AI,67,73,70,7.43,1,7.5,0,Not At Risk
S43781,Female,Computer,82,82,57,8.19,1,4.0,0,Not At Risk
S43784,Female,AI,85,84,89,7.04,1,5.2,0,Not At Risk
S43788,Female,AI,51,65,49,5.69,2,3.1,1,At Risk
S43811,Female,AI,75,61,61,9.31,0,5.0,0,Not At Risk
S43826,Female,Computer,72,82,83,7.05,0,5.1,0,Not At Risk
S43829,Male,Computer,70,58,96,8.55,0,7.2,0,Not At Risk
S43831,Female,IT,46,51,64,5.3,2,2.4,1,At Risk
S43841,Female,AI,81,62,75,9.4,0,6.6,0,Not At Risk
S43843,Female,IT,90,71,70,7.52,0,7.7,0,Not At Risk
S43848,Female,Computer,96,85,63,7.52,0,6.3,0,Not At Risk
S43852,Female,IT,96,98,100,6.64,0,5.1,0,Not At Risk
S43854,Female,AI,55,56,50,6.3,2,3.6,1,At Risk
S43856,Female,Computer,100,71,70,7.24,1,4.5,0,Not At Risk
S43857,Male,IT,85,93,97,6.87,0,5.6,0,Not At Risk
S43864,Male,IT,57,52,68,5.99,2,3.0,1,At Risk
S43869,Female,IT,65,64,63,8.68,0,4.2,0,Not At Risk
S43883,Male,Computer,84,74,58,8.34,0,6.9,0,Not At Risk
S43884,Male,AI,90,69,62,8.65,1,5.5,0,Not At Risk
S43885,Female,AI,77,63,75,9.8,0,3.8,0,Not At Risk
S43888,Male,IT,77,95,86,7.97,1,5.6,0,Not At Risk
S43893,Female,IT,84,83,99,8.06,0,8.0,0,Not At Risk
S43894,Female,AI,68,58,85,9.63,0,7.1,0,Not At Risk
S43895,Female,Computer,97,93,86,6.82,0,6.4,0,Not At Risk
S43903,Male,Computer,89,60,60,7.86,0,4.6,0,Not At Risk
S43906,Male,Computer,61,40,39,5.97,1,1.0,1,At Risk
S43915,Female,Computer,65,95,100,9.06,0,3.7,0,Not At Risk
S43923,Female,AI,56,52,70,6.77,2,2.1,1,At Risk
S43924,Male,Computer,75,65,67,7.52,1,7.3,0,Not At Risk
S43935,Female,Computer,100,88,67,7.01,1,6.1,0,Not At Risk
S43942,Female,IT,66,48,38,6.09,2,3.9,1,At Risk
S43943,Male,IT,54,39,46,5.87,3,3.0,1,At Risk
S43945,Female,Computer,69,85,55,9.14,0,3.5,0,Not At Risk
S43950,Male,Computer,62,45,36,6.66,3,3.0,1,At Risk
S43952,Female,Computer,65,57,96,9.61,0,6.2,0,Not At Risk
S43955,Male,IT,53,46,53,6.27,1,3.2,1,At Risk
S43957,Female,Computer,65,36,50,6.25,3,3.8,1,At Risk
S43962,Male,IT,56,58,55,4.92,1,2.8,1,At Risk
S43963,Male,IT,94,60,98,8.48,1,3.1,0,Not At Risk
S43969,Male,IT,68,48,53,4.87,3,3.2,1,At Risk
S43973,Female,Computer,79,95,92,9.78,0,6.3,0,Not At Risk
S43974,Female,IT,82,73,84,7.73,1,6.0,0,Not At Risk
S43979,Female,Computer,69,45,45,6.09,3,1.5,1,At Risk
S43983,Female,Computer,85,91,90,9.92,0,5.9,0,Not At Risk
S43986,Male,AI,67,51,48,5.22,3,3.2,1,At Risk
S43987,Female,IT,86,68,56,6.98,1,3.8,0,Not At Risk
S43992,Male,Computer,66,93,91,9.95,0,7.6,0,Not At Risk
S43993,Male,AI,75,70,55,6.81,1,4.1,0,Not At Risk
S43994,Male,AI,67,75,73,8.76,0,5.8,0,Not At Risk
S43995,Male,Computer,90,86,84,8.64,0,5.6,0,Not At Risk
S44000,Male,IT,77,77,55,8.64,1,5.8,0,Not At Risk
S44008,Male,IT,89,92,80,9.38,0,7.4,0,Not At Risk
S44009,Female,AI,94,76,68,8.12,0,5.0,0,Not At Risk
S44012,Male,IT,63,46,62,5.04,1,3.2,1,At Risk
S44014,Female,IT,67,61,77,8.29,0,4.6,0,Not At Risk
S44018,Female,IT,87,68,65,7.36,1,6.3,0,Not At Risk
S44023,Female,AI,89,94,98,6.56,0,5.0,0,Not At Risk
S44026,Female,IT,88,78,66,9.79,0,5.7,0,Not At Risk
S44032,Female,IT,72,100,67,7.21,0,7.9,0,Not At Risk
S44033,Female,IT,74,90,75,8.96,1,3.8,0,Not At Risk
S44044,Female,Computer,92,87,83,9.23,0,4.3,0,Not At Risk
S44054,Male,IT,99,81,87,7.93,0,5.8,0,Not At Risk
S44059,Female,Computer,85,86,100,7.56,0,7.4,0,Not At Risk
S44061,Male,Computer,81,95,60,9.54,0,6.2,0,Not At Risk
S44062,Male,AI,55,45,62,5.65,1,2.7,1,At Risk
S44064,Female,AI,97,91,94,9.97,0,7.0,0,Not At Risk
S44065,Female,AI,82,61,97,9.16,1,5.4,0,Not At Risk
S44066,Male,AI,93,87,69,9.43,1,6.1,0,Not At Risk
S44077,Male,AI,84,73,85,7.51,1,5.2,0,Not At Risk
S44078,Female,IT,62,51,69,5.67,3,4.0,1,At Risk
S44090,Female,IT,69,81,63,6.62,0,4.0,0,Not At Risk
S44091,Male,IT,94,68,75,9.25,0,4.8,0,Not At Risk
S44092,Female,AI,65,99,71,6.9,0,7.0,0,Not At Risk
S44100,Female,AI,87,80,55,7.26,0,7.2,0,Not At Risk
S44106,Female,AI,67,61,66,7.11,1,6.5,0,Not At Risk
S44107,Female,AI,88,69,83,9.03,1,7.4,0,Not At Risk
S44122,Male,Computer,63,59,37,4.97,2,3.5,1,At Risk
S44123,Male,Computer,67,36,57,5.9,3,2.7,1,At Risk
S44124,Male,AI,52,45,59,5.87,2,3.0,1,At Risk
S44125,Female,AI,83,79,78,8.45,0,5.8,0,Not At Risk
S44138,Female,Computer,76,97,75,8.66,0,3.8,0,Not At Risk
S44143,Female,Computer,91,63,78,6.75,0,6.9,0,Not At Risk
S44165,Female,AI,61,42,66,5.18,1,2.5,1,At Risk
S44177,Male,Computer,73,60,60,8.0,1,5.1,0,Not At Risk
S44180,Female,IT,80,56,83,8.21,0,4.7,0,Not At Risk
S44183,Male,AI,69,96,83,9.59,0,3.9,0,Not At Risk
S44192,Male,AI,77,57,94,7.95,0,4.4,0,Not At Risk
S44198,Female,IT,95,93,98,6.59,0,5.6,0,Not At Risk
S44203,Female,AI,48,56,38,6.02,1,2.6,1,At Risk
S44205,Male,Computer,89,70,68,8.1,0,3.0,0,Not At Risk
S44208,Male,AI,93,70,65,8.71,0,7.7,0,Not At Risk
S44213,Male,AI,80,69,76,7.59,0,6.0,0,Not At Risk
S44222,Female,IT,76,79,89,7.92,0,5.8,0,Not At Risk
S44225,Male,IT,81,99,90,7.29,1,7.5,0,Not At Risk
S44230,Female,IT,69,55,58,7.76,0,3.1,0,Not At Risk
S44234,Male,IT,64,48,47,6.0,3,3.8,1,At Risk
S44236,Female,IT,78,91,100,8.98,0,5.6,0,Not At Risk
S44239,Female,IT,67,91,78,9.07,1,5.1,0,Not At Risk
S44245,Female,AI,65,99,94,7.26,0,7.0,0,Not At Risk
S44256,Female,Computer,61,61,42,5.32,1,1.7,1,At Risk
S44260,Female,AI,75,90,73,6.56,0,6.5,0,Not At Risk
S44286,Female,Computer,71,76,61,6.51,0,4.7,0,Not At Risk
S44289,Female,IT,93,72,76,8.82,1,4.2,0,Not At Risk
S44291,Female,AI,100,76,71,9.68,0,3.5,0,Not At Risk
S44293,Male,Computer,78,76,60,7.46,0,5.7,0,Not At Risk
S44299,Female,IT,94,90,64,8.49,1,6.8,0,Not At Risk
S44300,Male,Computer,78,60,93,7.89,0,4.7,0,Not At Risk
S44301,Male,AI,65,76,94,6.53,0,7.2,0,Not At Risk
S44303,Female,Computer,76,61,55,9.61,1,5.5,0,Not At Risk
S44304,Male,IT,96,89,85,8.67,0,7.9,0,Not At Risk
S44307,Male,Computer,77,100,77,7.09,0,6.8,0,Not At Risk
S44323,Male,Computer,57,50,64,6.34,2,1.9,1,At Risk
S44327,Female,IT,67,65,53,5.51,1,3.1,1,At Risk
S44328,Male,AI,66,63,83,7.34,0,7.1,0,Not At Risk
S44329,Female,AI,70,62,56,5.69,3,2.7,1,At Risk
S44333,Male,IT,83,81,61,9.34,0,7.1,0,Not At Risk
S44339,Female,Computer,61,55,63,5.88,2,2.3,1,At Risk
S44360,Female,AI,49,42,48,4.88,1,2.2,1,At Risk
S44367,Female,AI,71,63,62,6.96,1,5.0,0,Not At Risk
S44370,Female,AI,92,84,83,7.09,0,3.6,0,Not At Risk
S44375,Male,AI,67,65,57,9.02,0,7.9,0,Not At Risk
S44377,Female,AI,83,95,70,7.56,0,4.8,0,Not At Risk
S44382,Female,Computer,99,92,96,7.03,0,7.8,0,Not At Risk
S44389,Female,AI,69,77,72,6.88,0,6.0,0,Not At Risk
S44393,Male,Computer,60,53,54,5.33,2,2.6,1,At Risk
S44397,Female,IT,67,70,61,9.92,0,5.7,0,Not At Risk
S44399,Male,IT,69,76,55,9.19,0,5.6,0,Not At Risk
S44407,Female,Computer,67,97,94,6.92,0,7.3,0,Not At Risk
S44433,Female,AI,75,58,61,7.22,0,6.7,0,Not At Risk
S44434,Male,Computer,88,97,72,6.79,0,3.3,0,Not At Risk
S44439,Male,IT,81,57,76,9.72,0,3.6,0,Not At Risk
S44442,Male,AI,90,60,58,8.08,0,3.1,0,Not At Risk
S44446,Male,Computer,99,63,100,7.46,0,4.1,0,Not At Risk
S44447,Male,AI,84,66,57,9.11,1,7.6,0,Not At Risk
S44455,Male,AI,100,90,72,8.43,0,5.2,0,Not At Risk
S44456,Female,Computer,97,57,58,8.32,0,3.3,0,Not At Risk
S44457,Female,Computer,65,63,41,6.01,1,3.8,1,At Risk
S44469,Female,Computer,69,56,64,9.52,0,7.9,0,Not At Risk
S44470,Female,AI,72,66,57,7.1,0,5.6,0,Not At Risk
S44486,Male,Computer,66,95,68,9.53,0,7.3,0,Not At Risk
S44491,Male,Computer,70,50,56,6.2,3,3.5,1,At Risk
S44493,Female,Computer,99,78,88,7.15,0,5.4,0,Not At Risk
S44494,Male,IT,66,80,77,9.42,0,6.3,0,Not At Risk
S44508,Male,IT,87,79,64,8.75,0,6.3,0,Not At Risk
S44513,Female,Computer,95,98,93,9.11,1,7.8,0,Not At Risk
S44519,Male,IT,85,98,64,7.32,0,6.6,0,Not At Risk
S44520,Male,AI,95,63,61,7.3,0,8.0,0,Not At Risk
S44523,Male,AI,64,52,57,6.31,1,1.2,1,At Risk
S44528,Female,Computer,60,58,59,4.89,3,2.9,1,At Risk
S44531,Female,AI,94,75,59,7.17,1,6.8,0,Not At Risk
S44539,Male,Computer,94,63,65,8.32,0,3.9,0,Not At Risk
S44543,Male,AI,87,64,56,8.22,0,4.9,0,Not At Risk
S44545,Male,IT,70,55,69,9.82,0,7.7,0,Not At Risk
S44546,Female,AI,72,66,65,6.85,1,4.6,0,Not At Risk
S44552,Female,AI,97,61,65,9.21,0,7.2,0,Not At Risk
S44553,Male,Computer,89,58,62,9.94,1,6.8,0,Not At Risk
S44555,Male,IT,59,52,66,5.47,2,3.5,1,At Risk
S44556,Male,IT,90,80,94,7.31,0,7.1,0,Not At Risk
S44559,Male,Computer,68,88,86,9.09,0,7.6,0,Not At Risk
S44562,Female,Computer,64,47,49,5.34,2,3.4,1,At Risk
S44567,Female,Computer,90,70,91,9.8,0,6.9,0,Not At Risk
S44568,Male,AI,82,95,91,9.18,0,5.8,0,Not At Risk
S44571,Female,IT,67,73,57,8.42,0,6.9,0,Not At Risk
S44573,Female,AI,68,62,47,5.06,1,2.4,1,At Risk
S44575,Male,IT,88,99,84,8.81,0,6.9,0,Not At Risk
S44576,Male,Computer,49,60,43,5.61,2,2.1,1,At Risk
S44580,Male,Computer,100,99,88,6.66,1,3.9,0,Not At Risk
S44587,Male,Computer,95,95,64,7.48,1,5.9,0,Not At Risk
S44601,Female,Computer,47,43,39,5.87,1,3.7,1,At Risk
S44603,Male,AI,67,78,79,9.39,0,5.1,0,Not At Risk
S44609,Male,AI,96,70,81,9.15,0,6.1,0,Not At Risk
S44621,Female,Computer,49,51,42,5.39,2,1.6,1,At Risk
S44623,Female,AI,62,47,59,5.06,2,1.8,1,At Risk
S44628,Male,AI,96,98,96,9.72,1,7.6,0,Not At Risk
S44632,Male,AI,74,87,68,7.5,0,7.0,0,Not At Risk
S44637,Male,IT,76,95,77,8.99,0,3.6,0,Not At Risk
S44638,Male,Computer,87,57,62,7.15,0,3.0,0,Not At Risk
S44647,Female,AI,85,81,99,7.07,1,6.6,0,Not At Risk
S44653,Female,IT,68,87,87,8.23,0,7.4,0,Not At Risk
S44654,Male,AI,78,89,65,7.47,0,3.5,0,Not At Risk
S44660,Male,IT,73,92,67,7.38,0,3.8,0,Not At Risk
S44664,Female,Computer,60,63,54,5.44,1,1.2,1,At Risk
S44669,Male,Computer,65,58,64,9.19,0,7.9,0,Not At Risk
S44679,Female,Computer,65,99,60,7.3,1,6.8,0,Not At Risk
S44685,Female,Computer,65,73,70,9.81,0,7.8,0,Not At Risk
S44693,Male,IT,84,61,74,8.78,0,5.1,0,Not At Risk
S44696,Female,Computer,88,81,70,9.06,0,7.8,0,Not At Risk
S44705,Male,AI,79,95,73,7.36,0,6.3,0,Not At Risk
S44706,Male,AI,67,57,43,6.35,1,1.8,1,At Risk
S44718,Male,IT,60,36,44,5.58,2,1.2,1,At Risk
S44723,Male,IT,83,55,60,7.69,0,5.7,0,Not At Risk
S44725,Female,IT,65,50,65,5.16,2,2.9,1,At Risk
S44727,Male,AI,85,65,98,8.81,0,7.5,0,Not At Risk
S44728,Female,AI,73,61,57,9.61,0,3.6,0,Not At Risk
S44729,Male,Computer,80,94,91,6.6,0,6.7,0,Not At Risk
S44733,Male,AI,74,96,79,9.68,0,4.3,0,Not At Risk
S44739,Male,Computer,100,86,63,9.87,1,6.8,0,Not At Risk
S44743,Male,Computer,67,60,95,7.61,1,6.6,0,Not At Risk
S44757,Female,IT,76,81,60,7.78,1,5.2,0,Not At Risk
S44758,Male,IT,84,83,84,7.75,1,6.8,0,Not At Risk
S44767,Female,Computer,79,78,90,7.09,1,4.1,0,Not At Risk
S44769,Female,IT,66,36,65,5.77,2,1.3,1,At Risk
S44783,Male,Computer,92,90,99,6.5,1,3.6,0,Not At Risk
S44787,Female,IT,81,74,60,8.78,1,4.0,0,Not At Risk
S44791,Male,AI,73,76,55,7.23,0,3.9,0,Not At Risk
S44792,Female,Computer,84,69,92,8.84,0,6.9,0,Not At Risk
S44800,Male,AI,74,97,73,7.66,1,7.3,0,Not At Risk
S44808,Male,AI,86,57,94,6.72,0,7.8,0,Not At Risk
S44822,Female,Computer,82,64,74,6.54,0,7.0,0,Not At Risk
S44826,Male,IT,51,61,55,4.98,2,2.3,1,At Risk
S44835,Female,IT,80,78,87,9.65,0,3.4,0,Not At Risk
S44840,Male,IT,67,84,57,9.3,0,6.0,0,Not At Risk
S44841,Male,AI,86,84,80,7.97,1,3.2,0,Not At Risk
S44850,Male,AI,99,74,59,9.84,0,7.3,0,Not At Risk
S44863,Female,Computer,55,56,51,6.57,1,1.5,1,At Risk
S44865,Male,AI,67,88,58,8.13,0,7.4,0,Not At Risk
S44869,Female,AI,91,56,58,7.91,0,4.6,0,Not At Risk
S44875,Male,AI,74,90,99,8.87,0,7.2,0,Not At Risk
S44876,Male,AI,78,85,55,9.21,0,6.5,0,Not At Risk
S44878,Male,IT,59,42,52,5.83,2,3.5,1,At Risk
S44886,Male,AI,91,74,72,8.64,0,5.3,0,Not At Risk
S44888,Female,IT,88,67,97,9.65,1,5.1,0,Not At Risk
S44891,Male,IT,88,83,62,7.17,0,6.7,0,Not At Risk
S44902,Female,AI,75,100,63,7.84,1,4.4,0,Not At Risk
S44912,Female,Computer,54,36,49,5.15,1,1.8,1,At Risk
S44925,Male,IT,97,81,57,7.39,0,5.0,0,Not At Risk
S44927,Male,AI,76,77,65,8.59,0,5.3,0,Not At Risk
S44929,Male,Computer,65,81,69,9.99,0,7.3,0,Not At Risk
S44933,Female,AI,68,65,53,5.14,2,3.4,1,At Risk
S44934,Female,AI,86,97,64,7.84,1,4.6,0,Not At Risk
S44940,Male,Computer,84,59,76,7.15,0,7.1,0,Not At Risk
S44942,Male,Computer,79,91,63,6.5,1,3.4,0,Not At Risk
S44943,Male,AI,93,72,84,9.82,0,7.1,0,Not At Risk
S44945,Female,Computer,71,57,68,9.74,0,5.9,0,Not At Risk
S44955,Female,Computer,50,52,53,5.36,3,2.6,1,At Risk
S44956,Female,IT,96,71,98,6.58,1,6.2,0,Not At Risk
S44957,Female,IT,76,78,98,8.52,0,7.5,0,Not At Risk
S44958,Male,Computer,75,57,90,9.88,0,3.1,0,Not At Risk
S44959,Female,AI,79,81,95,8.82,0,5.2,0,Not At Risk
S44966,Male,IT,69,89,65,8.5,0,3.6,0,Not At Risk
S44976,Male,IT,72,60,71,7.92,0,3.8,0,Not At Risk
S44985,Male,AI,93,87,78,9.83,0,4.1,0,Not At Risk
S44989,Female,Computer,87,91,55,7.65,0,4.9,0,Not At Risk
S45003,Female,IT,69,85,62,8.54,0,5.2,0,Not At Risk
S45008,Female,Computer,71,89,98,8.61,0,5.5,0,Not At Risk
S45013,Male,IT,50,61,68,6.75,3,2.5,1,At Risk
S45032,Male,AI,66,84,57,9.61,0,5.2,0,Not At Risk
S45033,Female,Computer,84,90,94,7.98,0,5.8,0,Not At Risk
S45039,Female,IT,99,100,79,6.82,0,4.4,0,Not At Risk
S45040,Male,IT,68,79,64,9.57,0,5.8,0,Not At Risk
S45043,Male,Computer,67,84,90,8.49,1,3.2,0,Not At Risk
S45049,Male,AI,99,55,59,7.64,0,7.0,0,Not At Risk
S45051,Female,IT,93,55,95,9.2,0,4.7,0,Not At Risk
S45056,Female,Computer,80,100,55,9.07,1,6.5,0,Not At Risk
S45058,Male,AI,98,95,77,8.3,0,4.1,0,Not At Risk
S45059,Female,AI,68,44,47,5.83,2,1.8,1,At Risk
S45060,Female,IT,85,74,97,6.71,0,3.4,0,Not At Risk
S45065,Female,IT,67,96,70,8.99,0,3.3,0,Not At Risk
S45067,Male,Computer,97,62,84,7.0,0,5.3,0,Not At Risk
S45076,Female,Computer,93,62,99,7.7,0,4.3,0,Not At Risk
S45077,Female,Computer,93,83,95,9.96,0,7.4,0,Not At Risk
S45080,Female,IT,48,64,66,6.62,3,4.0,1,At Risk
S45086,Male,AI,88,58,89,6.73,1,4.9,0,Not At Risk
S45088,Male,AI,70,49,45,5.0,1,1.2,1,At Risk
S45089,Female,IT,68,67,97,7.07,0,5.3,0,Not At Risk
S45092,Male,AI,87,80,79,7.69,0,7.4,0,Not At Risk
S45094,Male,Computer,98,71,83,7.28,0,5.4,0,Not At Risk
S45095,Male,Computer,100,92,77,8.73,0,5.6,0,Not At Risk
S45096,Male,Computer,75,71,72,8.35,0,7.6,0,Not At Risk
S45103,Male,Computer,79,86,60,8.75,1,6.3,0,Not At Risk
S45106,Female,IT,76,88,80,8.64,0,5.5,0,Not At Risk
S45109,Male,Computer,96,93,93,9.63,0,7.8,0,Not At Risk
S45128,Male,Computer,49,64,50,6.03,3,3.5,1,At Risk
S45129,Female,AI,80,100,68,7.54,1,4.0,0,Not At Risk
S45132,Female,AI,65,64,92,7.68,0,3.8,0,Not At Risk
S45142,Female,AI,46,42,66,4.98,2,3.1,1,At Risk
S45145,Male,Computer,96,60,64,8.96,0,4.9,0,Not At Risk
S45150,Female,AI,69,73,56,8.18,0,5.2,0,Not At Risk
S45155,Female,AI,83,85,86,9.8,0,5.2,0,Not At Risk
S45158,Female,AI,48,54,65,4.89,3,2.5,1,At Risk
S45162,Male,Computer,83,64,65,7.06,0,4.5,0,Not At Risk
S45165,Female,IT,95,62,84,8.72,0,4.4,0,Not At Risk
S45167,Female,Computer,54,56,37,6.4,3,2.6,1,At Risk
S45174,Male,Computer,78,79,82,9.84,0,5.4,0,Not At Risk
S45182,Female,IT,84,79,85,8.47,0,4.7,0,Not At Risk
S45195,Male,Computer,94,100,60,9.37,0,4.0,0,Not At Risk
S45201,Female,Computer,80,64,65,7.92,1,3.4,0,Not At Risk
S45205,Female,AI,77,55,64,7.09,1,7.1,0,Not At Risk
S45213,Female,Computer,70,61,38,5.36,2,2.3,1,At Risk
S45215,Male,IT,56,65,41,5.48,2,1.4,1,At Risk
S45216,Male,AI,88,73,57,8.51,0,3.9,0,Not At Risk
S45226,Female,Computer,51,59,36,5.6,2,3.2,1,At Risk
S45233,Male,IT,67,59,53,4.88,3,1.5,1,At Risk
S45241,Male,IT,71,60,91,6.65,0,7.7,0,Not At Risk
S45245,Male,IT,87,78,86,6.78,0,6.0,0,Not At Risk
S45247,Male,IT,61,37,35,5.27,1,3.7,1,At Risk
S45252,Male,AI,77,84,97,7.56,0,8.0,0,Not At Risk
S45253,Male,AI,73,63,91,8.84,0,5.2,0,Not At Risk
S45255,Female,Computer,98,67,62,9.46,0,4.9,0,Not At Risk
S45266,Female,Computer,70,60,81,6.93,0,3.3,0,Not At Risk
S45267,Female,IT,66,64,57,5.07,2,1.7,1,At Risk
S45271,Male,Computer,69,94,88,7.15,0,3.3,0,Not At Risk
S45275,Female,IT,58,40,58,5.19,2,4.0,1,At Risk
S45278,Female,Computer,68,37,43,4.8,2,3.5,1,At Risk
S45280,Female,Computer,83,99,64,9.19,0,6.0,0,Not At Risk
S45285,Male,IT,70,100,55,7.26,0,7.6,0,Not At Risk
S45294,Female,AI,73,61,88,8.59,0,5.6,0,Not At Risk
S45295,Male,Computer,97,99,96,9.21,0,7.2,0,Not At Risk
S45297,Male,AI,70,56,53,4.89,3,3.9,1,At Risk
S45302,Female,AI,88,73,56,7.58,1,4.5,0,Not At Risk
S45304,Female,AI,91,93,96,8.68,0,3.8,0,Not At Risk
S45311,Male,AI,95,68,76,8.26,0,3.1,0,Not At Risk
S45320,Female,IT,94,74,88,8.87,1,7.2,0,Not At Risk
S45322,Male,Computer,97,69,87,6.89,0,5.6,0,Not At Risk
S45328,Female,Computer,64,43,69,6.65,2,3.4,1,At Risk
S45337,Female,AI,82,71,86,7.04,1,4.4,0,Not At Risk
S45338,Female,Computer,50,50,48,6.2,1,2.1,1,At Risk
S45340,Female,AI,70,93,88,6.59,0,7.7,0,Not At Risk
S45344,Female,AI,68,49,52,6.0,1,1.5,1,At Risk
S45351,Female,IT,66,100,71,9.66,0,6.0,0,Not At Risk
S45356,Male,Computer,92,88,94,7.64,0,6.4,0,Not At Risk
S45361,Male,Computer,76,94,89,9.12,0,4.2,0,Not At Risk
S45363,Female,IT,88,66,77,8.18,0,4.2,0,Not At Risk
S45367,Male,IT,85,96,94,6.86,0,4.4,0,Not At Risk
S45369,Male,IT,68,65,96,9.8,0,4.6,0,Not At Risk
S45376,Male,Computer,76,99,65,9.91,0,4.1,0,Not At Risk
S45377,Female,AI,88,67,66,9.63,0,6.0,0,Not At Risk
S45379,Male,Computer,58,57,59,6.0,1,3.6,1,At Risk
S45383,Male,Computer,83,85,69,9.28,0,3.5,0,Not At Risk
S45385,Female,Computer,62,64,51,6.56,2,1.5,1,At Risk
S45386,Male,AI,66,56,89,8.04,0,5.7,0,Not At Risk
S45390,Male,Computer,69,61,94,6.71,0,4.0,0,Not At Risk
S45392,Male,AI,66,95,63,6.84,0,3.8,0,Not At Risk
S45394,Female,IT,76,100,66,8.78,0,4.4,0,Not At Risk
S45398,Female,Computer,82,78,67,7.65,0,3.5,0,Not At Risk
S45406,Female,IT,87,64,74,7.39,0,6.0,0,Not At Risk
S45415,Female,IT,62,52,36,4.9,1,3.5,1,At Risk
S45421,Female,IT,72,55,77,7.38,0,4.7,0,Not At Risk
S45424,Male,Computer,95,65,60,7.89,0,7.2,0,Not At Risk
S45426,Female,IT,65,48,47,5.1,2,3.5,1,At Risk
S45436,Male,Computer,73,55,70,8.83,0,3.5,0,Not At Risk
S45438,Female,IT,99,89,85,6.73,0,8.0,0,Not At Risk
S45446,Female,IT,79,66,85,7.18,0,5.3,0,Not At Risk
S45456,Female,Computer,50,64,47,5.08,2,2.8,1,At Risk
S45461,Male,IT,92,92,100,7.76,1,3.1,0,Not At Risk
S45462,Female,AI,93,65,60,7.83,0,6.1,0,Not At Risk
S45465,Female,IT,95,62,61,7.29,0,4.4,0,Not At Risk
S45470,Male,IT,71,99,94,8.6,0,7.4,0,Not At Risk
S45472,Male,AI,84,68,73,7.04,0,7.4,0,Not At Risk
S45475,Female,IT,51,40,52,5.28,2,3.8,1,At Risk
S45490,Female,AI,86,72,91,8.07,0,6.0,0,Not At Risk
S45491,Male,IT,90,79,92,8.06,0,4.7,0,Not At Risk
S45501,Female,IT,45,55,46,6.14,2,1.9,1,At Risk
S45510,Male,IT,95,75,82,9.32,1,7.2,0,Not At Risk
S45511,Male,IT,45,52,70,5.17,2,1.3,1,At Risk
S45512,Male,IT,64,62,41,4.89,1,3.9,1,At Risk
S45518,Male,Computer,66,56,72,8.84,1,7.5,0,Not At Risk
S45520,Male,Computer,97,65,83,6.69,0,4.9,0,Not At Risk
S45525,Male,IT,84,67,70,6.81,0,4.0,0,Not At Risk
S45526,Male,AI,94,68,96,8.49,0,3.8,0,Not At Risk
S45530,Male,AI,70,55,47,5.66,2,2.9,1,At Risk
S45535,Female,Computer,100,97,62,8.05,0,7.0,0,Not At Risk
S45536,Male,AI,88,99,64,9.36,0,5.2,0,Not At Risk
S45538,Female,AI,67,78,76,9.3,0,5.8,0,Not At Risk
S45540,Male,Computer,62,48,42,6.03,3,3.0,1,At Risk
S45544,Male,IT,83,75,86,6.58,1,7.3,0,Not At Risk
S45548,Male,IT,72,79,68,8.49,0,6.2,0,Not At Risk
S45550,Male,Computer,97,74,67,8.09,1,3.7,0,Not At Risk
S45561,Female,AI,54,36,43,6.4,2,1.9,1,At Risk
S45564,Male,Computer,91,76,90,7.15,1,6.8,0,Not At Risk
S45568,Male,AI,93,98,85,9.26,1,7.1,0,Not At Risk
S45575,Female,Computer,98,72,57,9.79,0,6.5,0,Not At Risk
S45585,Male,AI,81,64,81,7.13,0,7.1,0,Not At Risk
S45596,Male,Computer,53,46,50,6.49,1,3.0,1,At Risk
S45599,Female,AI,73,66,86,7.36,0,3.8,0,Not At Risk
S45601,Male,AI,93,78,80,6.99,0,4.6,0,Not At Risk
S45605,Female,IT,76,83,63,7.86,0,5.2,0,Not At Risk
S45608,Female,AI,77,97,64,7.4,1,7.0,0,Not At Risk
S45613,Male,AI,82,87,100,9.17,0,3.0,0,Not At Risk
S45615,Male,AI,59,53,56,6.76,2,2.2,1,At Risk
S45619,Female,AI,95,87,90,7.49,1,3.5,0,Not At Risk
S45626,Female,AI,78,60,73,7.17,0,4.8,0,Not At Risk
S45636,Female,AI,79,59,100,8.46,0,6.2,0,Not At Risk
S45644,Male,AI,91,70,82,8.78,0,6.5,0,Not At Risk
S45650,Male,Computer,67,94,66,9.95,0,5.1,0,Not At Risk
S45658,Male,IT,80,58,62,7.63,0,5.8,0,Not At Risk
S45661,Male,IT,56,55,61,6.58,3,3.7,1,At Risk
S45662,Male,IT,77,90,76,9.6,0,4.4,0,Not At Risk
S45669,Male,AI,77,83,68,8.18,1,3.3,0,Not At Risk
S45670,Female,AI,57,36,51,5.39,1,3.8,1,At Risk
S45673,Male,Computer,63,49,49,6.7,2,3.1,1,At Risk
S45685,Male,IT,57,42,50,5.42,3,3.3,1,At Risk
S45688,Female,AI,65,99,95,7.31,1,7.0,0,Not At Risk
S45689,Female,Computer,73,94,96,8.13,0,3.9,0,Not At Risk
S45697,Female,IT,77,100,66,9.73,0,6.7,0,Not At Risk
S45700,Female,Computer,76,94,72,6.75,0,5.4,0,Not At Risk
S45708,Female,IT,95,57,74,8.64,0,4.3,0,Not At Risk
S45709,Male,Computer,64,58,55,5.31,3,1.8,1,At Risk
S45716,Female,AI,99,69,100,7.04,0,5.5,0,Not At Risk
S45717,Male,AI,83,97,77,6.79,0,3.5,0,Not At Risk
S45723,Female,Computer,70,88,63,8.69,0,7.5,0,Not At Risk
S45726,Male,IT,94,68,85,7.43,0,3.0,0,Not At Risk
S45730,Female,AI,71,62,76,9.02,0,4.0,0,Not At Risk
S45732,Male,AI,74,69,68,7.97,0,7.6,0,Not At Risk
S45734,Female,Computer,90,75,77,7.9,0,3.0,0,Not At Risk
S45736,Female,AI,52,58,67,6.52,1,2.8,1,At Risk
S45752,Male,Computer,75,91,60,8.45,1,3.7,0,Not At Risk
S45756,Female,AI,56,44,52,4.85,1,1.1,1,At Risk
S45769,Female,AI,71,65,75,7.91,0,3.9,0,Not At Risk
S45770,Female,AI,82,87,80,7.54,1,5.7,0,Not At Risk
S45782,Male,AI,95,63,74,6.51,1,5.1,0,Not At Risk
S45797,Male,Computer,91,82,59,8.06,0,6.7,0,Not At Risk
S45812,Female,AI,95,65,99,9.14,0,7.9,0,Not At Risk
S45814,Female,AI,82,80,60,6.98,0,5.3,0,Not At Risk
S45816,Female,Computer,88,77,77,6.99,1,5.5,0,Not At Risk
S45820,Female,Computer,82,66,90,9.14,1,4.4,0,Not At Risk
S45822,Female,Computer,94,82,75,9.86,0,4.7,0,Not At Risk
S45826,Male,AI,78,66,73,8.93,0,5.6,0,Not At Risk
S45828,Male,IT,91,66,82,7.05,0,7.1,0,Not At Risk
S45829,Female,IT,56,36,61,5.77,2,3.5,1,At Risk
S45830,Female,Computer,81,67,78,7.92,0,3.6,0,Not At Risk
S45833,Female,AI,73,90,78,7.99,0,3.1,0,Not At Risk
S45836,Male,AI,98,91,64,8.72,0,3.5,0,Not At Risk
S45842,Male,Computer,99,57,75,7.25,0,5.4,0,Not At Risk
S45847,Female,Computer,92,55,55,8.75,0,4.5,0,Not At Risk
S45850,Female,IT,96,77,92,9.52,0,3.7,0,Not At Risk
S45852,Male,IT,98,92,70,7.21,0,3.8,0,Not At Risk
S45864,Female,IT,98,63,70,7.53,0,6.4,0,Not At Risk
S45869,Female,Computer,91,70,82,6.64,0,5.8,0,Not At Risk
S45872,Male,AI,69,53,39,5.23,1,2.4,1,At Risk
S45886,Male,Computer,75,55,86,6.51,1,7.0,0,Not At Risk
S45902,Female,IT,84,89,66,9.42,1,3.6,0,Not At Risk
S45904,Male,Computer,87,64,57,9.53,0,4.3,0,Not At Risk
S45911,Female,Computer,69,56,90,8.64,1,4.3,0,Not At Risk
S45914,Female,AI,69,46,62,5.22,2,1.8,1,At Risk
S45921,Male,AI,90,90,63,9.62,0,7.6,0,Not At Risk
S45939,Female,Computer,67,95,90,9.58,0,5.6,0,Not At Risk
S45953,Male,AI,95,87,98,7.56,1,5.8,0,Not At Risk
S45965,Male,IT,100,64,71,7.44,0,5.1,0,Not At Risk
S45991,Female,IT,80,62,67,7.51,0,4.6,0,Not At Risk
S45995,Female,IT,54,57,35,5.38,2,3.5,1,At Risk
S46001,Female,Computer,90,98,62,8.1,0,4.5,0,Not At Risk
S46007,Male,IT,99,77,99,6.86,0,7.6,0,Not At Risk
S46008,Female,IT,87,65,92,9.75,0,7.9,0,Not At Risk
S46012,Male,IT,55,62,43,5.68,1,1.4,1,At Risk
S46016,Male,AI,99,60,96,6.67,1,7.0,0,Not At Risk
S46017,Male,AI,84,99,99,7.86,0,4.5,0,Not At Risk
S46026,Male,AI,60,49,44,6.0,3,2.5,1,At Risk
S46027,Female,AI,64,60,66,6.64,2,2.7,1,At Risk
S46034,Female,IT,88,62,84,7.78,0,6.0,0,Not At Risk
S46045,Female,Computer,93,82,55,7.46,0,5.5,0,Not At Risk
S46049,Male,IT,98,66,94,7.42,0,6.3,0,Not At Risk
S46052,Female,IT,75,84,63,7.17,1,3.9,0,Not At Risk
S46056,Female,AI,68,98,58,8.96,1,4.0,0,Not At Risk
S46059,Female,AI,80,75,90,9.22,0,3.6,0,Not At Risk
S46060,Male,Computer,79,98,82,8.17,1,3.0,0,Not At Risk
S46062,Male,Computer,62,63,52,5.72,3,1.0,1,At Risk
S46063,Female,IT,77,95,92,7.42,0,3.8,0,Not At Risk
S46065,Male,AI,90,66,59,8.36,0,5.9,0,Not At Risk
S46067,Male,IT,95,66,91,9.07,0,5.4,0,Not At Risk
S46068,Female,AI,71,84,61,9.12,0,4.9,0,Not At Risk
S46074,Male,IT,65,65,77,8.63,0,3.5,0,Not At Risk
S46075,Female,Computer,84,96,76,9.15,1,6.3,0,Not At Risk
S46077,Female,AI,84,76,74,7.95,0,7.5,0,Not At Risk
S46083,Male,AI,96,67,59,8.58,0,5.5,0,Not At Risk
S46099,Female,Computer,73,88,62,6.96,1,6.8,0,Not At Risk
S46105,Female,Computer,73,77,65,9.92,1,3.9,0,Not At Risk
S46113,Male,IT,84,82,85,6.76,1,3.0,0,Not At Risk
S46123,Female,IT,92,87,82,6.6,0,5.4,0,Not At Risk
S46133,Female,Computer,47,51,53,5.31,1,1.4,1,At Risk
S46135,Female,Computer,50,60,49,6.36,2,3.5,1,At Risk
S46138,Male,Computer,82,63,97,8.25,0,3.8,0,Not At Risk
S46143,Female,AI,97,92,82,7.39,0,3.6,0,Not At Risk
S46149,Female,Computer,71,83,58,7.43,0,3.5,0,Not At Risk
S46150,Female,Computer,87,84,56,7.91,0,5.1,0,Not At Risk
S46156,Male,AI,90,97,99,6.63,0,6.0,0,Not At Risk
S46161,Male,Computer,69,85,95,6.89,0,3.7,0,Not At Risk
S46162,Male,AI,78,94,86,6.67,0,5.9,0,Not At Risk
S46165,Female,IT,87,94,92,7.56,0,4.2,0,Not At Risk
S46168,Female,AI,86,83,55,9.82,1,5.1,0,Not At Risk
S46169,Female,Computer,76,81,81,8.52,1,6.9,0,Not At Risk
S46170,Female,AI,59,55,49,4.98,1,2.8,1,At Risk
S46174,Female,IT,99,56,59,9.98,0,7.4,0,Not At Risk
S46176,Female,AI,57,46,43,6.33,1,1.5,1,At Risk
S46179,Male,AI,74,64,88,7.13,1,3.1,0,Not At Risk
S46186,Male,Computer,65,78,97,8.43,0,4.0,0,Not At Risk
S46189,Male,IT,54,58,52,5.14,2,2.1,1,At Risk
S46191,Female,IT,80,79,69,9.13,0,4.8,0,Not At Risk
S46192,Male,IT,67,79,76,7.34,0,6.6,0,Not At Risk
S46193,Female,IT,82,90,79,8.15,1,3.4,0,Not At Risk
S46194,Male,Computer,91,74,88,8.4,0,3.2,0,Not At Risk
S46196,Female,IT,92,60,92,7.11,1,4.1,0,Not At Risk
S46208,Male,IT,75,59,67,9.64,0,4.0,0,Not At Risk
S46214,Female,Computer,100,73,100,9.27,0,7.3,0,Not At Risk
S46219,Male,IT,77,72,84,9.97,1,6.8,0,Not At Risk
S46236,Male,AI,74,63,99,7.13,0,3.0,0,Not At Risk
S46238,Female,IT,69,89,79,7.6,0,6.0,0,Not At Risk
S46241,Male,IT,97,98,80,8.66,0,3.6,0,Not At Risk
S46246,Female,Computer,48,58,65,5.1,3,4.0,1,At Risk
S46249,Male,IT,78,63,89,9.9,1,5.6,0,Not At Risk
S46264,Male,AI,82,64,93,9.22,0,6.9,0,Not At Risk
S46266,Male,AI,71,82,69,8.3,0,8.0,0,Not At Risk
S46271,Male,AI,75,78,74,6.76,0,3.7,0,Not At Risk
S46274,Female,Computer,71,65,58,9.89,0,4.0,0,Not At Risk
S46278,Male,AI,75,64,61,9.08,0,3.7,0,Not At Risk
S46287,Male,Computer,93,61,92,8.49,0,7.9,0,Not At Risk
S46291,Male,Computer,73,70,80,9.16,1,7.0,0,Not At Risk
S46292,Male,AI,82,61,98,8.23,0,5.1,0,Not At Risk
S46295,Male,Computer,82,55,74,6.64,0,4.1,0,Not At Risk
S46297,Female,Computer,84,75,69,9.05,1,6.8,0,Not At Risk
S46301,Female,AI,96,69,89,8.53,1,3.5,0,Not At Risk
S46303,Male,Computer,73,83,71,9.57,0,3.1,0,Not At Risk
S46308,Male,IT,86,97,66,6.56,0,3.1,0,Not At Risk
S46311,Female,Computer,76,68,66,7.96,0,3.4,0,Not At Risk
S46312,Female,IT,70,70,80,7.78,0,6.8,0,Not At Risk
S46314,Female,AI,98,80,86,8.21,0,5.4,0,Not At Risk
S46316,Male,IT,72,98,71,7.09,0,7.4,0,Not At Risk
S46322,Male,Computer,92,79,63,7.99,1,4.6,0,Not At Risk
S46325,Male,Computer,73,97,74,8.27,1,3.8,0,Not At Risk
S46337,Female,AI,83,76,56,9.67,0,4.9,0,Not At Risk
S46343,Male,AI,48,47,43,6.62,3,2.2,1,At Risk
S46345,Female,IT,45,65,59,6.33,2,2.9,1,At Risk
S46347,Male,AI,69,56,54,6.14,3,2.0,1,At Risk
S46348,Male,AI,91,91,82,7.91,0,5.5,0,Not At Risk
S46350,Male,IT,50,46,40,5.78,3,3.8,1,At Risk
S46352,Female,Computer,76,78,93,7.82,0,7.5,0,Not At Risk
S46353,Female,AI,75,58,63,9.06,0,5.6,0,Not At Risk
S46355,Female,IT,82,57,67,9.27,0,5.9,0,Not At Risk
S46356,Female,AI,79,64,56,7.73,0,7.7,0,Not At Risk
S46365,Female,AI,85,87,98,7.29,0,3.9,0,Not At Risk
S46368,Female,IT,49,36,54,5.28,2,1.5,1,At Risk
S46374,Female,AI,98,59,70,9.38,1,6.3,0,Not At Risk
S46376,Male,AI,99,58,56,9.97,0,5.4,0,Not At Risk
S46380,Female,AI,76,82,94,8.14,0,4.9,0,Not At Risk
S46383,Male,IT,65,96,87,6.72,0,4.6,0,Not At Risk
S46384,Male,AI,90,71,96,7.12,1,7.9,0,Not At Risk
S46389,Male,Computer,81,78,87,9.62,0,4.3,0,Not At Risk
S46393,Female,AI,77,90,64,9.08,0,3.0,0,Not At Risk
S46401,Male,AI,94,97,64,7.54,0,7.2,0,Not At Risk
S46412,Male,IT,57,36,52,5.89,2,3.8,1,At Risk
S46419,Male,AI,68,40,42,6.58,3,1.8,1,At Risk
S46434,Female,IT,65,63,61,6.83,0,6.8,0,Not At Risk
S46436,Female,IT,85,71,96,8.36,0,3.7,0,Not At Risk
S46439,Female,AI,79,80,91,7.7,1,5.5,0,Not At Risk
S46440,Male,IT,95,69,76,8.09,0,5.9,0,Not At Risk
S46447,Female,Computer,66,47,50,4.94,3,3.2,1,At Risk
S46451,Female,AI,88,73,98,6.66,0,7.2,0,Not At Risk
S46456,Female,IT,68,63,91,8.34,0,7.9,0,Not At Risk
S46472,Male,Computer,93,61,64,8.36,0,6.6,0,Not At Risk
S46474,Female,AI,78,92,76,8.54,0,6.0,0,Not At Risk
S46488,Female,IT,77,59,94,7.29,0,3.6,0,Not At Risk
S46494,Female,AI,60,49,58,5.11,2,1.6,1,At Risk
S46500,Male,AI,89,62,61,8.72,0,5.1,0,Not At Risk
S46509,Female,Computer,73,73,99,9.2,1,5.1,0,Not At Risk
S46512,Female,IT,65,58,35,6.54,2,3.0,1,At Risk
S46523,Female,AI,91,75,97,7.58,0,4.3,0,Not At Risk
S46528,Male,Computer,97,97,92,9.59,0,4.0,0,Not At Risk
S46533,Female,IT,82,83,69,8.09,0,5.2,0,Not At Risk
S46535,Male,AI,68,47,52,6.18,1,2.9,1,At Risk
S46537,Female,AI,66,78,75,9.37,0,3.0,0,Not At Risk
S46540,Male,IT,97,86,76,9.88,0,6.6,0,Not At Risk
S46543,Female,Computer,47,39,63,6.32,3,3.0,1,At Risk
S46544,Female,AI,69,67,87,7.69,0,4.8,0,Not At Risk
S46545,Female,IT,52,53,41,5.6,1,3.3,1,At Risk
S46546,Male,IT,88,91,73,6.75,1,4.8,0,Not At Risk
S46550,Male,Computer,64,37,47,5.93,3,1.9,1,At Risk
S46560,Female,IT,69,89,87,7.37,0,4.9,0,Not At Risk
S46568,Male,Computer,86,90,57,8.61,0,4.1,0,Not At Risk
S46569,Male,IT,71,72,72,8.93,0,6.7,0,Not At Risk
S46580,Female,Computer,67,90,58,8.43,1,7.7,0,Not At Risk
S46583,Male,Computer,88,83,89,6.53,0,6.8,0,Not At Risk
S46585,Female,IT,99,99,80,9.75,0,5.1,0,Not At Risk
S46586,Female,IT,50,38,39,5.19,2,1.7,1,At Risk
S46598,Male,AI,66,40,36,4.86,1,3.6,1,At Risk
S46607,Male,AI,76,67,95,8.85,1,5.0,0,Not At Risk
S46615,Female,AI,100,75,63,8.0,0,7.3,0,Not At Risk
S46617,Male,IT,52,47,35,5.29,1,2.5,1,At Risk
S46622,Male,IT,67,71,56,9.36,0,7.4,0,Not At Risk
S46626,Male,IT,90,62,58,7.95,0,5.5,0,Not At Risk
S46627,Male,IT,80,85,62,8.95,0,6.6,0,Not At Risk
S46639,Female,AI,66,42,62,6.43,2,3.3,1,At Risk
S46640,Male,Computer,56,45,65,6.43,2,3.4,1,At Risk
S46645,Female,IT,46,64,65,5.23,2,2.7,1,At Risk
S46649,Male,Computer,99,56,63,8.92,0,7.0,0,Not At Risk
S46651,Female,AI,72,64,70,9.17,0,3.7,0,Not At Risk
S46659,Female,IT,70,59,63,7.35,0,6.9,0,Not At Risk
S46662,Female,AI,84,95,79,7.38,1,8.0,0,Not At Risk
S46669,Female,AI,91,100,100,9.39,0,4.6,0,Not At Risk
S46670,Female,Computer,56,36,59,5.42,1,2.2,1,At Risk
S46672,Female,AI,84,74,70,8.54,0,7.3,0,Not At Risk
S46673,Female,IT,89,57,84,7.16,1,4.5,0,Not At Risk
S46681,Female,IT,86,100,64,7.56,0,6.0,0,Not At Risk
S46697,Female,AI,49,43,57,5.74,3,1.3,1,At Risk
S46698,Male,AI,54,49,63,4.88,3,1.3,1,At Risk
S46701,Male,AI,91,90,98,8.66,0,4.7,0,Not At Risk
S46705,Female,IT,89,66,77,9.29,0,4.1,0,Not At Risk
S46706,Male,AI,79,88,78,8.95,0,4.4,0,Not At Risk
S46708,Female,Computer,83,60,93,8.1,0,5.6,0,Not At Risk
S46709,Male,IT,92,86,95,9.32,0,5.5,0,Not At Risk
S46716,Male,IT,91,88,95,8.67,0,3.6,0,Not At Risk
S46719,Male,AI,94,63,77,7.58,1,6.0,0,Not At Risk
S46735,Female,IT,69,86,59,9.61,0,3.9,0,Not At Risk
S46740,Male,Computer,83,83,94,6.71,1,3.2,0,Not At Risk
S46749,Female,AI,100,96,61,7.84,1,7.1,0,Not At Risk
S46750,Male,AI,78,84,71,8.42,0,5.6,0,Not At Risk
S46751,Male,Computer,96,90,85,8.84,0,4.0,0,Not At Risk
S46752,Female,AI,51,46,63,5.2,3,3.4,1,At Risk
S46754,Male,AI,82,94,74,7.87,0,6.6,0,Not At Risk
S46756,Female,IT,79,66,61,7.19,1,5.4,0,Not At Risk
S46758,Female,AI,76,96,64,9.21,0,5.9,0,Not At Risk
S46760,Male,IT,84,99,65,8.34,0,4.6,0,Not At Risk
S46761,Male,AI,81,87,96,8.57,0,5.6,0,Not At Risk
S46762,Male,AI,81,83,88,9.7,0,3.7,0,Not At Risk
S46764,Male,AI,90,69,89,9.8,1,5.6,0,Not At Risk
S46766,Male,AI,54,39,63,5.73,2,2.9,1,At Risk
S46768,Female,IT,74,73,75,6.98,0,4.4,0,Not At Risk
S46774,Male,IT,87,78,65,7.01,0,5.6,0,Not At Risk
S46777,Female,AI,63,58,59,5.23,3,3.3,1,At Risk
S46778,Female,Computer,65,68,80,9.09,0,6.1,0,Not At Risk
S46779,Male,AI,76,90,76,9.97,0,6.4,0,Not At Risk
S46781,Male,AI,48,56,50,4.98,3,3.4,1,At Risk
S46786,Female,IT,97,76,66,7.97,0,7.8,0,Not At Risk
S46798,Male,AI,68,60,49,5.21,2,1.0,1,At Risk
S46800,Female,Computer,86,65,100,7.32,0,6.6,0,Not At Risk
S46803,Male,IT,87,96,65,7.21,0,3.7,0,Not At Risk
S46819,Female,IT,54,47,61,5.68,3,2.1,1,At Risk
S46821,Male,AI,68,49,40,6.46,2,2.1,1,At Risk
S46825,Male,IT,65,44,56,6.42,3,2.9,1,At Risk
S46826,Female,AI,91,82,93,9.07,0,6.3,0,Not At Risk
S46832,Male,IT,62,54,67,5.07,1,3.9,1,At Risk
S46837,Female,AI,92,60,61,9.35,0,4.9,0,Not At Risk
S46854,Female,Computer,81,63,92,7.4,0,5.2,0,Not At Risk
S46866,Female,AI,79,55,58,9.12,1,4.4,0,Not At Risk
S46869,Male,Computer,72,93,99,7.22,1,3.2,0,Not At Risk
S46871,Male,IT,82,65,92,7.24,0,5.9,0,Not At Risk
S46874,Male,Computer,81,87,70,7.54,0,6.2,0,Not At Risk
S46876,Female,AI,65,51,48,6.64,3,2.4,1,At Risk
S46885,Male,AI,95,69,98,7.03,1,4.0,0,Not At Risk
S46891,Male,Computer,99,91,72,7.57,1,5.1,0,Not At Risk
S46893,Male,IT,66,100,94,6.8,0,3.1,0,Not At Risk
S46894,Male,IT,92,80,100,8.87,0,7.5,0,Not At Risk
S46899,Female,IT,69,46,53,4.86,1,1.7,1,At Risk
S46913,Male,Computer,47,64,52,5.16,1,3.0,1,At Risk
S46914,Female,IT,99,100,65,7.66,0,6.6,0,Not At Risk
S46924,Male,Computer,49,64,37,6.03,2,2.8,1,At Risk
S46931,Female,Computer,100,75,86,9.63,0,5.4,0,Not At Risk
S46934,Male,AI,97,82,100,8.89,0,4.8,0,Not At Risk
S46938,Female,Computer,70,70,91,8.16,0,4.4,0,Not At Risk
S46939,Male,Computer,81,97,70,9.09,0,7.9,0,Not At Risk
S46940,Female,IT,67,54,63,5.99,3,3.6,1,At Risk
S46959,Male,IT,72,73,88,9.55,0,6.9,0,Not At Risk
S46961,Male,AI,85,76,94,8.09,0,3.2,0,Not At Risk
S46966,Male,Computer,71,71,93,8.82,0,6.9,0,Not At Risk
S46982,Male,Computer,88,91,56,8.17,0,3.0,0,Not At Risk
S46985,Male,AI,97,100,92,8.69,0,6.7,0,Not At Risk
S46988,Male,Computer,91,95,81,8.08,0,5.8,0,Not At Risk
S46993,Male,AI,80,76,72,8.37,0,4.9,0,Not At Risk
S46995,Male,AI,93,68,75,6.74,1,6.7,0,Not At Risk
S46996,Female,IT,51,43,48,4.87,3,3.5,1,At Risk
S47003,Male,AI,83,64,57,7.98,0,5.0,0,Not At Risk
S47009,Female,Computer,69,47,38,6.15,2,4.0,1,At Risk
S47023,Male,Computer,57,55,50,6.03,3,3.8,1,At Risk
S47025,Male,AI,72,70,76,7.9,1,3.6,0,Not At Risk
S47027,Male,IT,91,71,98,6.95,0,4.1,0,Not At Risk
S47031,Male,AI,70,69,59,8.98,0,5.6,0,Not At Risk
S47037,Male,AI,85,55,93,9.49,1,3.2,0,Not At Risk
S47040,Male,Computer,94,91,82,9.93,0,7.0,0,Not At Risk
S47043,Male,Computer,98,97,84,7.06,1,7.1,0,Not At Risk
S47044,Male,IT,97,75,69,8.68,0,3.2,0,Not At Risk
S47049,Male,AI,52,43,58,5.86,1,2.5,1,At Risk
S47061,Female,IT,61,60,56,6.34,2,2.1,1,At Risk
S47065,Male,Computer,98,72,63,7.94,1,7.0,0,Not At Risk
S47071,Female,IT,65,86,77,9.1,0,7.8,0,Not At Risk
S47077,Male,Computer,75,92,100,9.31,0,3.8,0,Not At Risk
S47079,Female,Computer,88,78,91,7.66,0,6.8,0,Not At Risk
S47084,Male,AI,73,73,74,8.0,0,8.0,0,Not At Risk
S47103,Male,Computer,73,70,100,9.71,1,4.8,0,Not At Risk
S47105,Male,IT,97,67,99,9.34,0,5.6,0,Not At Risk
S47121,Male,AI,94,97,71,7.97,0,6.3,0,Not At Risk
S47125,Female,IT,68,51,51,4.82,1,3.6,1,At Risk
S47126,Female,IT,77,81,73,7.69,0,7.8,0,Not At Risk
S47137,Male,Computer,84,57,84,9.1,1,7.1,0,Not At Risk
S47141,Male,AI,67,97,92,9.06,0,5.1,0,Not At Risk
S47156,Female,Computer,81,62,89,9.58,1,6.2,0,Not At Risk
S47160,Female,AI,99,59,92,9.64,0,3.7,0,Not At Risk
S47169,Male,IT,78,78,90,8.94,0,6.7,0,Not At Risk
S47174,Male,AI,84,96,86,9.56,0,7.3,0,Not At Risk
S47175,Female,Computer,89,81,86,9.77,1,3.6,0,Not At Risk
S47177,Male,Computer,89,80,99,7.36,0,7.5,0,Not At Risk
S47180,Male,Computer,66,66,62,7.12,0,5.5,0,Not At Risk
S47182,Female,Computer,77,90,83,9.67,0,5.3,0,Not At Risk
S47183,Male,Computer,53,64,40,5.29,2,1.8,1,At Risk
S47188,Male,IT,91,94,57,9.46,0,6.7,0,Not At Risk
S47204,Female,AI,76,92,68,7.41,0,6.1,0,Not At Risk
S47205,Female,IT,72,88,77,8.18,0,4.4,0,Not At Risk
S47210,Male,IT,90,79,60,7.4,0,7.7,0,Not At Risk
S47212,Female,Computer,86,90,90,9.72,0,3.4,0,Not At Risk
S47217,Male,AI,46,57,57,5.8,1,1.3,1,At Risk
S47218,Male,AI,61,54,57,4.86,3,2.8,1,At Risk
S47219,Male,Computer,89,67,61,9.57,0,6.1,0,Not At Risk
S47221,Male,IT,79,55,69,6.63,0,6.6,0,Not At Risk
S47223,Male,IT,99,83,76,9.31,0,3.8,0,Not At Risk
S47226,Female,AI,65,67,88,8.87,0,5.0,0,Not At Risk
S47230,Male,IT,72,82,76,8.8,0,6.1,0,Not At Risk
S47231,Male,IT,70,60,55,5.95,2,3.5,1,At Risk
S47250,Female,AI,81,94,58,7.33,0,3.4,0,Not At Risk
S47257,Male,IT,96,71,60,9.62,0,5.5,0,Not At Risk
S47261,Female,AI,96,65,72,8.26,1,7.8,0,Not At Risk
S47267,Female,AI,78,94,81,10.0,1,4.4,0,Not At Risk
S47270,Female,AI,87,69,96,7.68,0,5.2,0,Not At Risk
S47278,Male,IT,70,66,57,7.16,0,7.6,0,Not At Risk
S47285,Female,Computer,49,53,47,5.31,1,2.3,1,At Risk
S47291,Female,IT,49,62,64,6.2,3,3.7,1,At Risk
S47292,Female,IT,73,79,68,7.71,0,6.2,0,Not At Risk
S47301,Male,AI,86,67,58,9.78,1,7.2,0,Not At Risk
S47302,Male,IT,95,73,97,6.89,1,5.9,0,Not At Risk
S47303,Male,Computer,100,70,57,8.64,0,4.9,0,Not At Risk
S47304,Female,AI,72,65,56,9.69,1,3.4,0,Not At Risk
S47322,Female,Computer,71,73,91,8.58,0,5.6,0,Not At Risk
S47333,Male,IT,95,65,98,8.67,0,4.0,0,Not At Risk
S47337,Female,IT,89,83,79,7.92,0,7.9,0,Not At Risk
S47341,Female,IT,66,55,71,8.61,0,7.5,0,Not At Risk
S47346,Male,IT,45,57,56,6.65,3,2.5,1,At Risk
S47347,Male,Computer,69,46,63,5.3,1,2.2,1,At Risk
S47351,Female,AI,87,94,73,6.84,0,7.0,0,Not At Risk
S47352,Female,Computer,84,100,86,8.81,1,6.7,0,Not At Risk
S47358,Male,Computer,87,61,62,6.57,0,6.7,0,Not At Risk
S47363,Male,AI,81,99,94,7.06,1,7.1,0,Not At Risk
S47366,Female,IT,81,64,94,8.71,0,5.0,0,Not At Risk
S47370,Female,Computer,85,96,95,7.12,0,6.5,0,Not At Risk
S47371,Male,Computer,85,72,96,6.72,0,7.3,0,Not At Risk
S47381,Male,Computer,86,91,72,6.58,0,7.5,0,Not At Risk
S47389,Male,AI,68,64,37,6.27,2,3.8,1,At Risk
S47390,Male,IT,65,55,58,5.26,2,1.7,1,At Risk
S47393,Male,IT,96,64,71,7.88,1,3.7,0,Not At Risk
S47394,Male,Computer,87,88,73,9.63,0,5.3,0,Not At Risk
S47399,Female,Computer,68,91,67,7.38,0,3.1,0,Not At Risk
S47405,Male,AI,73,77,70,8.16,0,3.3,0,Not At Risk
S47413,Female,AI,45,64,65,6.69,2,3.3,1,At Risk
S47418,Male,IT,84,76,55,9.76,0,6.2,0,Not At Risk
S47420,Male,AI,89,61,67,7.73,0,3.9,0,Not At Risk
S47423,Female,Computer,47,55,54,6.31,2,1.6,1,At Risk
S47426,Male,AI,68,81,62,7.47,0,5.1,0,Not At Risk
S47427,Female,AI,87,88,84,7.61,1,4.7,0,Not At Risk
S47445,Female,Computer,100,63,62,7.48,1,4.2,0,Not At Risk
S47447,Female,AI,71,60,76,8.1,0,5.1,0,Not At Risk
S47453,Male,Computer,67,99,63,9.33,0,6.8,0,Not At Risk
S47465,Male,AI,96,71,99,7.02,0,6.4,0,Not At Risk
S47473,Male,Computer,72,67,59,9.3,0,7.2,0,Not At Risk
S47482,Male,AI,93,98,94,6.53,0,7.3,0,Not At Risk
S47484,Female,AI,86,64,96,7.54,0,4.7,0,Not At Risk
S47485,Female,AI,81,99,93,7.56,0,3.8,0,Not At Risk
S47501,Female,AI,92,72,89,7.37,1,3.8,0,Not At Risk
S47508,Female,Computer,88,55,56,9.41,0,6.0,0,Not At Risk
S47513,Female,Computer,78,59,60,9.89,1,7.4,0,Not At Risk
S47514,Male,AI,86,62,92,7.83,1,5.1,0,Not At Risk
S47517,Female,IT,65,57,59,6.9,0,5.0,0,Not At Risk
S47521,Female,AI,98,97,99,6.54,0,4.6,0,Not At Risk
S47536,Female,Computer,76,93,81,8.46,1,5.0,0,Not At Risk
S47541,Female,IT,75,68,69,7.05,0,6.9,0,Not At Risk
S47544,Male,Computer,94,64,93,8.7,0,3.5,0,Not At Risk
S47554,Female,Computer,89,87,88,8.29,0,3.1,0,Not At Risk
S47557,Male,IT,83,85,84,8.92,0,5.2,0,Not At Risk
S47560,Male,Computer,77,98,73,9.29,0,6.7,0,Not At Risk
S47570,Female,IT,52,64,57,5.39,2,1.5,1,At Risk
S47571,Female,Computer,66,45,59,5.54,2,3.6,1,At Risk
S47573,Female,Computer,65,62,63,8.48,0,3.9,0,Not At Risk
S47576,Female,Computer,70,92,78,6.64,0,7.3,0,Not At Risk
S47580,Female,AI,82,79,66,8.19,0,4.2,0,Not At Risk
S47583,Female,AI,99,60,100,9.41,1,7.8,0,Not At Risk
S47589,Male,AI,71,57,58,6.74,0,7.1,0,Not At Risk
S47591,Male,IT,94,58,87,8.73,0,6.4,0,Not At Risk
S47592,Male,IT,92,94,85,7.54,1,3.5,0,Not At Risk
S47600,Male,IT,45,57,60,6.61,3,3.8,1,At Risk
S47604,Female,IT,76,94,85,7.41,0,3.0,0,Not At Risk
S47606,Male,Computer,80,76,90,6.95,0,5.0,0,Not At Risk
S47608,Female,Computer,68,44,43,6.24,2,1.7,1,At Risk
S47611,Male,Computer,68,69,88,6.52,0,4.8,0,Not At Risk
S47615,Female,AI,80,67,92,7.84,1,6.5,0,Not At Risk
S47626,Female,AI,92,100,90,8.32,0,5.0,0,Not At Risk
S47628,Female,IT,65,71,58,7.3,1,7.9,0,Not At Risk
S47630,Female,Computer,83,72,78,8.87,1,7.7,0,Not At Risk
S47638,Female,IT,62,39,70,5.82,1,2.0,1,At Risk
S47640,Male,AI,98,67,91,9.76,0,5.6,0,Not At Risk
S47642,Male,AI,70,94,91,8.33,0,3.9,0,Not At Risk
S47644,Male,IT,87,70,76,8.46,0,3.5,0,Not At Risk
S47651,Female,Computer,94,87,60,6.61,0,5.8,0,Not At Risk
S47657,Female,Computer,60,63,69,5.38,3,2.7,1,At Risk
S47661,Male,Computer,85,68,89,8.14,0,4.6,0,Not At Risk
S47679,Female,IT,65,73,81,7.27,0,6.4,0,Not At Risk
S47689,Female,AI,46,55,57,6.2,3,1.6,1,At Risk
S47696,Male,IT,85,63,70,8.3,0,5.2,0,Not At Risk
S47705,Female,AI,66,62,90,9.19,0,7.5,0,Not At Risk
S47714,Female,Computer,57,39,39,6.1,3,1.4,1,At Risk
S47723,Male,IT,70,86,71,6.96,0,7.2,0,Not At Risk
S47725,Male,IT,56,49,44,6.26,3,2.0,1,At Risk
S47726,Female,AI,98,57,98,9.26,0,7.4,0,Not At Risk
S47727,Female,Computer,91,66,94,7.74,0,4.5,0,Not At Risk
S47730,Male,IT,95,59,100,8.52,0,3.4,0,Not At Risk
S47734,Female,Computer,93,71,96,9.23,1,4.6,0,Not At Risk
S47739,Female,AI,60,44,62,5.43,1,3.0,1,At Risk
S47741,Male,Computer,86,100,99,8.92,1,5.4,0,Not At Risk
S47751,Male,AI,70,79,83,8.95,0,7.1,0,Not At Risk
S47754,Female,IT,89,85,92,9.1,0,6.7,0,Not At Risk
S47755,Male,AI,47,56,48,5.37,3,3.4,1,At Risk
S47757,Female,IT,65,89,94,9.94,0,4.3,0,Not At Risk
S47762,Female,AI,93,55,85,9.88,0,7.3,0,Not At Risk
S47765,Male,IT,47,45,43,5.33,3,2.3,1,At Risk
S47766,Male,AI,74,74,65,8.31,0,6.1,0,Not At Risk
S47767,Female,IT,91,63,73,9.11,0,4.3,0,Not At Risk
S47773,Female,IT,79,65,83,6.65,1,7.0,0,Not At Risk
S47776,Female,Computer,60,49,43,5.65,1,1.0,1,At Risk
S47778,Male,Computer,68,96,80,6.75,1,4.9,0,Not At Risk
S47807,Male,AI,81,84,93,7.27,0,4.4,0,Not At Risk
S47810,Male,IT,62,54,55,5.39,2,1.5,1,At Risk
S47812,Male,IT,58,61,51,5.37,3,2.7,1,At Risk
S47814,Female,Computer,95,79,86,9.43,0,7.1,0,Not At Risk
S47815,Female,IT,69,62,87,9.84,0,3.5,0,Not At Risk
S47819,Female,AI,91,56,100,9.35,0,3.8,0,Not At Risk
S47820,Male,IT,76,93,94,6.85,0,6.1,0,Not At Risk
S47822,Male,AI,98,94,71,8.42,0,3.8,0,Not At Risk
S47823,Male,AI,77,82,63,8.03,0,6.4,0,Not At Risk
S47830,Male,Computer,86,59,92,7.3,0,3.7,0,Not At Risk
S47833,Male,AI,81,91,87,9.05,1,7.9,0,Not At Risk
S47835,Female,AI,93,58,71,7.91,0,7.8,0,Not At Risk
S47847,Female,IT,83,72,86,9.38,0,4.2,0,Not At Risk
S47856,Female,Computer,46,58,58,5.31,2,1.1,1,At Risk
S47861,Female,AI,95,71,77,8.43,0,5.7,0,Not At Risk
S47864,Male,IT,76,95,73,8.05,1,7.1,0,Not At Risk
S47867,Female,AI,89,83,79,8.93,0,3.5,0,Not At Risk
S47875,Male,Computer,52,65,53,5.34,2,1.9,1,At Risk
S47877,Female,IT,65,61,65,9.31,0,4.5,0,Not At Risk
S47878,Female,Computer,77,59,69,9.0,1,4.0,0,Not At Risk
S47882,Female,Computer,66,70,59,9.74,0,3.8,0,Not At Risk
S47883,Female,AI,67,63,61,7.48,0,5.2,0,Not At Risk
S47885,Male,Computer,67,69,96,7.99,1,5.9,0,Not At Risk
S47886,Male,IT,66,69,73,9.48,1,4.0,0,Not At Risk
S47894,Female,IT,68,63,91,9.03,0,5.7,0,Not At Risk
S47900,Male,AI,73,77,68,8.04,0,6.8,0,Not At Risk
S47901,Male,IT,69,83,89,6.56,1,5.2,0,Not At Risk
S47908,Male,IT,53,46,41,6.52,2,3.3,1,At Risk
S47924,Female,Computer,63,53,42,5.25,3,2.8,1,At Risk
S47925,Female,Computer,81,86,57,6.59,1,3.1,0,Not At Risk
S47932,Male,AI,48,65,42,6.17,3,1.6,1,At Risk
S47940,Male,AI,91,55,92,8.04,0,4.1,0,Not At Risk
S47952,Female,Computer,70,58,92,8.81,0,5.8,0,Not At Risk
S47956,Female,AI,75,89,67,7.04,0,6.7,0,Not At Risk
S47957,Female,Computer,74,73,84,7.91,0,6.9,0,Not At Risk
S47961,Male,IT,50,59,46,6.16,2,3.0,1,At Risk
S47985,Female,AI,69,79,66,8.87,0,3.2,0,Not At Risk
S47987,Female,IT,91,78,81,9.49,1,5.3,0,Not At Risk
S47990,Female,IT,58,45,65,5.3,2,3.8,1,At Risk
S47996,Male,AI,87,84,98,6.84,0,6.5,0,Not At Risk
S47999,Female,Computer,84,87,70,6.84,1,7.4,0,Not At Risk
S48004,Female,AI,74,65,69,7.8,0,7.9,0,Not At Risk
S48015,Female,AI,89,68,80,8.56,0,4.8,0,Not At Risk
S48017,Female,Computer,81,88,63,9.13,0,5.6,0,Not At Risk
S48025,Female,AI,62,59,48,6.29,1,2.3,1,At Risk
S48026,Female,Computer,99,92,79,6.96,1,3.6,0,Not At Risk
S48031,Male,Computer,85,89,65,9.38,0,7.1,0,Not At Risk
S48033,Male,AI,99,75,86,8.77,0,6.3,0,Not At Risk
S48034,Female,Computer,95,59,80,6.64,0,7.3,0,Not At Risk
S48040,Male,IT,77,57,99,6.86,0,7.7,0,Not At Risk
S48043,Female,AI,53,65,51,6.08,1,3.0,1,At Risk
S48048,Female,IT,54,58,40,5.41,3,3.5,1,At Risk
S48061,Female,AI,86,71,83,9.74,1,3.9,0,Not At Risk
S48063,Female,AI,79,94,96,7.08,1,4.0,0,Not At Risk
S48068,Male,AI,76,94,70,9.56,0,3.1,0,Not At Risk
S48072,Female,Computer,81,89,56,7.14,1,7.2,0,Not At Risk
S48076,Female,IT,73,77,84,7.1,0,7.1,0,Not At Risk
S48077,Female,Computer,81,96,89,6.52,0,3.7,0,Not At Risk
S48078,Male,Computer,83,81,86,6.98,0,5.2,0,Not At Risk
S48079,Male,IT,89,78,75,9.91,0,7.2,0,Not At Risk
S48084,Male,Computer,83,67,100,9.38,0,7.0,0,Not At Risk
S48087,Female,AI,94,92,91,7.56,1,4.9,0,Not At Risk
S48094,Female,IT,85,97,96,9.28,0,3.4,0,Not At Risk
S48107,Female,Computer,99,68,57,8.42,0,7.6,0,Not At Risk
S48109,Male,Computer,83,97,82,7.88,0,5.4,0,Not At Risk
S48110,Female,AI,73,82,94,6.63,0,7.7,0,Not At Risk
S48119,Female,AI,88,57,96,8.2,0,7.9,0,Not At Risk
S48121,Male,AI,70,91,78,7.67,0,4.7,0,Not At Risk
S48123,Male,Computer,67,76,84,8.4,0,6.0,0,Not At Risk
S48125,Male,IT,96,83,89,7.6,0,7.5,0,Not At Risk
S48129,Female,IT,47,40,68,5.14,1,3.0,1,At Risk
S48137,Female,AI,89,69,77,9.72,0,7.3,0,Not At Risk
S48140,Male,AI,74,95,78,7.89,1,4.1,0,Not At Risk
S48141,Female,Computer,91,95,75,6.89,0,7.4,0,Not At Risk
S48150,Male,Computer,81,76,95,8.03,0,7.0,0,Not At Risk
S48158,Female,AI,88,98,91,9.0,0,6.1,0,Not At Risk
S48165,Female,IT,89,90,56,6.6,0,7.2,0,Not At Risk
S48168,Female,AI,82,64,77,7.86,0,4.6,0,Not At Risk
S48169,Male,AI,79,87,87,7.38,0,7.7,0,Not At Risk
S48171,Male,Computer,80,87,68,7.21,0,4.1,0,Not At Risk
S48172,Male,Computer,72,83,64,7.85,0,3.8,0,Not At Risk
S48174,Female,IT,70,71,96,8.57,0,3.1,0,Not At Risk
S48180,Male,AI,82,79,72,7.64,0,4.3,0,Not At Risk
S48181,Female,Computer,70,60,95,6.88,0,6.5,0,Not At Risk
S48186,Male,AI,88,79,94,6.8,0,7.6,0,Not At Risk
S48189,Female,Computer,99,96,67,9.01,1,4.1,0,Not At Risk
S48192,Male,Computer,89,72,73,8.33,0,5.6,0,Not At Risk
S48197,Male,IT,63,41,46,6.45,2,2.7,1,At Risk
S48202,Male,AI,90,65,80,7.97,1,3.6,0,Not At Risk
S48206,Male,AI,71,70,87,9.21,0,7.4,0,Not At Risk
S48207,Male,AI,98,75,75,7.08,0,5.6,0,Not At Risk
S48209,Male,AI,79,73,96,7.33,1,4.2,0,Not At Risk
S48210,Female,AI,91,97,73,8.79,0,4.7,0,Not At Risk
S48214,Female,IT,70,80,96,8.26,0,6.5,0,Not At Risk
S48217,Male,AI,66,99,99,8.26,0,4.6,0,Not At Risk
S48225,Female,Computer,95,71,99,9.55,0,3.9,0,Not At Risk
S48232,Female,AI,68,72,81,9.39,0,6.7,0,Not At Risk
S48233,Male,AI,50,57,62,5.63,2,3.9,1,At Risk
S48235,Female,Computer,85,77,97,7.68,0,5.5,0,Not At Risk
S48238,Male,AI,71,70,66,9.28,0,6.3,0,Not At Risk
S48239,Male,AI,67,100,61,8.69,0,3.9,0,Not At Risk
S48240,Male,IT,55,61,58,6.62,1,1.4,1,At Risk
S48246,Male,AI,68,88,62,7.43,0,5.9,0,Not At Risk
S48254,Male,Computer,96,88,67,8.96,0,4.8,0,Not At Risk
S48255,Female,AI,93,95,69,7.2,1,5.6,0,Not At Risk
S48268,Male,Computer,100,61,78,9.94,0,3.2,0,Not At Risk
S48280,Female,IT,95,60,69,7.31,0,5.3,0,Not At Risk
S48284,Male,IT,91,84,80,6.84,0,7.7,0,Not At Risk
S48286,Male,Computer,92,97,98,6.86,1,4.8,0,Not At Risk
S48291,Female,AI,87,90,96,8.36,0,3.4,0,Not At Risk
S48294,Female,AI,61,41,46,5.81,1,2.0,1,At Risk
S48302,Female,AI,95,55,87,6.77,1,5.9,0,Not At Risk
S48303,Female,IT,93,80,77,6.88,0,4.8,0,Not At Risk
S48307,Male,AI,50,44,47,5.23,1,3.4,1,At Risk
S48313,Male,Computer,53,57,45,5.8,1,3.9,1,At Risk
S48328,Female,AI,95,74,55,8.01,0,7.6,0,Not At Risk
S48329,Male,AI,95,70,99,7.9,0,6.8,0,Not At Risk
S48333,Female,Computer,91,63,68,7.59,0,6.2,0,Not At Risk
S48334,Female,Computer,55,50,42,5.07,2,2.4,1,At Risk
S48340,Male,AI,81,69,70,8.75,1,3.8,0,Not At Risk
S48341,Female,IT,96,100,89,9.86,0,7.4,0,Not At Risk
S48342,Female,AI,72,95,74,7.99,0,5.9,0,Not At Risk
S48343,Female,AI,58,58,46,6.36,2,2.0,1,At Risk
S48344,Male,Computer,96,68,91,8.6,0,3.0,0,Not At Risk
S48347,Female,AI,77,93,71,7.85,1,3.3,0,Not At Risk
S48350,Female,AI,94,87,96,7.41,0,5.4,0,Not At Risk
S48351,Male,Computer,93,71,62,8.12,1,5.6,0,Not At Risk
S48352,Male,Computer,91,79,78,9.59,0,4.5,0,Not At Risk
S48359,Female,IT,82,60,68,8.36,0,4.0,0,Not At Risk
S48360,Male,Computer,91,71,93,9.4,1,5.1,0,Not At Risk
S48366,Female,IT,96,83,100,7.31,0,7.2,0,Not At Risk
S48382,Male,AI,82,77,65,7.36,0,5.4,0,Not At Risk
S48384,Female,IT,55,52,60,5.47,2,1.7,1,At Risk
S48386,Male,Computer,83,56,91,7.57,0,5.4,0,Not At Risk
S48395,Male,AI,94,92,96,6.6,0,6.2,0,Not At Risk
S48396,Female,Computer,73,86,65,9.83,0,6.8,0,Not At Risk
S48401,Male,IT,99,59,69,9.02,0,6.8,0,Not At Risk
S48406,Male,Computer,93,59,55,9.38,0,7.7,0,Not At Risk
S48407,Female,AI,90,71,98,8.12,0,5.5,0,Not At Risk
S48409,Male,IT,99,62,73,8.79,0,7.7,0,Not At Risk
S48413,Female,IT,88,73,62,7.21,0,5.1,0,Not At Risk
S48425,Male,Computer,76,83,75,7.64,0,5.4,0,Not At Risk
S48426,Male,Computer,88,98,99,7.56,1,3.7,0,Not At Risk
S48429,Female,IT,67,89,55,6.74,1,4.9,0,Not At Risk
S48430,Male,AI,78,66,92,9.72,0,4.1,0,Not At Risk
S48433,Male,Computer,91,69,73,8.64,0,6.1,0,Not At Risk
S48435,Male,IT,67,99,78,6.9,1,6.7,0,Not At Risk
S48451,Female,IT,55,58,56,5.86,3,2.3,1,At Risk
S48455,Female,IT,67,64,71,8.31,0,3.2,0,Not At Risk
S48461,Female,Computer,97,63,67,6.88,0,6.1,0,Not At Risk
S48462,Male,Computer,91,80,83,7.4,0,5.1,0,Not At Risk
S48472,Male,AI,68,92,92,8.69,0,4.2,0,Not At Risk
S48475,Female,Computer,74,55,57,8.48,0,4.4,0,Not At Risk
S48476,Male,Computer,88,91,62,7.92,0,6.2,0,Not At Risk
S48478,Male,AI,100,77,60,6.97,0,6.5,0,Not At Risk
S48479,Male,Computer,50,65,43,5.72,1,3.9,1,At Risk
S48480,Female,AI,95,64,69,6.65,0,6.8,0,Not At Risk
S48488,Male,AI,54,51,49,5.28,3,1.9,1,At Risk
S48490,Male,IT,82,99,87,8.91,0,5.5,0,Not At Risk
S48495,Female,Computer,65,80,86,10.0,0,3.8,0,Not At Risk
S48499,Female,AI,92,60,93,9.19,0,6.0,0,Not At Risk
S48511,Male,Computer,99,78,82,8.15,0,7.4,0,Not At Risk
S48519,Female,IT,54,63,39,5.98,3,3.1,1,At Risk
S48520,Male,IT,69,60,91,8.47,1,5.6,0,Not At Risk
S48524,Male,AI,86,82,74,8.92,0,5.7,0,Not At Risk
S48528,Female,AI,66,82,90,9.87,0,7.8,0,Not At Risk
S48546,Male,AI,66,94,74,7.58,0,3.2,0,Not At Risk
S48548,Female,IT,90,69,83,9.9,1,8.0,0,Not At Risk
S48552,Male,IT,49,59,53,5.43,1,1.5,1,At Risk
S48557,Male,Computer,59,59,66,5.42,1,4.0,1,At Risk
S48558,Female,Computer,87,55,57,6.8,0,7.4,0,Not At Risk
S48562,Female,IT,65,36,42,4.98,2,2.7,1,At Risk
S48563,Male,AI,93,79,99,7.66,1,6.4,0,Not At Risk
S48568,Male,IT,98,69,64,7.5,0,4.5,0,Not At Risk
S48569,Male,AI,66,89,78,8.95,0,6.8,0,Not At Risk
S48572,Female,IT,87,76,67,6.59,0,5.7,0,Not At Risk
S48584,Male,AI,83,55,64,9.4,1,6.5,0,Not At Risk
S48585,Male,IT,65,91,100,8.6,0,3.2,0,Not At Risk
S48586,Female,AI,70,81,69,7.87,0,7.0,0,Not At Risk
S48589,Male,IT,45,59,52,5.22,2,1.3,1,At Risk
S48590,Male,IT,90,79,69,7.87,0,5.7,0,Not At Risk
S48594,Female,Computer,54,59,55,5.97,3,2.8,1,At Risk
S48599,Male,AI,95,84,80,8.72,0,4.3,0,Not At Risk
S48600,Male,Computer,71,59,60,8.87,0,6.4,0,Not At Risk
S48605,Female,IT,62,58,55,4.97,2,2.3,1,At Risk
S48609,Female,Computer,55,45,42,5.58,3,3.7,1,At Risk
S48612,Male,Computer,80,90,65,7.47,0,3.3,0,Not At Risk
S48616,Female,Computer,85,79,62,9.48,0,4.4,0,Not At Risk
S48619,Female,AI,71,74,56,7.83,1,3.6,0,Not At Risk
S48620,Female,IT,79,76,74,7.42,0,6.4,0,Not At Risk
S48623,Male,Computer,55,50,37,5.46,1,2.1,1,At Risk
S48624,Male,IT,82,78,89,9.89,0,4.7,0,Not At Risk
S48625,Male,Computer,98,89,69,8.22,0,7.8,0,Not At Risk
S48631,Female,AI,79,100,91,8.66,0,6.6,0,Not At Risk
S48636,Male,AI,73,62,98,9.96,1,6.0,0,Not At Risk
S48641,Female,Computer,84,97,87,8.09,1,5.3,0,Not At Risk
S48642,Male,AI,93,57,69,7.87,1,6.8,0,Not At Risk
S48643,Female,Computer,68,56,46,5.81,3,1.1,1,At Risk
S48646,Female,IT,68,79,61,6.84,0,7.3,0,Not At Risk
S48656,Female,Computer,96,61,56,8.64,0,5.7,0,Not At Risk
S48668,Male,Computer,69,83,97,7.59,0,3.4,0,Not At Risk
S48669,Female,IT,60,55,55,5.5,2,3.2,1,At Risk
S48673,Male,AI,49,54,59,5.77,3,1.9,1,At Risk
S48676,Female,AI,84,100,71,8.77,0,3.5,0,Not At Risk
S48681,Male,Computer,96,67,95,9.17,0,5.3,0,Not At Risk
S48687,Female,Computer,45,57,40,4.95,3,1.8,1,At Risk
S48691,Female,AI,58,39,53,5.7,2,3.3,1,At Risk
S48699,Male,AI,84,67,67,8.05,0,4.4,0,Not At Risk
S48705,Female,Computer,84,59,68,9.82,0,5.0,0,Not At Risk
S48706,Female,AI,96,85,92,8.98,0,5.2,0,Not At Risk
S48707,Female,AI,81,100,63,7.02,0,5.2,0,Not At Risk
S48713,Male,Computer,81,78,75,6.52,0,6.1,0,Not At Risk
S48722,Female,IT,74,81,89,8.2,0,7.7,0,Not At Risk
S48730,Female,Computer,75,99,80,8.34,0,4.5,0,Not At Risk
S48752,Female,IT,94,71,56,9.48,0,5.5,0,Not At Risk
S48754,Female,IT,76,68,92,7.54,0,6.4,0,Not At Risk
S48765,Female,Computer,100,99,58,7.78,0,7.7,0,Not At Risk
S48766,Male,AI,84,65,61,9.29,0,4.9,0,Not At Risk
S48767,Male,AI,87,91,74,8.35,0,3.4,0,Not At Risk
S48771,Female,AI,80,63,57,7.33,0,4.5,0,Not At Risk
S48774,Female,AI,90,80,83,6.8,0,3.4,0,Not At Risk
S48783,Female,Computer,99,56,80,9.68,0,4.2,0,Not At Risk
S48796,Male,IT,74,86,87,8.91,0,4.7,0,Not At Risk
S48801,Female,AI,97,97,84,8.53,0,7.7,0,Not At Risk
S48822,Male,Computer,47,64,68,5.63,3,1.8,1,At Risk
S48826,Female,Computer,80,80,61,7.08,1,6.8,0,Not At Risk
S48827,Female,IT,81,89,100,6.96,0,6.5,0,Not At Risk
S48831,Male,IT,89,81,71,7.92,0,3.6,0,Not At Risk
S48838,Male,AI,100,57,73,9.99,0,5.9,0,Not At Risk
S48840,Male,IT,87,84,55,8.53,0,7.0,0,Not At Risk
S48842,Male,AI,50,47,54,6.46,1,4.0,1,At Risk
S48843,Male,Computer,94,77,83,9.21,0,3.0,0,Not At Risk
S48844,Female,AI,76,72,96,9.44,0,5.4,0,Not At Risk
S48849,Female,AI,73,75,74,7.79,0,8.0,0,Not At Risk
S48856,Male,Computer,100,75,68,6.75,0,4.1,0,Not At Risk
S48857,Female,Computer,98,76,80,7.15,0,3.1,0,Not At Risk
S48859,Male,AI,88,91,73,9.8,1,4.2,0,Not At Risk
S48867,Female,IT,92,87,66,7.87,0,7.4,0,Not At Risk
S48872,Male,Computer,97,96,90,8.2,0,8.0,0,Not At Risk
S48876,Male,AI,82,60,71,7.33,0,6.9,0,Not At Risk
S48877,Male,Computer,72,59,57,6.67,1,7.4,0,Not At Risk
S48884,Female,IT,96,66,82,9.46,0,6.9,0,Not At Risk
S48886,Male,Computer,89,66,78,7.75,0,4.2,0,Not At Risk
S48888,Male,Computer,61,61,45,6.74,1,3.4,1,At Risk
S48893,Female,Computer,75,89,91,9.5,1,4.9,0,Not At Risk
S48894,Male,Computer,79,94,100,8.33,1,7.8,0,Not At Risk
S48896,Male,AI,66,90,86,9.66,0,6.3,0,Not At Risk
S48900,Female,Computer,79,78,73,7.07,1,6.3,0,Not At Risk
S48901,Female,IT,76,68,100,9.38,0,7.9,0,Not At Risk
S48906,Male,IT,95,76,55,8.68,0,6.5,0,Not At Risk
S48908,Female,AI,96,62,66,9.94,1,6.6,0,Not At Risk
S48909,Male,IT,50,35,37,4.92,3,3.4,1,At Risk
S48913,Female,Computer,74,84,87,7.73,0,4.2,0,Not At Risk
S48915,Male,Computer,46,53,46,6.22,2,3.8,1,At Risk
S48917,Male,Computer,99,81,77,9.78,0,5.4,0,Not At Risk
S48920,Male,Computer,60,63,51,5.9,2,1.1,1,At Risk
S48922,Female,AI,56,47,59,6.61,3,1.6,1,At Risk
S48923,Male,Computer,69,97,84,7.62,0,3.3,0,Not At Risk
S48941,Female,Computer,92,83,68,7.07,0,3.3,0,Not At Risk
S48947,Male,AI,80,89,77,8.82,0,3.2,0,Not At Risk
S48948,Female,IT,81,69,96,7.8,1,6.1,0,Not At Risk
S48951,Female,IT,80,76,77,8.88,0,7.8,0,Not At Risk
S48956,Male,Computer,45,64,39,5.54,2,2.0,1,At Risk
S48961,Female,Computer,54,53,40,5.22,2,2.6,1,At Risk
S48962,Male,AI,68,57,41,6.59,1,3.3,1,At Risk
S48975,Female,Computer,70,57,96,7.03,0,6.4,0,Not At Risk
S48978,Female,AI,75,90,79,8.11,0,5.4,0,Not At Risk
S48986,Female,AI,89,81,95,9.99,0,4.4,0,Not At Risk
S48989,Male,Computer,77,56,60,9.48,0,3.1,0,Not At Risk
S48995,Female,AI,89,60,84,9.4,0,3.1,0,Not At Risk
S48999,Female,IT,87,58,77,6.52,0,3.3,0,Not At Risk
S49002,Male,IT,66,47,52,6.3,3,4.0,1,At Risk
S49008,Male,AI,93,62,75,8.09,0,5.7,0,Not At Risk
S49009,Female,IT,93,99,89,6.96,0,3.8,0,Not At Risk
S49021,Female,IT,73,89,83,7.27,0,6.5,0,Not At Risk
S49022,Male,IT,88,93,100,9.53,0,7.0,0,Not At Risk
S49029,Female,AI,91,68,89,9.75,0,7.3,0,Not At Risk
S49031,Female,IT,66,61,98,7.94,0,3.9,0,Not At Risk
S49032,Male,AI,74,68,92,9.83,0,7.7,0,Not At Risk
S49035,Male,Computer,66,92,61,6.72,0,6.8,0,Not At Risk
S49040,Female,IT,69,62,62,5.08,3,2.9,1,At Risk
S49041,Male,Computer,65,64,63,7.34,1,4.6,0,Not At Risk
S49042,Male,AI,59,49,65,6.3,3,1.3,1,At Risk
S49043,Male,AI,89,93,61,9.79,1,4.0,0,Not At Risk
S49051,Female,Computer,81,93,91,8.6,0,6.7,0,Not At Risk
S49052,Female,AI,66,74,84,7.94,0,5.8,0,Not At Risk
S49054,Female,IT,74,96,89,7.88,0,3.8,0,Not At Risk
S49056,Male,IT,86,66,88,9.57,0,6.0,0,Not At Risk
S49057,Female,AI,78,88,73,6.71,0,7.4,0,Not At Risk
S49061,Male,Computer,86,81,61,8.24,0,4.4,0,Not At Risk
S49065,Male,Computer,74,58,92,6.53,0,6.1,0,Not At Risk
S49067,Female,Computer,90,69,100,7.9,0,6.7,0,Not At Risk
S49070,Female,AI,79,59,92,7.46,0,4.6,0,Not At Risk
S49072,Female,AI,85,88,77,7.2,0,3.8,0,Not At Risk
S49081,Female,IT,50,47,56,6.35,1,1.3,1,At Risk
S49089,Male,IT,100,55,84,9.47,1,7.7,0,Not At Risk
S49092,Female,AI,93,63,76,6.6,0,7.7,0,Not At Risk
S49096,Male,Computer,65,84,93,8.17,1,6.5,0,Not At Risk
S49097,Male,IT,74,61,70,8.83,0,4.5,0,Not At Risk
S49105,Female,AI,100,77,90,8.93,0,5.9,0,Not At Risk
S49115,Male,IT,98,99,57,8.78,0,3.6,0,Not At Risk
S49121,Female,Computer,84,87,84,6.83,1,6.4,0,Not At Risk
S49123,Male,Computer,78,58,71,9.29,1,4.6,0,Not At Risk
S49126,Female,Computer,52,58,37,6.18,3,3.1,1,At Risk
S49149,Male,IT,95,100,90,6.84,0,5.4,0,Not At Risk
S49169,Male,AI,76,59,55,6.87,0,5.1,0,Not At Risk
S49173,Female,Computer,66,49,42,5.42,1,2.4,1,At Risk
S49177,Female,AI,83,63,91,7.17,1,3.0,0,Not At Risk
S49185,Female,IT,65,99,80,6.95,0,7.6,0,Not At Risk
S49187,Male,Computer,78,82,93,7.49,1,4.8,0,Not At Risk
S49188,Male,AI,75,73,63,9.12,0,4.9,0,Not At Risk
S49191,Female,AI,99,91,89,8.46,0,4.2,0,Not At Risk
S49196,Male,AI,76,70,62,6.77,0,3.7,0,Not At Risk
S49199,Male,Computer,77,69,58,7.91,0,3.1,0,Not At Risk
S49203,Female,AI,98,97,89,6.52,0,6.8,0,Not At Risk
S49205,Female,Computer,53,55,47,6.23,1,1.2,1,At Risk
S49212,Female,Computer,93,67,59,9.67,1,5.0,0,Not At Risk
S49225,Female,Computer,60,44,53,6.32,3,3.4,1,At Risk
S49226,Female,Computer,91,85,89,9.76,0,4.5,0,Not At Risk
S49229,Male,IT,50,44,63,5.87,3,2.8,1,At Risk
S49230,Female,Computer,84,56,76,6.82,1,4.5,0,Not At Risk
S49231,Male,AI,76,69,87,7.3,0,4.6,0,Not At Risk
S49236,Male,IT,70,85,96,9.38,1,4.9,0,Not At Risk
S49237,Female,Computer,78,73,75,8.33,1,5.6,0,Not At Risk
S49243,Female,AI,66,80,70,6.94,0,7.0,0,Not At Risk
S49245,Male,IT,93,79,98,8.63,1,6.9,0,Not At Risk
S49248,Female,IT,67,35,51,6.47,2,2.8,1,At Risk
S49254,Female,IT,82,87,62,7.93,0,5.1,0,Not At Risk
S49256,Female,AI,81,72,60,8.39,0,5.2,0,Not At Risk
S49260,Male,AI,70,93,66,7.93,0,7.3,0,Not At Risk
S49267,Male,AI,100,88,59,9.49,0,7.6,0,Not At Risk
S49272,Female,Computer,79,93,70,7.58,0,6.1,0,Not At Risk
S49276,Female,AI,71,83,77,9.36,1,5.8,0,Not At Risk
S49281,Female,AI,92,68,60,6.85,1,3.2,0,Not At Risk
S49282,Male,Computer,98,90,84,8.44,0,6.1,0,Not At Risk
S49286,Male,IT,48,65,57,5.22,1,2.2,1,At Risk
S49301,Female,Computer,56,47,61,5.1,2,1.2,1,At Risk
S49302,Female,Computer,56,36,62,5.54,1,1.9,1,At Risk
S49303,Female,IT,88,85,87,9.01,0,5.8,0,Not At Risk
S49308,Male,Computer,89,64,90,8.62,0,6.0,0,Not At Risk
S49319,Male,IT,68,66,97,6.72,0,6.8,0,Not At Risk
S49322,Male,IT,78,58,63,9.88,1,4.8,0,Not At Risk
S49328,Female,Computer,88,89,100,8.5,1,4.8,0,Not At Risk
S49332,Male,IT,65,69,94,7.42,0,3.9,0,Not At Risk
S49334,Male,Computer,83,57,87,8.66,0,4.0,0,Not At Risk
S49339,Male,Computer,66,52,42,5.88,3,1.1,1,At Risk
S49345,Female,Computer,86,72,64,9.33,0,6.5,0,Not At Risk
S49349,Female,AI,70,70,74,6.76,0,7.5,0,Not At Risk
S49350,Male,IT,99,82,93,9.34,0,6.1,0,Not At Risk
S49352,Male,IT,77,60,90,7.11,0,4.6,0,Not At Risk
S49363,Male,IT,100,85,94,6.62,0,4.9,0,Not At Risk
S49369,Female,AI,64,62,46,6.14,2,3.0,1,At Risk
S49376,Female,AI,67,48,65,6.47,1,3.5,1,At Risk
S49382,Male,IT,69,74,57,9.02,1,7.5,0,Not At Risk
S49392,Male,IT,85,71,94,9.83,0,7.7,0,Not At Risk
S49398,Female,IT,68,97,72,9.43,1,4.9,0,Not At Risk
S49404,Male,IT,83,76,73,9.21,0,3.7,0,Not At Risk
S49409,Male,Computer,88,96,58,8.92,1,5.6,0,Not At Risk
S49415,Female,IT,98,91,87,8.87,1,3.4,0,Not At Risk
S49416,Male,Computer,70,80,71,8.7,1,4.1,0,Not At Risk
S49418,Male,IT,69,64,82,7.76,0,3.1,0,Not At Risk
S49426,Male,AI,84,97,81,9.66,1,7.2,0,Not At Risk
S49430,Male,IT,96,98,61,9.68,0,4.8,0,Not At Risk
S49434,Female,IT,88,90,62,6.74,1,4.3,0,Not At Risk
S49440,Male,AI,49,64,41,5.02,3,2.9,1,At Risk
S49448,Female,IT,80,73,73,6.79,0,6.3,0,Not At Risk
S49451,Male,AI,69,62,66,5.03,2,2.8,1,At Risk
S49458,Female,Computer,61,45,62,6.38,1,2.3,1,At Risk
S49463,Male,Computer,70,81,55,9.73,1,3.7,0,Not At Risk
S49466,Female,Computer,68,90,60,7.63,0,5.6,0,Not At Risk
S49470,Female,Computer,81,80,99,9.29,0,4.7,0,Not At Risk
S49475,Male,IT,65,74,75,7.44,1,6.5,0,Not At Risk
S49478,Female,IT,94,76,68,9.79,0,6.3,0,Not At Risk
S49479,Female,Computer,76,64,93,7.33,1,5.2,0,Not At Risk
S49480,Male,Computer,94,56,68,6.97,0,6.3,0,Not At Risk
S49482,Female,Computer,82,63,65,9.05,1,7.5,0,Not At Risk
S49488,Female,AI,47,45,64,5.81,2,3.9,1,At Risk
S49493,Male,Computer,81,63,85,7.52,0,4.0,0,Not At Risk
S49496,Male,AI,81,92,73,8.3,0,5.6,0,Not At Risk
S49497,Female,IT,45,36,49,6.15,2,2.1,1,At Risk
S49500,Female,IT,45,58,65,6.72,3,3.8,1,At Risk
S49503,Female,AI,87,83,61,6.76,0,7.2,0,Not At Risk
S49506,Female,IT,78,79,70,8.76,0,4.0,0,Not At Risk
S49507,Male,AI,63,55,44,6.64,2,3.3,1,At Risk
S49509,Male,AI,69,87,89,6.56,0,7.9,0,Not At Risk
S49510,Female,Computer,73,74,79,7.93,0,3.8,0,Not At Risk
S49513,Female,AI,68,84,83,9.77,0,7.5,0,Not At Risk
S49518,Female,Computer,88,72,74,8.23,1,4.2,0,Not At Risk
S49521,Male,IT,79,66,58,8.68,0,7.4,0,Not At Risk
S49525,Female,Computer,83,94,63,8.66,0,3.9,0,Not At Risk
S49535,Male,Computer,100,73,62,6.79,0,5.4,0,Not At Risk
S49539,Female,AI,83,76,91,7.64,1,3.3,0,Not At Risk
S49552,Male,IT,95,62,83,6.95,0,6.4,0,Not At Risk
S49556,Male,IT,97,75,99,6.77,1,3.1,0,Not At Risk
S49558,Female,IT,65,91,83,9.12,0,3.4,0,Not At Risk
S49574,Male,AI,98,74,63,7.46,0,5.1,0,Not At Risk
S49582,Female,AI,64,37,50,5.53,1,3.6,1,At Risk
S49590,Female,AI,99,65,73,8.12,1,3.7,0,Not At Risk
S49603,Female,Computer,97,82,75,9.1,0,5.6,0,Not At Risk
S49604,Female,IT,85,93,64,7.26,1,6.0,0,Not At Risk
S49613,Male,Computer,67,64,61,9.19,0,6.3,0,Not At Risk
S49616,Female,IT,81,80,74,7.03,0,3.2,0,Not At Risk
S49619,Male,Computer,66,44,50,5.53,2,1.4,1,At Risk
S49632,Female,Computer,73,71,59,9.26,0,8.0,0,Not At Risk
S49634,Female,AI,74,89,100,9.51,0,6.3,0,Not At Risk
S49635,Female,AI,77,56,55,9.32,0,5.4,0,Not At Risk
S49646,Male,Computer,100,86,72,9.16,0,3.9,0,Not At Risk
S49647,Female,Computer,70,86,95,8.79,0,4.5,0,Not At Risk
S49653,Male,Computer,73,72,96,8.52,0,3.6,0,Not At Risk
S49657,Male,Computer,64,35,41,6.63,3,1.7,1,At Risk
S49659,Female,IT,98,73,67,9.14,1,3.1,0,Not At Risk
S49661,Female,Computer,72,77,77,7.18,1,6.6,0,Not At Risk
S49675,Female,IT,82,85,77,8.99,0,3.5,0,Not At Risk
S49684,Male,IT,81,94,79,8.96,0,3.7,0,Not At Risk
S49685,Female,IT,59,39,65,6.04,2,2.4,1,At Risk
S49686,Male,Computer,65,83,57,6.51,1,5.3,0,Not At Risk
S49696,Male,Computer,99,86,81,8.9,0,4.5,0,Not At Risk
S49703,Female,AI,95,87,79,7.35,0,4.3,0,Not At Risk
S49704,Female,AI,66,46,39,5.14,2,2.9,1,At Risk
S49707,Female,AI,77,57,61,9.76,0,7.9,0,Not At Risk
S49717,Female,IT,93,100,84,7.49,0,4.0,0,Not At Risk
S49727,Male,Computer,78,98,55,7.64,1,7.0,0,Not At Risk
S49732,Male,IT,76,92,88,8.82,1,4.8,0,Not At Risk
S49733,Female,Computer,75,62,85,9.24,0,5.2,0,Not At Risk
S49750,Female,AI,70,56,78,6.65,1,6.8,0,Not At Risk
S49763,Male,AI,70,75,58,8.52,0,6.5,0,Not At Risk
S49766,Male,AI,87,60,86,9.76,0,5.5,0,Not At Risk
S49782,Female,IT,74,78,81,8.4,0,6.3,0,Not At Risk
S49789,Male,Computer,94,64,57,8.51,0,3.6,0,Not At Risk
S49790,Male,AI,97,77,89,8.38,0,7.7,0,Not At Risk
S49795,Female,IT,68,88,97,7.52,1,4.6,0,Not At Risk
S49796,Female,Computer,70,44,51,5.56,2,1.8,1,At Risk
S49797,Male,Computer,85,75,77,7.93,0,7.9,0,Not At Risk
S49798,Male,Computer,53,44,45,5.7,1,2.0,1,At Risk
S49805,Female,AI,48,56,38,5.65,2,2.8,1,At Risk
S49812,Male,IT,93,85,64,9.66,0,3.3,0,Not At Risk
S49818,Male,Computer,97,99,95,8.46,0,4.6,0,Not At Risk
S49822,Male,AI,95,80,90,9.7,1,4.2,0,Not At Risk
S49824,Male,AI,87,94,67,8.41,1,3.1,0,Not At Risk
S49826,Male,IT,83,59,96,9.94,0,4.6,0,Not At Risk
S49828,Female,Computer,71,60,62,9.21,0,7.3,0,Not At Risk
S49842,Male,IT,75,89,87,8.77,0,4.2,0,Not At Risk
S49845,Male,IT,88,86,87,7.11,0,4.1,0,Not At Risk
S49846,Female,Computer,78,77,77,8.67,0,6.0,0,Not At Risk
S49856,Male,Computer,73,98,97,6.6,0,3.7,0,Not At Risk
S49858,Male,AI,85,74,83,9.26,1,7.3,0,Not At Risk
S49861,Male,Computer,58,49,50,6.55,1,1.0,1,At Risk
S49862,Female,Computer,82,100,83,6.58,0,3.1,0,Not At Risk
S49868,Female,Computer,72,90,80,7.99,1,7.1,0,Not At Risk
S49870,Male,IT,66,83,63,6.78,0,6.1,0,Not At Risk
S49872,Female,AI,85,99,81,8.3,0,6.0,0,Not At Risk
S49880,Male,IT,68,67,59,6.75,0,7.8,0,Not At Risk
S49884,Male,Computer,70,83,55,7.05,1,3.3,0,Not At Risk
S49889,Male,IT,97,91,57,8.46,0,6.4,0,Not At Risk
S49898,Female,Computer,99,95,83,8.21,0,3.9,0,Not At Risk
S49899,Male,AI,66,43,56,5.2,2,2.9,1,At Risk
S49901,Male,IT,71,69,89,7.46,0,6.5,0,Not At Risk
S49903,Female,AI,91,69,70,8.49,1,5.5,0,Not At Risk
S49913,Male,Computer,78,91,57,8.34,0,6.9,0,Not At Risk
S49924,Male,Computer,55,40,45,5.54,2,2.1,1,At Risk
S49929,Female,AI,66,59,63,8.92,0,5.9,0,Not At Risk
S49930,Male,IT,78,81,74,7.9,1,4.5,0,Not At Risk
S49939,Male,Computer,72,83,91,8.61,1,5.6,0,Not At Risk
S49948,Male,Computer,75,92,99,8.12,1,3.2,0,Not At Risk
S49949,Female,Computer,96,62,67,7.35,1,4.1,0,Not At Risk
S49950,Female,Computer,94,80,55,7.04,0,7.2,0,Not At Risk
S49954,Female,IT,87,66,89,9.28,0,4.1,0,Not At Risk
S49967,Male,AI,65,81,96,6.83,1,7.1,0,Not At Risk
S49974,Male,AI,68,93,73,9.13,0,4.7,0,Not At Risk
S49975,Male,IT,65,98,56,9.09,0,4.3,0,Not At Risk
S49978,Male,AI,86,76,96,8.9,0,7.3,0,Not At Risk
S49979,Female,Computer,94,74,69,7.59,1,4.5,0,Not At Risk
S49980,Female,Computer,86,82,71,6.53,0,5.5,0,Not At Risk
S49982,Male,AI,91,89,91,8.36,1,3.7,0,Not At Risk
S49990,Female,Computer,78,55,90,6.55,0,5.5,0,Not At Risk
S49991,Female,Computer,56,63,63,5.56,3,1.0,1,At Risk
S49993,Male,Computer,66,56,64,8.7,1,7.2,0,Not At Risk
S49998,Male,Computer,71,96,57,9.96,0,5.3,0,Not At Risk
S49999,Female,Computer,85,60,84,7.63,1,6.0,0,Not At Risk
